timestamp,open,high,low,close,volume
2026-06-12 11:46:00-04:00,150.0,152.0,150.0,151.52999877929688,0
2026-06-12 11:47:00-04:00,151.73500061035156,154.0,150.0,152.75,8604534
2026-06-12 11:48:00-04:00,152.8699951171875,159.5,150.0,159.30999755859375,8125688
2026-06-12 11:49:00-04:00,159.30999755859375,162.0,157.0,161.99000549316406,9973152
2026-06-12 11:50:00-04:00,162.0,163.0,155.83999633789062,156.69000244140625,9482756
2026-06-12 11:51:00-04:00,156.69000244140625,160.0,155.82000732421875,158.47850036621094,6738329
2026-06-12 11:52:00-04:00,158.47999572753906,162.0,156.6999969482422,161.25,7414477
2026-06-12 11:53:00-04:00,161.00999450683594,164.0,158.0,163.8000030517578,6368545
2026-06-12 11:54:00-04:00,164.0,168.55999755859375,159.0,168.55999755859375,7865689
2026-06-12 11:55:00-04:00,168.125,168.75,163.0,167.5800018310547,7142827
2026-06-12 11:56:00-04:00,167.47999572753906,168.49989318847656,164.67999267578125,166.43499755859375,5008164
2026-06-12 11:57:00-04:00,166.52000427246094,167.0,163.32000732421875,164.0,5487542
2026-06-12 11:58:00-04:00,164.2100067138672,164.5,160.0500030517578,164.27000427246094,3725431
2026-06-12 11:59:00-04:00,164.3000030517578,165.0,160.77999877929688,161.30999755859375,4067108
2026-06-12 12:00:00-04:00,161.35000610351562,164.0,160.89999389648438,162.8300018310547,3118973
2026-06-12 12:01:00-04:00,162.97000122070312,164.0,160.3000030517578,160.49000549316406,3680889
2026-06-12 12:02:00-04:00,160.41270446777344,161.02000427246094,158.1999969482422,160.8699951171875,6070376
2026-06-12 12:03:00-04:00,160.86000061035156,161.02000427246094,156.02000427246094,156.25999450683594,4470814
2026-06-12 12:04:00-04:00,156.32000732421875,158.5,155.4199981689453,158.44000244140625,4450155
2026-06-12 12:05:00-04:00,158.4149932861328,160.0,157.5,159.64259338378906,3401768
2026-06-12 12:06:00-04:00,159.68910217285156,160.0,158.14999389648438,159.8000946044922,3122375
2026-06-12 12:07:00-04:00,159.89500427246094,162.5,159.8000946044922,160.80999755859375,3584070
2026-06-12 12:08:00-04:00,160.7100067138672,164.0,160.47999572753906,163.80999755859375,3441987
2026-06-12 12:09:00-04:00,163.86000061035156,163.97999572753906,162.08999633789062,163.24000549316406,2640970
2026-06-12 12:10:00-04:00,163.24000549316406,163.2899932861328,161.22000122070312,161.85000610351562,2526829
2026-06-12 12:11:00-04:00,161.8054962158203,164.75,161.25,164.72999572753906,2942416
2026-06-12 12:12:00-04:00,164.72999572753906,165.16000366210938,163.50999450683594,163.97999572753906,4327746
2026-06-12 12:13:00-04:00,163.95289611816406,165.4499969482422,163.95289611816406,164.67999267578125,3258246
2026-06-12 12:14:00-04:00,164.7100067138672,164.75,161.88999938964844,164.4199981689453,2542286
2026-06-12 12:15:00-04:00,164.36000061035156,165.25,163.85000610351562,164.4499969482422,3431665
2026-06-12 12:16:00-04:00,164.41000366210938,166.0,163.64999389648438,166.0,3102938
2026-06-12 12:17:00-04:00,165.99899291992188,167.0,165.32000732421875,166.51499938964844,3061552
2026-06-12 12:18:00-04:00,166.53379821777344,167.0,164.5800018310547,165.25999450683594,2540682
2026-06-12 12:19:00-04:00,165.23080444335938,165.99000549316406,164.7100067138672,165.47000122070312,1919016
2026-06-12 12:20:00-04:00,165.47000122070312,167.0,165.32000732421875,166.83999633789062,1925383
2026-06-12 12:21:00-04:00,166.9600067138672,167.77000427246094,165.8000030517578,165.8000030517578,2859776
2026-06-12 12:22:00-04:00,165.8618927001953,166.1300048828125,161.10000610351562,161.27499389648438,3539684
2026-06-12 12:23:00-04:00,161.39999389648438,164.60000610351562,161.11000061035156,164.5,1823949
2026-06-12 12:24:00-04:00,164.5500030517578,165.35000610351562,164.1300048828125,164.82000732421875,1717690
2026-06-12 12:25:00-04:00,164.9499969482422,165.64999389648438,164.5,164.83999633789062,1944440
2026-06-12 12:26:00-04:00,164.84039306640625,165.75,163.60000610351562,164.82000732421875,1966259
2026-06-12 12:27:00-04:00,164.8800048828125,165.24000549316406,163.3300018310547,164.85000610351562,1739187
2026-06-12 12:28:00-04:00,164.99000549316406,166.13999938964844,164.64999389648438,165.2550048828125,1961528
2026-06-12 12:29:00-04:00,165.25,165.3455047607422,164.30999755859375,164.968994140625,1418377
2026-06-12 12:30:00-04:00,164.9600067138672,165.07000732421875,164.5500030517578,164.87049865722656,1804926
2026-06-12 12:31:00-04:00,164.8740997314453,165.4499969482422,163.6999969482422,164.33999633789062,1920813
2026-06-12 12:32:00-04:00,164.36000061035156,165.0,164.00999450683594,164.69000244140625,1294288
2026-06-12 12:33:00-04:00,164.72999572753906,165.47999572753906,164.58999633789062,165.02999877929688,1689807
2026-06-12 12:34:00-04:00,165.0449981689453,165.11000061035156,164.5399932861328,164.85589599609375,1457362
2026-06-12 12:35:00-04:00,164.8800048828125,164.91000366210938,163.22999572753906,164.56500244140625,1591064
2026-06-12 12:36:00-04:00,164.56500244140625,164.6999969482422,163.5,163.55999755859375,1296957
2026-06-12 12:37:00-04:00,163.60000610351562,164.0,163.07000732421875,163.97500610351562,1454346
2026-06-12 12:38:00-04:00,163.97000122070312,165.0,163.97000122070312,165.0,1522924
2026-06-12 12:39:00-04:00,164.97500610351562,168.0,164.91000366210938,167.99000549316406,3826761
2026-06-12 12:40:00-04:00,168.0,168.3300018310547,166.60000610351562,167.75999450683594,1819040
2026-06-12 12:41:00-04:00,167.77000427246094,168.35000610351562,166.60000610351562,167.0399932861328,1738191
2026-06-12 12:42:00-04:00,167.0399932861328,167.1300048828125,165.24000549316406,166.41900634765625,1599856
2026-06-12 12:43:00-04:00,166.3699951171875,166.67999267578125,165.8800048828125,166.25,1099475
2026-06-12 12:44:00-04:00,166.2100067138672,167.8699951171875,166.0800018310547,167.6699981689453,1568361
2026-06-12 12:45:00-04:00,167.66000366210938,168.25,167.05999755859375,168.0,1661664
2026-06-12 12:46:00-04:00,168.0,168.1999969482422,166.5,167.80999755859375,1485262
2026-06-12 12:47:00-04:00,167.77000427246094,168.3000030517578,167.11000061035156,167.97000122070312,1561205
2026-06-12 12:48:00-04:00,167.9199981689453,169.0,167.9199981689453,168.7100067138672,2019376
2026-06-12 12:49:00-04:00,168.75,169.0,168.39999389648438,168.74000549316406,1857887
2026-06-12 12:50:00-04:00,168.74000549316406,169.5,168.6699981689453,169.41000366210938,1635519
2026-06-12 12:51:00-04:00,169.39999389648438,169.83999633789062,169.14999389648438,169.83990478515625,1293871
2026-06-12 12:52:00-04:00,169.82000732421875,171.0,169.35000610351562,169.97999572753906,5302812
2026-06-12 12:53:00-04:00,169.97999572753906,172.5,169.61000061035156,172.46499633789062,2859284
2026-06-12 12:54:00-04:00,172.49400329589844,172.89999389648438,168.82000732421875,169.17999267578125,2585805
2026-06-12 12:55:00-04:00,169.13999938964844,169.99000549316406,167.25,169.00999450683594,2288007
2026-06-12 12:56:00-04:00,168.97000122070312,172.6999969482422,168.79490661621094,171.4499969482422,1790591
2026-06-12 12:57:00-04:00,171.5,172.5,171.10000610351562,172.4149932861328,1299567
2026-06-12 12:58:00-04:00,172.39999389648438,174.0,172.3000030517578,173.77000427246094,1679738
2026-06-12 12:59:00-04:00,173.8000030517578,174.0,173.4199981689453,173.74000549316406,1611982
2026-06-12 13:00:00-04:00,173.72000122070312,174.25,172.5500030517578,173.30999755859375,2132038
2026-06-12 13:01:00-04:00,173.30999755859375,173.5800018310547,171.5,171.57000732421875,1532089
2026-06-12 13:02:00-04:00,171.52000427246094,173.88999938964844,170.64999389648438,173.85000610351562,1802218
2026-06-12 13:03:00-04:00,173.86000061035156,173.97000122070312,172.10000610351562,173.81500244140625,1176826
2026-06-12 13:04:00-04:00,173.81500244140625,174.8000030517578,173.14999389648438,174.72500610351562,1769317
2026-06-12 13:05:00-04:00,174.6999969482422,175.0,174.13999938964844,174.91000366210938,2657268
2026-06-12 13:06:00-04:00,174.89999389648438,175.0,174.72000122070312,175.0,2058110
2026-06-12 13:07:00-04:00,174.97830200195312,175.5,173.82000732421875,175.13999938964844,2556730
2026-06-12 13:08:00-04:00,175.10000610351562,175.6999969482422,174.8000030517578,175.22500610351562,1729783
2026-06-12 13:09:00-04:00,175.33999633789062,176.49000549316406,175.00999450683594,176.27000427246094,1786353
2026-06-12 13:10:00-04:00,176.2899932861328,176.52000427246094,175.55999755859375,175.91000366210938,1991357
2026-06-12 13:11:00-04:00,175.89999389648438,175.94920349121094,173.2899932861328,173.7899932861328,2200173
2026-06-12 13:12:00-04:00,173.7899932861328,174.14999389648438,172.25999450683594,172.3249969482422,1799015
2026-06-12 13:13:00-04:00,172.3300018310547,172.89999389648438,170.32000732421875,170.32000732421875,2149406
2026-06-12 13:14:00-04:00,170.32000732421875,172.32000732421875,169.4600067138672,171.99000549316406,2550591
2026-06-12 13:15:00-04:00,171.15750122070312,173.9199981689453,171.15750122070312,173.14999389648438,1399933
2026-06-12 13:16:00-04:00,173.2899932861328,173.2899932861328,172.1300048828125,172.47000122070312,991708
2026-06-12 13:17:00-04:00,172.4600067138672,174.22000122070312,172.43589782714844,173.73500061035156,1167678
2026-06-12 13:18:00-04:00,173.75999450683594,174.16000366210938,173.5,173.91329956054688,838368
2026-06-12 13:19:00-04:00,173.9199981689453,174.5,172.85000610351562,173.9499969482422,1088418
2026-06-12 13:20:00-04:00,173.94000244140625,174.00999450683594,172.00999450683594,172.52999877929688,1114266
2026-06-12 13:21:00-04:00,172.5800018310547,173.00999450683594,171.17959594726562,171.50999450683594,1040865
2026-06-12 13:22:00-04:00,171.42999267578125,173.0,171.0500030517578,172.55999755859375,883243
2026-06-12 13:23:00-04:00,172.55999755859375,172.9199981689453,171.82000732421875,172.77000427246094,705325
2026-06-12 13:24:00-04:00,172.9199981689453,173.0500030517578,172.0500030517578,172.19869995117188,1080648
2026-06-12 13:25:00-04:00,172.14999389648438,173.0,172.10000610351562,172.98899841308594,775006
2026-06-12 13:26:00-04:00,172.88999938964844,172.93499755859375,171.1699981689453,171.23190307617188,1041624
2026-06-12 13:27:00-04:00,171.16000366210938,172.88999938964844,171.16000366210938,172.8300018310547,694686
2026-06-12 13:28:00-04:00,172.8300018310547,172.8800048828125,172.25,172.64999389648438,649174
2026-06-12 13:29:00-04:00,172.7050018310547,172.75,171.7100067138672,172.27999877929688,807376
2026-06-12 13:30:00-04:00,172.28500366210938,172.3404998779297,171.22999572753906,171.27999877929688,744962
2026-06-12 13:31:00-04:00,171.27999877929688,171.60000610351562,169.14999389648438,169.16000366210938,1925239
2026-06-12 13:32:00-04:00,169.17999267578125,169.5399932861328,168.0,168.3699951171875,2010941
2026-06-12 13:33:00-04:00,168.44000244140625,169.61000061035156,168.0,168.9600067138672,1134870
2026-06-12 13:34:00-04:00,168.99000549316406,171.66000366210938,168.99000549316406,171.1999969482422,1363351
2026-06-12 13:35:00-04:00,171.1999969482422,171.5,170.30999755859375,170.63999938964844,725242
2026-06-12 13:36:00-04:00,170.58999633789062,171.10000610351562,170.16000366210938,170.91000366210938,704253
2026-06-12 13:37:00-04:00,170.91000366210938,171.49000549316406,170.35389709472656,170.60000610351562,862556
2026-06-12 13:38:00-04:00,170.63999938964844,171.05499267578125,169.25999450683594,170.92999267578125,1054105
2026-06-12 13:39:00-04:00,170.9199981689453,171.0,169.64999389648438,170.07000732421875,871147
2026-06-12 13:40:00-04:00,170.05999755859375,170.41000366210938,169.83999633789062,170.35000610351562,749345
2026-06-12 13:41:00-04:00,170.3800048828125,171.83999633789062,170.25,171.69000244140625,1152278
2026-06-12 13:42:00-04:00,171.74000549316406,173.0,171.1999969482422,172.96499633789062,1103549
2026-06-12 13:43:00-04:00,172.9499969482422,173.55999755859375,172.63999938964844,173.52999877929688,1124190
2026-06-12 13:44:00-04:00,173.50999450683594,173.75,172.8699951171875,172.99609375,825942
2026-06-12 13:45:00-04:00,172.9600067138672,173.0500030517578,172.3800048828125,172.75999450683594,671703
2026-06-12 13:46:00-04:00,172.75,174.0,172.61500549316406,173.96710205078125,917645
2026-06-12 13:47:00-04:00,173.91000366210938,174.0,173.42999267578125,173.6009979248047,735167
2026-06-12 13:48:00-04:00,173.67999267578125,173.97000122070312,173.4600067138672,173.92999267578125,602018
2026-06-12 13:49:00-04:00,173.91000366210938,173.9600067138672,173.5500030517578,173.7100067138672,608213
2026-06-12 13:50:00-04:00,173.72799682617188,173.8000030517578,172.16000366210938,172.70550537109375,834291
2026-06-12 13:51:00-04:00,172.7100067138672,172.7100067138672,171.5399932861328,171.9499969482422,883608
2026-06-12 13:52:00-04:00,171.92999267578125,172.97999572753906,171.62010192871094,172.5500030517578,570685
2026-06-12 13:53:00-04:00,172.625,172.92999267578125,172.33999633789062,172.88999938964844,492342
2026-06-12 13:54:00-04:00,172.89999389648438,173.25,171.6300048828125,173.10000610351562,736772
2026-06-12 13:55:00-04:00,173.17999267578125,173.49000549316406,172.5,173.4199981689453,627653
2026-06-12 13:56:00-04:00,173.4499969482422,173.8699951171875,173.27000427246094,173.75,650908
2026-06-12 13:57:00-04:00,173.75,173.77999877929688,172.60000610351562,173.13999938964844,703776
2026-06-12 13:58:00-04:00,173.16000366210938,173.50999450683594,172.85000610351562,173.36500549316406,576985
2026-06-12 13:59:00-04:00,173.39999389648438,173.49000549316406,172.99000549316406,173.3300018310547,475047
2026-06-12 14:00:00-04:00,173.36000061035156,173.36000061035156,172.5500030517578,172.60499572753906,686446
2026-06-12 14:01:00-04:00,172.5500030517578,172.7758026123047,171.64999389648438,171.89999389648438,892347
2026-06-12 14:02:00-04:00,171.90499877929688,173.0,171.88999938964844,172.9199981689453,561313
2026-06-12 14:03:00-04:00,172.9199981689453,173.10000610351562,172.3699951171875,172.9499969482422,711916
2026-06-12 14:04:00-04:00,172.91000366210938,173.1199951171875,172.4499969482422,172.72999572753906,586406
2026-06-12 14:05:00-04:00,172.72999572753906,172.99000549316406,172.11000061035156,172.4949951171875,641494
2026-06-12 14:06:00-04:00,172.5399932861328,172.55999755859375,171.52999877929688,171.73599243164062,970517
2026-06-12 14:07:00-04:00,171.72500610351562,172.13900756835938,170.3300018310547,170.60499572753906,1303042
2026-06-12 14:08:00-04:00,170.60000610351562,171.36000061035156,170.21429443359375,171.1699981689453,967375
2026-06-12 14:09:00-04:00,171.1649932861328,171.24000549316406,170.5399932861328,170.7899932861328,755335
2026-06-12 14:10:00-04:00,170.75,171.64999389648438,170.5,170.9250030517578,898168
2026-06-12 14:11:00-04:00,170.91000366210938,171.2949981689453,169.27999877929688,170.85000610351562,1786630
2026-06-12 14:12:00-04:00,170.85499572753906,171.1699981689453,170.27999877929688,170.42999267578125,714916
2026-06-12 14:13:00-04:00,170.42999267578125,170.51019287109375,169.32000732421875,169.6699981689453,1030324
2026-06-12 14:14:00-04:00,169.63999938964844,169.87950134277344,166.50999450683594,167.45559692382812,2489018
2026-06-12 14:15:00-04:00,167.57000732421875,169.14500427246094,167.32000732421875,168.05999755859375,1079469
2026-06-12 14:16:00-04:00,168.06500244140625,169.11000061035156,166.30999755859375,166.75999450683594,1435978
2026-06-12 14:17:00-04:00,166.72000122070312,166.72000122070312,165.0500030517578,166.0,1797678
2026-06-12 14:18:00-04:00,166.0399932861328,167.83999633789062,166.0,167.58999633789062,1032726
2026-06-12 14:19:00-04:00,167.58999633789062,168.10000610351562,166.83999633789062,167.4149932861328,955905
2026-06-12 14:20:00-04:00,167.50999450683594,167.83999633789062,166.1999969482422,166.64999389648438,884818
2026-06-12 14:21:00-04:00,166.52999877929688,168.88999938964844,166.52999877929688,168.69000244140625,1006789
2026-06-12 14:22:00-04:00,168.85000610351562,169.66000366210938,167.1199951171875,169.6199951171875,836326
2026-06-12 14:23:00-04:00,169.63999938964844,169.74000549316406,168.9257049560547,169.577392578125,725799
2026-06-12 14:24:00-04:00,169.5850067138672,170.10000610351562,168.8699951171875,168.8699951171875,1068716
2026-06-12 14:25:00-04:00,168.86000061035156,169.27000427246094,168.4199981689453,169.1300048828125,651276
2026-06-12 14:26:00-04:00,169.12989807128906,170.0500030517578,169.02000427246094,170.0,729718
2026-06-12 14:27:00-04:00,170.00999450683594,170.0500030517578,169.50999450683594,169.7899932861328,528790
2026-06-12 14:28:00-04:00,169.77999877929688,169.91000366210938,168.27000427246094,169.1199951171875,754744
2026-06-12 14:29:00-04:00,169.00010681152344,169.5500030517578,168.34750366210938,169.1999969482422,605238
2026-06-12 14:30:00-04:00,169.2949981689453,169.60000610351562,167.65060424804688,168.50999450683594,794470
2026-06-12 14:31:00-04:00,168.5749969482422,169.47000122070312,168.32420349121094,169.3000030517578,533866
2026-06-12 14:32:00-04:00,169.26499938964844,169.36000061035156,167.36000061035156,168.11000061035156,810569
2026-06-12 14:33:00-04:00,168.05999755859375,168.39999389648438,167.47999572753906,168.2100067138672,596528
2026-06-12 14:34:00-04:00,168.2100067138672,168.5449981689453,167.27999877929688,167.41000366210938,623462
2026-06-12 14:35:00-04:00,167.4001007080078,168.47999572753906,166.3000030517578,168.42999267578125,929845
2026-06-12 14:36:00-04:00,168.38999938964844,168.5,167.88999938964844,168.22390747070312,581042
2026-06-12 14:37:00-04:00,168.1999969482422,169.22999572753906,168.0500030517578,169.19500732421875,737341
2026-06-12 14:38:00-04:00,169.19500732421875,169.92999267578125,168.75,169.88079833984375,951952
2026-06-12 14:39:00-04:00,169.9199981689453,170.0,169.50999450683594,169.69500732421875,989796
2026-06-12 14:40:00-04:00,169.689697265625,169.8000030517578,169.0500030517578,169.4199981689453,599965
2026-06-12 14:41:00-04:00,169.38999938964844,170.10000610351562,169.36000061035156,170.00999450683594,992609
2026-06-12 14:42:00-04:00,170.05999755859375,170.94000244140625,169.94000244140625,170.44000244140625,1110165
2026-06-12 14:43:00-04:00,170.44000244140625,170.92999267578125,169.66000366210938,169.86070251464844,841002
2026-06-12 14:44:00-04:00,169.8000030517578,170.89999389648438,169.75999450683594,170.25999450683594,887549
2026-06-12 14:45:00-04:00,170.25999450683594,170.77000427246094,168.1300048828125,169.0500030517578,867322
2026-06-12 14:46:00-04:00,169.0399932861328,169.60000610351562,168.8000030517578,168.9199981689453,601568
2026-06-12 14:47:00-04:00,168.92140197753906,169.60000610351562,168.80499267578125,169.5800018310547,568420
2026-06-12 14:48:00-04:00,169.58999633789062,170.0,169.2899932861328,169.38999938964844,652552
2026-06-12 14:49:00-04:00,169.48789978027344,170.39999389648438,168.77000427246094,170.11000061035156,1015800
2026-06-12 14:50:00-04:00,170.1699981689453,170.8000030517578,169.61000061035156,169.8300018310547,737179
2026-06-12 14:51:00-04:00,169.8300018310547,170.02000427246094,169.36000061035156,169.94500732421875,474602
2026-06-12 14:52:00-04:00,169.94500732421875,170.0,169.58999633789062,169.64999389648438,456260
2026-06-12 14:53:00-04:00,169.60000610351562,169.6999969482422,168.3000030517578,169.1999969482422,781724
2026-06-12 14:54:00-04:00,169.23849487304688,169.44000244140625,168.77659606933594,169.07000732421875,631158
2026-06-12 14:55:00-04:00,169.07000732421875,169.35000610351562,168.3000030517578,168.8300018310547,668937
2026-06-12 14:56:00-04:00,168.74000549316406,169.75,168.5,169.32000732421875,575518
2026-06-12 14:57:00-04:00,169.32000732421875,169.82969665527344,169.00999450683594,169.77000427246094,485785
2026-06-12 14:58:00-04:00,169.74000549316406,169.86000061035156,169.40719604492188,169.66000366210938,471780
2026-06-12 14:59:00-04:00,169.69000244140625,169.75999450683594,168.82000732421875,168.85000610351562,687170
2026-06-12 15:00:00-04:00,168.88999938964844,169.22999572753906,167.5,168.58999633789062,1168466
2026-06-12 15:01:00-04:00,168.52999877929688,168.6999969482422,167.61000061035156,167.9199981689453,658784
2026-06-12 15:02:00-04:00,168.0,168.19000244140625,166.82000732421875,167.07940673828125,961034
2026-06-12 15:03:00-04:00,167.06399536132812,167.5399932861328,166.0500030517578,166.08920288085938,857526
2026-06-12 15:04:00-04:00,166.05999755859375,167.30999755859375,165.25999450683594,166.28500366210938,1331273
2026-06-12 15:05:00-04:00,166.28500366210938,167.2969970703125,165.9600067138672,167.2100067138672,678536
2026-06-12 15:06:00-04:00,167.1750030517578,167.42999267578125,166.64999389648438,166.8300018310547,573249
2026-06-12 15:07:00-04:00,166.8300018310547,167.08999633789062,166.52000427246094,166.8699951171875,644731
2026-06-12 15:08:00-04:00,166.90499877929688,166.99000549316406,165.50999450683594,165.75,833921
2026-06-12 15:09:00-04:00,165.70399475097656,166.8000030517578,165.50999450683594,166.8000030517578,752415
2026-06-12 15:10:00-04:00,166.7010040283203,167.22000122070312,165.5500030517578,166.6999969482422,998450
2026-06-12 15:11:00-04:00,166.69500732421875,167.02000427246094,166.2301025390625,166.66000366210938,606888
2026-06-12 15:12:00-04:00,166.6999969482422,167.00999450683594,166.02000427246094,166.10000610351562,562687
2026-06-12 15:13:00-04:00,166.0655975341797,166.22999572753906,165.27999877929688,165.51199340820312,1012310
2026-06-12 15:14:00-04:00,165.50999450683594,165.60000610351562,163.24009704589844,164.08999633789062,3891603
2026-06-12 15:15:00-04:00,164.16000366210938,166.3000030517578,164.0,166.21499633789062,1259901
2026-06-12 15:16:00-04:00,166.25999450683594,167.1999969482422,165.9550018310547,166.6300048828125,950653
2026-06-12 15:17:00-04:00,166.6300048828125,166.7100067138672,165.66000366210938,165.81500244140625,887979
2026-06-12 15:18:00-04:00,165.86000061035156,166.3000030517578,163.5,164.10000610351562,1433641
2026-06-12 15:19:00-04:00,164.10000610351562,165.22000122070312,163.8800048828125,164.58999633789062,967767
2026-06-12 15:20:00-04:00,164.63499450683594,164.99000549316406,164.0399932861328,164.39999389648438,726981
2026-06-12 15:21:00-04:00,164.4499969482422,164.7899932861328,162.99000549316406,163.96009826660156,1740242
2026-06-12 15:22:00-04:00,163.97999572753906,165.0,163.6199951171875,164.0,977426
2026-06-12 15:23:00-04:00,163.98500061035156,165.0,163.8000030517578,164.36000061035156,1054703
2026-06-12 15:24:00-04:00,164.3739013671875,164.5,161.72000122070312,161.75,1841512
2026-06-12 15:25:00-04:00,161.7335968017578,164.27999877929688,161.55999755859375,164.06500244140625,1609905
2026-06-12 15:26:00-04:00,164.0,164.38999938964844,163.5500030517578,164.25999450683594,796170
2026-06-12 15:27:00-04:00,164.25999450683594,164.5,162.5500030517578,163.54029846191406,1061969
2026-06-12 15:28:00-04:00,163.6699981689453,164.07000732421875,161.44000244140625,162.02999877929688,1166043
2026-06-12 15:29:00-04:00,162.0500030517578,162.85000610351562,161.30999755859375,161.44000244140625,927676
2026-06-12 15:30:00-04:00,161.4600067138672,161.72999572753906,160.0500030517578,161.23800659179688,2615951
2026-06-12 15:31:00-04:00,161.25,161.3885040283203,160.32040405273438,160.5800018310547,1146466
2026-06-12 15:32:00-04:00,160.55279541015625,160.74000549316406,158.5800018310547,159.64999389648438,4832026
2026-06-12 15:33:00-04:00,159.66000366210938,160.91000366210938,158.72000122070312,160.76870727539062,1577328
2026-06-12 15:34:00-04:00,160.8000030517578,161.8000030517578,160.55999755859375,161.11500549316406,1124159
2026-06-12 15:35:00-04:00,161.07000732421875,161.97000122070312,160.89999389648438,161.69500732421875,877712
2026-06-12 15:36:00-04:00,161.6999969482422,161.72999572753906,160.25,161.06300354003906,980815
2026-06-12 15:37:00-04:00,161.0469970703125,161.67999267578125,160.00999450683594,160.0720977783203,809261
2026-06-12 15:38:00-04:00,160.0814971923828,161.10000610351562,159.50999450683594,160.8372039794922,1113235
2026-06-12 15:39:00-04:00,160.8350067138672,161.0626983642578,160.19500732421875,160.2550048828125,1005169
2026-06-12 15:40:00-04:00,160.2667999267578,160.32000732421875,159.2209014892578,159.42999267578125,1117995
2026-06-12 15:41:00-04:00,159.47000122070312,160.0,158.25,159.0500030517578,1384398
2026-06-12 15:42:00-04:00,159.19000244140625,160.0,158.5500030517578,158.9600067138672,1208369
2026-06-12 15:43:00-04:00,158.9029998779297,159.05999755859375,157.44000244140625,158.77000427246094,2668777
2026-06-12 15:44:00-04:00,158.77999877929688,159.25,157.75,158.0449981689453,1255221
2026-06-12 15:45:00-04:00,158.0449981689453,160.0,157.86000061035156,159.76629638671875,1166364
2026-06-12 15:46:00-04:00,159.80999755859375,160.4199981689453,159.2100067138672,159.91000366210938,1128461
2026-06-12 15:47:00-04:00,159.8690948486328,159.8690948486328,158.36000061035156,158.74989318847656,1085065
2026-06-12 15:48:00-04:00,158.6699981689453,159.60000610351562,158.64999389648438,159.47999572753906,1042957
2026-06-12 15:49:00-04:00,159.47000122070312,160.0,158.89999389648438,159.60000610351562,1119129
2026-06-12 15:50:00-04:00,159.55999755859375,161.6300048828125,159.55999755859375,159.80999755859375,1854561
2026-06-12 15:51:00-04:00,159.85000610351562,161.38999938964844,159.64999389648438,160.9499969482422,1316178
2026-06-12 15:52:00-04:00,160.91000366210938,161.85000610351562,160.4199981689453,161.63999938964844,1435727
2026-06-12 15:53:00-04:00,161.6750030517578,162.0,160.2899932861328,160.33999633789062,1359002
2026-06-12 15:54:00-04:00,160.33999633789062,161.8699951171875,160.33999633789062,160.6999969482422,1197533
2026-06-12 15:55:00-04:00,160.77999877929688,162.0,160.77999877929688,161.97000122070312,1377483
2026-06-12 15:56:00-04:00,161.97000122070312,162.77000427246094,161.6199951171875,161.80999755859375,2009175
2026-06-12 15:57:00-04:00,161.7899932861328,161.9499969482422,161.10000610351562,161.10000610351562,1316177
2026-06-12 15:58:00-04:00,161.1199951171875,161.2100067138672,160.64999389648438,160.875,1482615
2026-06-12 15:59:00-04:00,160.86000061035156,161.37820434570312,160.7100067138672,161.27000427246094,1987155
2026-06-12 16:00:00-04:00,160.95,166.49,160.5,161.5882,7708749
2026-06-12 16:01:00-04:00,161.5314,166.65,160.9222,162.63,0
2026-06-12 16:02:00-04:00,162.76,166.64,160.11,160.8885,0
2026-06-12 16:03:00-04:00,160.8896,162.5,160.25,161.2802,0
2026-06-12 16:04:00-04:00,161.2805,168.25,160.95,161.29,0
2026-06-12 16:05:00-04:00,161.285,168.25,161.21,162.18,0
2026-06-12 16:06:00-04:00,162.14,162.2,161.3,161.5,0
2026-06-12 16:07:00-04:00,161.67,168.0,150.0,162.0,0
2026-06-12 16:08:00-04:00,162.17,166.66,159.31,162.51,0
2026-06-12 16:09:00-04:00,162.558,162.7,160.0,162.68,0
2026-06-12 16:10:00-04:00,162.62,163.99,160.95,163.4879,0
2026-06-12 16:11:00-04:00,163.49,164.83,150.0,163.75,0
2026-06-12 16:12:00-04:00,163.7786,163.78,150.0,163.48,0
2026-06-12 16:13:00-04:00,163.5,163.94,163.2,163.87,0
2026-06-12 16:14:00-04:00,163.9,164.45,163.44,163.6,0
2026-06-12 16:15:00-04:00,163.78,163.78,162.7501,163.13,0
2026-06-12 16:16:00-04:00,163.2,164.93,162.07,163.6,0
2026-06-12 16:17:00-04:00,163.6,164.13,161.76,164.06,0
2026-06-12 16:18:00-04:00,164.1195,166.9,162.0,163.85,0
2026-06-12 16:19:00-04:00,163.85,164.2,163.79,163.8999,0
2026-06-12 16:20:00-04:00,163.88,164.93,162.0,164.2593,0
2026-06-12 16:21:00-04:00,164.26,164.35,161.96,163.499,0
2026-06-12 16:22:00-04:00,163.5,167.9,160.02,163.87,0
2026-06-12 16:23:00-04:00,163.77,167.39,159.89,163.78,0
2026-06-12 16:24:00-04:00,163.79,163.79,159.34,163.7704,0
2026-06-12 16:25:00-04:00,163.79,163.79,155.55,163.74,0
2026-06-12 16:26:00-04:00,163.7,163.74,163.19,163.2999,0
2026-06-12 16:27:00-04:00,163.2,163.65,163.15,163.6,0
2026-06-12 16:28:00-04:00,163.61,164.47,157.65,164.47,0
2026-06-12 16:29:00-04:00,164.44,164.56,157.65,164.28,0
2026-06-12 16:30:00-04:00,164.23,164.8,164.0,164.1,0
2026-06-12 16:31:00-04:00,164.075,164.2,159.99,163.8,0
2026-06-12 16:32:00-04:00,163.7981,164.26,160.0,164.139,0
2026-06-12 16:33:00-04:00,164.14,164.14,160.0,163.9634,0
2026-06-12 16:34:00-04:00,163.9764,164.23,159.47,164.2,0
2026-06-12 16:35:00-04:00,164.2,164.35,160.0,164.3,0
2026-06-12 16:36:00-04:00,164.33,164.35,159.68,164.13,0
2026-06-12 16:37:00-04:00,164.0001,164.13,157.36,163.85,0
2026-06-12 16:38:00-04:00,163.85,163.8997,157.99,163.6,0
2026-06-12 16:39:00-04:00,163.58,169.45,157.18,163.82,0
2026-06-12 16:40:00-04:00,163.83,164.4,157.58,164.18,0
2026-06-12 16:41:00-04:00,164.19,164.53,164.11,164.5108,0
2026-06-12 16:42:00-04:00,164.505,164.53,150.0,164.38,0
2026-06-12 16:43:00-04:00,164.3,164.45,155.98,164.0,0
2026-06-12 16:44:00-04:00,164.14,164.14,163.66,163.82,0
2026-06-12 16:45:00-04:00,163.85,164.15,163.36,163.9692,0
2026-06-12 16:46:00-04:00,163.84,164.2,156.86,163.97,0
2026-06-12 16:47:00-04:00,163.97,166.05,163.66,163.88,0
2026-06-12 16:48:00-04:00,163.68,165.0,159.99,163.82,0
2026-06-12 16:49:00-04:00,163.85,164.3,159.99,164.28,0
2026-06-12 16:50:00-04:00,164.28,164.38,164.04,164.3,0
2026-06-12 16:51:00-04:00,164.32,164.32,163.79,163.88,0
2026-06-12 16:52:00-04:00,163.93,165.85,163.77,164.04,0
2026-06-12 16:53:00-04:00,164.04,164.17,158.2,164.05,0
2026-06-12 16:54:00-04:00,164.05,166.4,159.28,163.9,0
2026-06-12 16:55:00-04:00,163.9447,164.2,157.74,163.95,0
2026-06-12 16:56:00-04:00,163.88,164.0,163.83,163.9996,0
2026-06-12 16:57:00-04:00,163.98,164.13,156.62,163.87,0
2026-06-12 16:58:00-04:00,163.87,163.9,162.96,163.85,0
2026-06-12 16:59:00-04:00,163.85,163.85,163.25,163.43,0
2026-06-12 17:00:00-04:00,163.4221,163.5,163.03,163.3,0
2026-06-12 17:01:00-04:00,163.2999,163.5,152.88,163.3,0
2026-06-12 17:02:00-04:00,163.37,163.37,152.88,162.76,0
2026-06-12 17:03:00-04:00,162.68,163.0,162.68,162.95,0
2026-06-12 17:04:00-04:00,162.95,163.32,162.87,163.3,0
2026-06-12 17:05:00-04:00,163.23,163.88,157.77,163.4,0
2026-06-12 17:06:00-04:00,163.3999,163.5,158.2,162.99,0
2026-06-12 17:07:00-04:00,162.9993,163.26,159.89,163.12,0
2026-06-12 17:08:00-04:00,163.12,163.35,162.5,163.3,0
2026-06-12 17:09:00-04:00,163.2456,163.45,163.23,163.39,0
2026-06-12 17:10:00-04:00,163.39,163.74,163.35,163.56,0
2026-06-12 17:11:00-04:00,163.56,163.8,163.53,163.7,0
2026-06-12 17:12:00-04:00,163.76,163.8,152.92,152.92,0
2026-06-12 17:13:00-04:00,163.62,164.0,163.29,163.63,0
2026-06-12 17:14:00-04:00,163.64,163.8,163.5,163.79,0
2026-06-12 17:15:00-04:00,163.77,166.82,163.74,163.9994,0
2026-06-12 17:16:00-04:00,163.9996,164.5,163.98,164.5,0
2026-06-12 17:17:00-04:00,164.4999,164.72,159.13,164.2492,0
2026-06-12 17:18:00-04:00,164.17,164.43,164.03,164.34,0
2026-06-12 17:19:00-04:00,164.31,172.6039,154.0,164.3968,0
2026-06-12 17:20:00-04:00,164.38,164.44,164.21,164.4,0
2026-06-12 17:21:00-04:00,164.43,173.91,164.015,164.6,0
2026-06-12 17:22:00-04:00,164.6,166.37,153.95,164.67,0
2026-06-12 17:23:00-04:00,164.7,166.55,164.59,164.7,0
2026-06-12 17:24:00-04:00,164.75,168.25,155.99,164.7999,0
2026-06-12 17:25:00-04:00,164.8,164.93,164.7268,164.87,0
2026-06-12 17:26:00-04:00,164.93,164.93,164.75,164.93,0
2026-06-12 17:27:00-04:00,164.93,165.8,164.92,165.7,0
2026-06-12 17:28:00-04:00,165.68,165.88,165.46,165.87,0
2026-06-12 17:29:00-04:00,165.8774,165.9,165.5,165.7722,0
2026-06-12 17:30:00-04:00,165.74,165.78,150.0,165.6,0
2026-06-12 17:31:00-04:00,165.57,165.9,165.5603,165.8,0
2026-06-12 17:32:00-04:00,165.72,166.19,165.71,166.14,0
2026-06-12 17:33:00-04:00,166.15,168.75,151.67,166.6599,0
2026-06-12 17:34:00-04:00,166.6597,167.19,150.0,166.71,0
2026-06-12 17:35:00-04:00,166.73,166.73,151.67,166.0906,0
2026-06-12 17:36:00-04:00,166.04,166.66,166.04,166.6,0
2026-06-12 17:37:00-04:00,166.66,166.73,166.21,166.43,0
2026-06-12 17:38:00-04:00,166.5,166.7,166.38,166.5,0
2026-06-12 17:39:00-04:00,166.57,166.93,166.56,166.9,0
2026-06-12 17:40:00-04:00,166.9,166.93,166.52,166.8935,0
2026-06-12 17:41:00-04:00,166.85,166.9,166.3412,166.36,0
2026-06-12 17:42:00-04:00,166.32,166.5,166.19,166.3,0
2026-06-12 17:43:00-04:00,166.29,166.48,166.21,166.48,0
2026-06-12 17:44:00-04:00,166.48,166.55,166.44,166.5,0
2026-06-12 17:45:00-04:00,166.5,166.55,166.4,166.48,0
2026-06-12 17:46:00-04:00,166.45,166.5,157.68,166.4799,0
2026-06-12 17:47:00-04:00,166.48,166.48,166.0,166.09,0
2026-06-12 17:48:00-04:00,166.11,166.4,166.0,166.4,0
2026-06-12 17:49:00-04:00,166.4,166.6,166.27,166.59,0
2026-06-12 17:50:00-04:00,166.5994,166.6,166.42,166.5484,0
2026-06-12 17:51:00-04:00,166.55,167.85,163.29,166.22,0
2026-06-12 17:52:00-04:00,166.22,166.5,163.73,166.5,0
2026-06-12 17:53:00-04:00,166.46,166.5,166.41,166.4801,0
2026-06-12 17:54:00-04:00,166.4924,166.55,166.21,166.3196,0
2026-06-12 17:55:00-04:00,166.3186,166.32,166.06,166.2191,0
2026-06-12 17:56:00-04:00,166.28,166.48,166.2,166.43,0
2026-06-12 17:57:00-04:00,166.43,166.5,166.3,166.48,0
2026-06-12 17:58:00-04:00,166.44,166.49,166.21,166.28,0
2026-06-12 17:59:00-04:00,166.2724,166.4,163.73,166.26,0
2026-06-12 18:00:00-04:00,164.9,168.24,164.9,166.05,0
2026-06-12 18:01:00-04:00,166.05,166.27,166.02,166.26,0
2026-06-12 18:02:00-04:00,166.24,166.48,166.15,166.37,0
2026-06-12 18:03:00-04:00,166.48,166.48,166.3,166.36,0
2026-06-12 18:04:00-04:00,166.39,166.39,166.3241,166.3393,0
2026-06-12 18:05:00-04:00,166.36,166.36,166.335,166.35,0
2026-06-12 18:06:00-04:00,166.36,166.36,166.32,166.34,0
2026-06-12 18:07:00-04:00,166.36,166.36,166.33,166.3518,0
2026-06-12 18:08:00-04:00,166.33,166.45,150.0,166.0809,0
2026-06-12 18:09:00-04:00,166.1,166.1995,166.0,166.1995,0
2026-06-12 18:10:00-04:00,166.2,166.25,166.11,166.22,0
2026-06-12 18:11:00-04:00,166.2,166.25,166.2,166.2496,0
2026-06-12 18:12:00-04:00,166.25,166.25,161.0,165.61,0
2026-06-12 18:13:00-04:00,165.511,165.8,165.35,165.5051,0
2026-06-12 18:14:00-04:00,165.56,165.61,159.98,165.29,0
2026-06-12 18:15:00-04:00,165.2834,165.7,165.27,165.6793,0
2026-06-12 18:16:00-04:00,165.68,165.9,165.57,165.88,0
2026-06-12 18:17:00-04:00,165.89,166.0,165.7,165.9961,0
2026-06-12 18:18:00-04:00,165.9995,166.4,165.97,166.4,0
2026-06-12 18:19:00-04:00,166.39,166.4,166.24,166.37,0
2026-06-12 18:20:00-04:00,166.35,166.4,166.3,166.38,0
2026-06-12 18:21:00-04:00,166.39,166.39,166.35,166.36,0
2026-06-12 18:22:00-04:00,166.37,166.38,166.35,166.3703,0
2026-06-12 18:23:00-04:00,166.38,166.38,166.3,166.3694,0
2026-06-12 18:24:00-04:00,166.37,168.0,166.3,166.36,0
2026-06-12 18:25:00-04:00,166.35,166.37,166.3,166.35,0
2026-06-12 18:26:00-04:00,166.36,166.37,166.3,166.35,0
2026-06-12 18:27:00-04:00,166.3,166.36,166.3,166.33,0
2026-06-12 18:28:00-04:00,166.35,166.5,166.3,166.5,0
2026-06-12 18:29:00-04:00,166.49,166.9,166.44,166.8713,0
2026-06-12 18:30:00-04:00,166.84,167.0,166.8,166.9902,0
2026-06-12 18:31:00-04:00,167.0,167.01,166.9,166.99,0
2026-06-12 18:32:00-04:00,166.9996,167.0,166.98,166.99,0
2026-06-12 18:33:00-04:00,166.9969,167.27,166.75,167.27,0
2026-06-12 18:34:00-04:00,167.2694,167.45,167.13,167.37,0
2026-06-12 18:35:00-04:00,167.3782,167.5,167.34,167.4897,0
2026-06-12 18:36:00-04:00,167.46,167.49,167.05,167.15,0
2026-06-12 18:37:00-04:00,167.13,167.39,167.08,167.2297,0
2026-06-12 18:38:00-04:00,167.24,167.25,166.7,166.91,0
2026-06-12 18:39:00-04:00,166.95,167.2,166.8,167.18,0
2026-06-12 18:40:00-04:00,167.16,167.2,167.0,167.13,0
2026-06-12 18:41:00-04:00,167.0467,167.2,166.98,167.19,0
2026-06-12 18:42:00-04:00,167.185,167.48,167.13,167.3989,0
2026-06-12 18:43:00-04:00,167.39,167.5,167.3,167.5,0
2026-06-12 18:44:00-04:00,167.49,167.57,167.38,167.52,0
2026-06-12 18:45:00-04:00,167.53,167.55,167.3,167.35,0
2026-06-12 18:46:00-04:00,167.34,167.5,167.34,167.46,0
2026-06-12 18:47:00-04:00,167.46,167.49,167.2112,167.4302,0
2026-06-12 18:48:00-04:00,167.43,167.5,167.3,167.48,0
2026-06-12 18:49:00-04:00,167.48,167.57,155.0,167.57,0
2026-06-12 18:50:00-04:00,167.57,167.58,167.47,167.56,0
2026-06-12 18:51:00-04:00,167.53,167.57,167.53,167.55,0
2026-06-12 18:52:00-04:00,167.56,167.86,167.51,167.75,0
2026-06-12 18:53:00-04:00,167.75,167.79,167.6,167.67,0
2026-06-12 18:54:00-04:00,167.69,167.79,167.56,167.73,0
2026-06-12 18:55:00-04:00,167.78,167.79,167.63,167.78,0
2026-06-12 18:56:00-04:00,167.79,167.79,167.62,167.65,0
2026-06-12 18:57:00-04:00,167.76,167.76,167.55,167.58,0
2026-06-12 18:58:00-04:00,167.6,167.65,167.53,167.5591,0
2026-06-12 18:59:00-04:00,167.558,167.57,167.19,167.22,0
2026-06-12 19:00:00-04:00,167.2,167.32,167.0,167.21,0
2026-06-12 19:01:00-04:00,167.3,167.4,167.1,167.3,0
2026-06-12 19:02:00-04:00,167.28,167.3,167.05,167.06,0
2026-06-12 19:03:00-04:00,167.17,167.2,166.94,166.9657,0
2026-06-12 19:04:00-04:00,166.95,167.28,166.86,167.2299,0
2026-06-12 19:05:00-04:00,167.21,167.28,167.03,167.2,0
2026-06-12 19:06:00-04:00,167.1997,167.2,166.95,166.98,0
2026-06-12 19:07:00-04:00,166.98,166.98,166.6,166.9,0
2026-06-12 19:08:00-04:00,166.9,167.2,166.7,167.15,0
2026-06-12 19:09:00-04:00,167.1473,167.51,167.1208,167.51,0
2026-06-12 19:10:00-04:00,167.5,167.75,167.35,167.49,0
2026-06-12 19:11:00-04:00,167.5063,167.68,167.41,167.6,0
2026-06-12 19:12:00-04:00,167.6,167.65,167.5,167.58,0
2026-06-12 19:13:00-04:00,167.57,167.6,167.52,167.59,0
2026-06-12 19:14:00-04:00,167.59,167.59,167.4,167.4525,0
2026-06-12 19:15:00-04:00,167.45,167.5,167.36,167.46,0
2026-06-12 19:16:00-04:00,167.48,167.57,167.4,167.54,0
2026-06-12 19:17:00-04:00,167.54,167.55,167.4,167.45,0
2026-06-12 19:18:00-04:00,167.47,167.47,167.29,167.35,0
2026-06-12 19:19:00-04:00,167.35,167.47,167.3,167.4548,0
2026-06-12 19:20:00-04:00,167.4692,167.47,167.4,167.45,0
2026-06-12 19:21:00-04:00,167.45,167.6,167.4328,167.56,0
2026-06-12 19:22:00-04:00,167.6,167.75,159.75,167.73,0
2026-06-12 19:23:00-04:00,167.7267,167.79,167.65,167.72,0
2026-06-12 19:24:00-04:00,167.73,167.73,167.59,167.68,0
2026-06-12 19:25:00-04:00,167.6897,167.8,167.66,167.7983,0
2026-06-12 19:26:00-04:00,167.7994,167.88,167.7,167.78,0
2026-06-12 19:27:00-04:00,167.78,167.87,167.76,167.87,0
2026-06-12 19:28:00-04:00,167.87,167.87,167.84,167.87,0
2026-06-12 19:29:00-04:00,167.8693,167.87,167.79,167.85,0
2026-06-12 19:30:00-04:00,167.86,168.0,167.83,167.98,0
2026-06-12 19:31:00-04:00,167.98,167.98,167.81,167.87,0
2026-06-12 19:32:00-04:00,167.86,167.9,167.51,167.71,0
2026-06-12 19:33:00-04:00,167.71,167.71,156.0,167.51,0
2026-06-12 19:34:00-04:00,167.51,167.51,156.42,167.3008,0
2026-06-12 19:35:00-04:00,167.3296,167.45,158.14,167.2773,0
2026-06-12 19:36:00-04:00,167.29,167.3,156.92,166.9787,0
2026-06-12 19:37:00-04:00,157.35,166.98,157.35,166.96,0
2026-06-12 19:38:00-04:00,166.9656,167.22,158.0,167.18,0
2026-06-12 19:39:00-04:00,167.18,167.35,157.48,167.1,0
2026-06-12 19:40:00-04:00,167.15,167.15,155.88,166.87,0
2026-06-12 19:41:00-04:00,166.78,167.13,157.0,167.12,0
2026-06-12 19:42:00-04:00,167.1,167.14,156.1,167.0,0
2026-06-12 19:43:00-04:00,167.0,167.28,156.27,167.28,0
2026-06-12 19:44:00-04:00,167.25,167.52,158.46,167.4,0
2026-06-12 19:45:00-04:00,167.44,167.45,156.0,167.1,0
2026-06-12 19:46:00-04:00,167.1,167.15,159.48,166.9881,0
2026-06-12 19:47:00-04:00,166.99,166.99,156.21,166.69,0
2026-06-12 19:48:00-04:00,166.69,167.0,159.14,166.87,0
2026-06-12 19:49:00-04:00,166.8691,167.23,156.74,167.19,0
2026-06-12 19:50:00-04:00,167.2,167.2,166.81,166.9999,0
2026-06-12 19:51:00-04:00,167.0,167.15,166.9,166.96,0
2026-06-12 19:52:00-04:00,167.06,167.1,166.9,166.97,0
2026-06-12 19:53:00-04:00,166.91,166.99,166.8,166.83,0
2026-06-12 19:54:00-04:00,166.825,166.85,166.62,166.84,0
2026-06-12 19:55:00-04:00,166.85,166.99,166.8,166.91,0
2026-06-12 19:56:00-04:00,166.96,166.97,166.9,166.94,0
2026-06-12 19:57:00-04:00,166.93,166.99,166.92,166.98,0
2026-06-12 19:58:00-04:00,166.99,166.99,166.9,166.93,0
2026-06-12 19:59:00-04:00,166.9296,166.94,166.68,166.8341,0
2026-06-15 04:00:00-04:00,170.5,173.3,167.17,170.7359,0
2026-06-15 04:01:00-04:00,170.7183,173.35,168.05,170.4251,0
2026-06-15 04:02:00-04:00,170.5,170.5,169.96,170.0533,0
2026-06-15 04:03:00-04:00,170.05,170.12,168.75,168.7688,0
2026-06-15 04:04:00-04:00,168.79,170.7,168.56,169.7568,0
2026-06-15 04:05:00-04:00,169.7516,170.83,169.34,170.76,0
2026-06-15 04:06:00-04:00,170.681,170.77,170.15,170.77,0
2026-06-15 04:07:00-04:00,170.7246,173.31,168.2,170.97,0
2026-06-15 04:08:00-04:00,168.8,173.22,168.29,170.22,0
2026-06-15 04:09:00-04:00,170.26,170.4942,169.81,169.9641,0
2026-06-15 04:10:00-04:00,169.9641,170.3726,169.7,170.25,0
2026-06-15 04:11:00-04:00,170.3,170.38,170.0,170.0892,0
2026-06-15 04:12:00-04:00,170.0807,170.27,170.0,170.2626,0
2026-06-15 04:13:00-04:00,170.19,170.3,169.8,169.85,0
2026-06-15 04:14:00-04:00,169.87,170.0,169.7,169.9,0
2026-06-15 04:15:00-04:00,169.9738,170.0,169.88,169.9997,0
2026-06-15 04:16:00-04:00,170.0,170.0,169.86,169.96,0
2026-06-15 04:17:00-04:00,169.99,169.99,169.74,169.8168,0
2026-06-15 04:18:00-04:00,169.8324,170.0,169.75,169.92,0
2026-06-15 04:19:00-04:00,169.9409,170.0,169.75,169.8048,0
2026-06-15 04:20:00-04:00,169.8024,169.9,169.75,169.89,0
2026-06-15 04:21:00-04:00,169.89,169.92,169.75,169.7868,0
2026-06-15 04:22:00-04:00,169.7868,169.8,169.25,169.26,0
2026-06-15 04:23:00-04:00,169.26,169.5,168.98,169.5,0
2026-06-15 04:24:00-04:00,169.46,169.7,169.42,169.42,0
2026-06-15 04:25:00-04:00,169.5111,169.8,169.5,169.65,0
2026-06-15 04:26:00-04:00,169.66,169.8,169.64,169.8,0
2026-06-15 04:27:00-04:00,169.7804,169.99,169.75,169.8759,0
2026-06-15 04:28:00-04:00,169.9,169.9,169.66,169.6858,0
2026-06-15 04:29:00-04:00,169.71,169.75,169.6031,169.65,0
2026-06-15 04:30:00-04:00,169.6438,169.99,169.54,169.9,0
2026-06-15 04:31:00-04:00,169.97,170.0,169.87,170.0,0
2026-06-15 04:32:00-04:00,170.0,170.0,169.85,169.8861,0
2026-06-15 04:33:00-04:00,169.8868,170.0,169.8811,169.9718,0
2026-06-15 04:34:00-04:00,169.9718,169.98,169.8,169.98,0
2026-06-15 04:35:00-04:00,169.92,170.0,169.8836,169.969,0
2026-06-15 04:36:00-04:00,169.9669,170.0,169.8603,169.95,0
2026-06-15 04:37:00-04:00,169.9791,170.0,169.91,169.99,0
2026-06-15 04:38:00-04:00,169.9937,170.0,169.92,169.99,0
2026-06-15 04:39:00-04:00,170.0,170.0,169.97,170.0,0
2026-06-15 04:40:00-04:00,170.0,170.0,169.9,169.9739,0
2026-06-15 04:41:00-04:00,169.98,170.0,169.9,169.99,0
2026-06-15 04:42:00-04:00,169.98,170.42,169.93,170.42,0
2026-06-15 04:43:00-04:00,170.38,170.77,170.37,170.75,0
2026-06-15 04:44:00-04:00,170.76,170.86,170.7203,170.86,0
2026-06-15 04:45:00-04:00,170.8558,170.86,169.79,170.0,0
2026-06-15 04:46:00-04:00,170.0,170.0,169.7,169.7,0
2026-06-15 04:47:00-04:00,169.8758,169.95,169.72,169.9375,0
2026-06-15 04:48:00-04:00,169.9381,170.0,169.88,169.929,0
2026-06-15 04:49:00-04:00,169.929,170.0,169.87,169.98,0
2026-06-15 04:50:00-04:00,169.99,170.0,169.75,169.8816,0
2026-06-15 04:51:00-04:00,169.8833,169.9,169.52,169.81,0
2026-06-15 04:52:00-04:00,169.796,169.9,169.7,169.7497,0
2026-06-15 04:53:00-04:00,169.72,169.79,169.72,169.7836,0
2026-06-15 04:54:00-04:00,169.79,169.9,169.7831,169.87,0
2026-06-15 04:55:00-04:00,169.8782,169.99,169.87,169.98,0
2026-06-15 04:56:00-04:00,169.98,169.99,169.89,169.9459,0
2026-06-15 04:57:00-04:00,169.9442,169.97,169.87,169.8822,0
2026-06-15 04:58:00-04:00,169.89,169.99,169.73,169.97,0
2026-06-15 04:59:00-04:00,169.97,169.9797,169.7,169.84,0
2026-06-15 05:00:00-04:00,169.84,169.97,169.84,169.92,0
2026-06-15 05:01:00-04:00,169.92,169.98,169.9,169.94,0
2026-06-15 05:02:00-04:00,169.95,169.98,169.78,169.8,0
2026-06-15 05:03:00-04:00,169.8134,169.88,169.72,169.83,0
2026-06-15 05:04:00-04:00,169.76,169.81,169.73,169.7865,0
2026-06-15 05:05:00-04:00,169.8,169.8,169.5,169.5775,0
2026-06-15 05:06:00-04:00,169.58,169.7,169.5,169.69,0
2026-06-15 05:07:00-04:00,169.65,169.7,169.6,169.7,0
2026-06-15 05:08:00-04:00,169.6955,169.7,169.58,169.6478,0
2026-06-15 05:09:00-04:00,169.7,169.9,169.69,169.88,0
2026-06-15 05:10:00-04:00,169.88,169.9,169.85,169.89,0
2026-06-15 05:11:00-04:00,169.89,169.9,169.82,169.86,0
2026-06-15 05:12:00-04:00,169.8859,170.0,169.86,169.99,0
2026-06-15 05:13:00-04:00,169.99,170.0,169.87,170.0,0
2026-06-15 05:14:00-04:00,170.0,170.65,169.95,170.6308,0
2026-06-15 05:15:00-04:00,170.66,170.86,170.5316,170.7209,0
2026-06-15 05:16:00-04:00,170.7,170.76,170.23,170.2824,0
2026-06-15 05:17:00-04:00,170.3,170.4,170.2,170.27,0
2026-06-15 05:18:00-04:00,170.21,170.75,170.2,170.6714,0
2026-06-15 05:19:00-04:00,170.6624,171.02,170.6533,171.0,0
2026-06-15 05:20:00-04:00,171.0,171.365,170.9,171.2,0
2026-06-15 05:21:00-04:00,171.19,171.3,170.95,171.0696,0
2026-06-15 05:22:00-04:00,171.0897,171.1,170.7,171.0621,0
2026-06-15 05:23:00-04:00,171.0613,171.3,171.0,171.3,0
2026-06-15 05:24:00-04:00,171.36,172.0,171.3,171.938,0
2026-06-15 05:25:00-04:00,171.9355,172.3,171.9355,172.24,0
2026-06-15 05:26:00-04:00,172.24,172.32,171.6,171.7597,0
2026-06-15 05:27:00-04:00,171.7267,172.05,171.5745,171.69,0
2026-06-15 05:28:00-04:00,171.69,171.8915,171.5,171.78,0
2026-06-15 05:29:00-04:00,171.78,172.11,171.78,172.0,0
2026-06-15 05:30:00-04:00,171.9879,172.2,171.97,172.1912,0
2026-06-15 05:31:00-04:00,172.19,172.24,171.55,171.74,0
2026-06-15 05:32:00-04:00,171.74,171.9,171.67,171.71,0
2026-06-15 05:33:00-04:00,171.71,172.0,171.71,171.93,0
2026-06-15 05:34:00-04:00,171.94,172.1,171.83,172.01,0
2026-06-15 05:35:00-04:00,171.95,172.32,171.95,172.3,0
2026-06-15 05:36:00-04:00,172.31,172.52,172.3,172.42,0
2026-06-15 05:37:00-04:00,172.4247,172.45,172.05,172.3268,0
2026-06-15 05:38:00-04:00,172.29,172.32,171.9,171.9,0
2026-06-15 05:39:00-04:00,171.92,171.97,171.2,171.2,0
2026-06-15 05:40:00-04:00,171.2737,172.0,171.15,171.95,0
2026-06-15 05:41:00-04:00,171.96,172.0,171.6,171.72,0
2026-06-15 05:42:00-04:00,171.72,171.72,171.42,171.55,0
2026-06-15 05:43:00-04:00,171.57,171.71,171.21,171.28,0
2026-06-15 05:44:00-04:00,171.23,171.4828,170.936,171.38,0
2026-06-15 05:45:00-04:00,171.35,171.42,170.88,171.01,0
2026-06-15 05:46:00-04:00,170.9928,171.15,170.98,171.1,0
2026-06-15 05:47:00-04:00,171.1,171.15,170.83,171.0351,0
2026-06-15 05:48:00-04:00,171.0167,171.09,170.8703,170.97,0
2026-06-15 05:49:00-04:00,170.93,171.0,170.65,170.91,0
2026-06-15 05:50:00-04:00,170.94,171.0,170.6697,170.8485,0
2026-06-15 05:51:00-04:00,170.89,171.06,170.8202,171.06,0
2026-06-15 05:52:00-04:00,171.06,171.15,170.8,170.8385,0
2026-06-15 05:53:00-04:00,170.8428,170.85,170.66,170.752,0
2026-06-15 05:54:00-04:00,170.7852,170.81,170.38,170.4882,0
2026-06-15 05:55:00-04:00,170.489,171.16,170.45,170.9773,0
2026-06-15 05:56:00-04:00,171.0,171.16,170.89,170.96,0
2026-06-15 05:57:00-04:00,170.96,171.0,170.61,170.73,0
2026-06-15 05:58:00-04:00,170.71,171.0,170.71,170.99,0
2026-06-15 05:59:00-04:00,171.0,171.0,170.54,170.64,0
2026-06-15 06:00:00-04:00,170.66,171.16,170.5,171.16,0
2026-06-15 06:01:00-04:00,171.16,171.16,170.7,170.83,0
2026-06-15 06:02:00-04:00,170.71,170.86,170.28,170.3957,0
2026-06-15 06:03:00-04:00,170.3932,170.4,170.01,170.15,0
2026-06-15 06:04:00-04:00,170.15,170.28,169.99,170.232,0
2026-06-15 06:05:00-04:00,170.2711,170.55,170.26,170.3077,0
2026-06-15 06:06:00-04:00,170.26,170.4,170.09,170.095,0
2026-06-15 06:07:00-04:00,170.18,170.26,170.1,170.24,0
2026-06-15 06:08:00-04:00,170.28,170.38,169.99,170.265,0
2026-06-15 06:09:00-04:00,170.4,170.8,170.2547,170.72,0
2026-06-15 06:10:00-04:00,170.76,170.76,170.3,170.4,0
2026-06-15 06:11:00-04:00,170.37,170.47,170.3,170.4,0
2026-06-15 06:12:00-04:00,170.42,170.42,170.34,170.41,0
2026-06-15 06:13:00-04:00,170.41,170.46,170.37,170.44,0
2026-06-15 06:14:00-04:00,170.4336,170.6557,170.405,170.5036,0
2026-06-15 06:15:00-04:00,170.51,170.76,170.47,170.75,0
2026-06-15 06:16:00-04:00,170.73,170.8,170.52,170.7194,0
2026-06-15 06:17:00-04:00,170.7344,170.76,170.4831,170.64,0
2026-06-15 06:18:00-04:00,170.64,170.64,170.01,170.31,0
2026-06-15 06:19:00-04:00,170.3382,170.36,169.93,170.1,0
2026-06-15 06:20:00-04:00,170.0422,170.3,169.9625,170.25,0
2026-06-15 06:21:00-04:00,170.2541,170.5,170.2,170.48,0
2026-06-15 06:22:00-04:00,170.468,170.53,170.28,170.32,0
2026-06-15 06:23:00-04:00,170.37,170.43,170.0,170.0067,0
2026-06-15 06:24:00-04:00,170.0,170.43,170.0,170.37,0
2026-06-15 06:25:00-04:00,170.35,170.43,170.01,170.11,0
2026-06-15 06:26:00-04:00,170.19,170.25,170.03,170.084,0
2026-06-15 06:27:00-04:00,170.0831,170.16,169.94,170.0,0
2026-06-15 06:28:00-04:00,169.98,170.0,169.85,170.0,0
2026-06-15 06:29:00-04:00,170.0,170.02,169.7,169.7829,0
2026-06-15 06:30:00-04:00,169.7211,170.0,169.71,169.96,0
2026-06-15 06:31:00-04:00,169.936,170.0,169.74,169.9,0
2026-06-15 06:32:00-04:00,169.96,169.96,169.68,169.79,0
2026-06-15 06:33:00-04:00,169.8,170.0,169.75,169.96,0
2026-06-15 06:34:00-04:00,169.96,170.57,169.8916,170.558,0
2026-06-15 06:35:00-04:00,170.53,170.72,170.36,170.5637,0
2026-06-15 06:36:00-04:00,170.58,170.68,170.33,170.45,0
2026-06-15 06:37:00-04:00,170.45,170.5,170.2,170.29,0
2026-06-15 06:38:00-04:00,170.36,170.48,170.2,170.4,0
2026-06-15 06:39:00-04:00,170.3717,170.4,169.93,170.2,0
2026-06-15 06:40:00-04:00,170.28,170.3,170.1,170.14,0
2026-06-15 06:41:00-04:00,170.1533,170.2,169.93,169.9736,0
2026-06-15 06:42:00-04:00,169.97,170.1,169.9,169.97,0
2026-06-15 06:43:00-04:00,169.97,170.0,169.87,169.981,0
2026-06-15 06:44:00-04:00,169.96,170.0,169.85,169.97,0
2026-06-15 06:45:00-04:00,169.96,169.99,169.65,169.757,0
2026-06-15 06:46:00-04:00,169.712,169.98,169.5,169.8387,0
2026-06-15 06:47:00-04:00,169.82,169.89,169.66,169.8,0
2026-06-15 06:48:00-04:00,169.8,169.912,169.68,169.73,0
2026-06-15 06:49:00-04:00,169.7286,169.9,169.7249,169.8712,0
2026-06-15 06:50:00-04:00,169.8893,169.97,169.86,169.97,0
2026-06-15 06:51:00-04:00,169.9547,169.99,169.9,169.95,0
2026-06-15 06:52:00-04:00,169.93,169.95,168.84,168.9634,0
2026-06-15 06:53:00-04:00,168.9704,169.0,168.6,168.95,0
2026-06-15 06:54:00-04:00,168.94,169.04,168.86,168.9,0
2026-06-15 06:55:00-04:00,168.95,169.0,168.8564,168.8843,0
2026-06-15 06:56:00-04:00,168.8843,169.0,168.46,168.61,0
2026-06-15 06:57:00-04:00,168.6565,168.91,168.56,168.56,0
2026-06-15 06:58:00-04:00,168.6,168.6,168.3972,168.52,0
2026-06-15 06:59:00-04:00,168.58,168.6,168.42,168.46,0
2026-06-15 07:00:00-04:00,168.48,169.55,168.38,169.16,0
2026-06-15 07:01:00-04:00,169.2,171.0,168.88,169.3358,0
2026-06-15 07:02:00-04:00,169.4027,169.48,169.0,169.2,0
2026-06-15 07:03:00-04:00,169.1997,169.33,168.99,169.1999,0
2026-06-15 07:04:00-04:00,169.1998,169.25,169.0,169.25,0
2026-06-15 07:05:00-04:00,169.25,169.34,169.01,169.3,0
2026-06-15 07:06:00-04:00,169.23,169.35,169.14,169.2799,0
2026-06-15 07:07:00-04:00,169.27,169.59,169.17,169.5443,0
2026-06-15 07:08:00-04:00,169.5379,169.9,169.48,169.85,0
2026-06-15 07:09:00-04:00,169.89,169.9,169.76,169.89,0
2026-06-15 07:10:00-04:00,169.88,170.05,169.85,169.85,0
2026-06-15 07:11:00-04:00,169.91,170.0,169.6,169.6681,0
2026-06-15 07:12:00-04:00,169.6994,169.6997,169.5,169.55,0
2026-06-15 07:13:00-04:00,169.55,169.77,169.5,169.67,0
2026-06-15 07:14:00-04:00,169.65,169.67,169.48,169.59,0
2026-06-15 07:15:00-04:00,169.6,169.69,169.6,169.6,0
2026-06-15 07:16:00-04:00,169.65,169.69,169.6,169.69,0
2026-06-15 07:17:00-04:00,169.6888,169.75,169.61,169.65,0
2026-06-15 07:18:00-04:00,169.65,169.7,169.4,169.49,0
2026-06-15 07:19:00-04:00,169.4013,169.5,169.0,169.06,0
2026-06-15 07:20:00-04:00,169.0689,169.2,169.01,169.0713,0
2026-06-15 07:21:00-04:00,169.11,169.3,168.88,168.97,0
2026-06-15 07:22:00-04:00,168.99,169.05,168.81,168.85,0
2026-06-15 07:23:00-04:00,168.8784,169.0,168.79,168.8968,0
2026-06-15 07:24:00-04:00,168.9,169.15,168.88,169.11,0
2026-06-15 07:25:00-04:00,169.1381,169.47,169.13,169.4392,0
2026-06-15 07:26:00-04:00,169.4,169.55,169.3,169.4961,0
2026-06-15 07:27:00-04:00,169.48,169.5,169.18,169.23,0
2026-06-15 07:28:00-04:00,169.25,169.26,169.11,169.1414,0
2026-06-15 07:29:00-04:00,169.15,169.21,169.0,169.0293,0
2026-06-15 07:30:00-04:00,169.02,169.27,168.79,168.84,0
2026-06-15 07:31:00-04:00,168.84,169.08,168.35,168.4679,0
2026-06-15 07:32:00-04:00,168.41,168.5,168.17,168.18,0
2026-06-15 07:33:00-04:00,168.19,168.2,167.74,167.76,0
2026-06-15 07:34:00-04:00,167.77,167.9,167.57,167.64,0
2026-06-15 07:35:00-04:00,167.6302,167.67,167.17,167.67,0
2026-06-15 07:36:00-04:00,167.6,167.8,167.18,167.24,0
2026-06-15 07:37:00-04:00,167.24,167.9,167.08,167.9,0
2026-06-15 07:38:00-04:00,167.8998,168.33,167.89,168.33,0
2026-06-15 07:39:00-04:00,168.33,168.35,168.0,168.19,0
2026-06-15 07:40:00-04:00,168.05,168.2,167.8,167.94,0
2026-06-15 07:41:00-04:00,167.89,168.6,167.89,168.57,0
2026-06-15 07:42:00-04:00,168.58,168.89,168.55,168.88,0
2026-06-15 07:43:00-04:00,168.85,169.2,168.69,168.939,0
2026-06-15 07:44:00-04:00,169.12,169.25,168.59,168.86,0
2026-06-15 07:45:00-04:00,168.8709,169.25,168.81,169.22,0
2026-06-15 07:46:00-04:00,169.2281,169.52,169.18,169.49,0
2026-06-15 07:47:00-04:00,169.46,169.55,169.21,169.4417,0
2026-06-15 07:48:00-04:00,169.47,169.55,169.21,169.3483,0
2026-06-15 07:49:00-04:00,169.3381,169.45,169.15,169.3012,0
2026-06-15 07:50:00-04:00,169.3856,169.75,169.29,169.74,0
2026-06-15 07:51:00-04:00,169.7492,169.98,169.7,169.97,0
2026-06-15 07:52:00-04:00,169.9693,170.0,169.88,169.99,0
2026-06-15 07:53:00-04:00,169.99,170.0,169.61,169.89,0
2026-06-15 07:54:00-04:00,169.89,170.05,169.81,170.0,0
2026-06-15 07:55:00-04:00,170.0,170.3,169.82,170.0,0
2026-06-15 07:56:00-04:00,169.9994,170.08,169.6,169.68,0
2026-06-15 07:57:00-04:00,169.66,169.91,169.47,169.55,0
2026-06-15 07:58:00-04:00,169.57,169.65,169.3,169.39,0
2026-06-15 07:59:00-04:00,169.29,169.5,169.16,169.18,0
2026-06-15 08:00:00-04:00,169.19,169.5684,169.14,169.4499,0
2026-06-15 08:01:00-04:00,169.4305,169.5,169.11,169.4206,0
2026-06-15 08:02:00-04:00,169.45,169.5,169.25,169.42,0
2026-06-15 08:03:00-04:00,169.424,169.95,169.3,169.89,0
2026-06-15 08:04:00-04:00,169.9,170.15,169.72,170.1288,0
2026-06-15 08:05:00-04:00,170.13,170.65,169.89,170.6,0
2026-06-15 08:06:00-04:00,170.6235,170.7,170.2,170.5801,0
2026-06-15 08:07:00-04:00,170.597,170.84,170.55,170.7,0
2026-06-15 08:08:00-04:00,170.7,170.81,170.5,170.63,0
2026-06-15 08:09:00-04:00,170.65,170.68,170.2903,170.3,0
2026-06-15 08:10:00-04:00,170.46,170.56,170.16,170.2195,0
2026-06-15 08:11:00-04:00,170.23,170.38,170.17,170.3447,0
2026-06-15 08:12:00-04:00,170.37,170.6,170.16,170.55,0
2026-06-15 08:13:00-04:00,170.55,170.65,170.38,170.44,0
2026-06-15 08:14:00-04:00,170.49,170.51,170.3,170.45,0
2026-06-15 08:15:00-04:00,170.49,170.6,170.36,170.5,0
2026-06-15 08:16:00-04:00,170.5,170.5,170.11,170.12,0
2026-06-15 08:17:00-04:00,170.1396,170.15,169.36,169.48,0
2026-06-15 08:18:00-04:00,169.5,169.91,169.48,169.8901,0
2026-06-15 08:19:00-04:00,169.9,170.0,169.85,169.98,0
2026-06-15 08:20:00-04:00,169.91,170.0,169.89,170.0,0
2026-06-15 08:21:00-04:00,170.0,170.0,169.85,169.96,0
2026-06-15 08:22:00-04:00,169.9599,170.0,169.89,169.9732,0
2026-06-15 08:23:00-04:00,170.0,170.01,169.9,169.91,0
2026-06-15 08:24:00-04:00,169.96,170.0,169.36,169.55,0
2026-06-15 08:25:00-04:00,169.54,169.61,169.23,169.23,0
2026-06-15 08:26:00-04:00,169.33,169.8,169.19,169.79,0
2026-06-15 08:27:00-04:00,169.8,170.25,169.73,170.14,0
2026-06-15 08:28:00-04:00,170.1238,170.25,169.23,169.66,0
2026-06-15 08:29:00-04:00,169.54,169.96,169.41,169.95,0
2026-06-15 08:30:00-04:00,169.99,170.2,169.68,170.2,0
2026-06-15 08:31:00-04:00,170.2,170.5,169.96,170.1152,0
2026-06-15 08:32:00-04:00,170.1102,170.31,170.0,170.02,0
2026-06-15 08:33:00-04:00,170.01,170.19,169.99,170.119,0
2026-06-15 08:34:00-04:00,170.1181,170.47,170.0401,170.3627,0
2026-06-15 08:35:00-04:00,170.3608,170.4,170.25,170.38,0
2026-06-15 08:36:00-04:00,170.36,170.49,170.3,170.42,0
2026-06-15 08:37:00-04:00,170.4298,170.61,163.29,170.54,0
2026-06-15 08:38:00-04:00,170.5305,170.61,170.44,170.6002,0
2026-06-15 08:39:00-04:00,170.6098,171.16,170.6,170.74,0
2026-06-15 08:40:00-04:00,170.74,171.09,170.52,171.05,0
2026-06-15 08:41:00-04:00,171.09,171.49,170.92,171.4599,0
2026-06-15 08:42:00-04:00,171.44,171.55,171.12,171.31,0
2026-06-15 08:43:00-04:00,171.31,171.43,170.1,170.8813,0
2026-06-15 08:44:00-04:00,170.8,171.3,169.78,170.24,0
2026-06-15 08:45:00-04:00,170.4,170.4,135.0,170.39,0
2026-06-15 08:46:00-04:00,170.25,170.6,170.1351,170.57,0
2026-06-15 08:47:00-04:00,170.57,170.7,170.46,170.63,0
2026-06-15 08:48:00-04:00,170.6,171.0,170.58,170.9987,0
2026-06-15 08:49:00-04:00,170.9936,171.0,170.9,171.0,0
2026-06-15 08:50:00-04:00,170.94,171.09,170.78,170.999,0
2026-06-15 08:51:00-04:00,170.95,171.0,170.6,170.89,0
2026-06-15 08:52:00-04:00,170.8995,171.0,170.87,170.99,0
2026-06-15 08:53:00-04:00,170.98,171.0,170.8,170.98,0
2026-06-15 08:54:00-04:00,170.9999,171.0,170.8,170.9524,0
2026-06-15 08:55:00-04:00,170.98,171.0,135.0,170.93,0
2026-06-15 08:56:00-04:00,170.92,171.0,170.85,170.88,0
2026-06-15 08:57:00-04:00,170.97,170.97,170.68,170.81,0
2026-06-15 08:58:00-04:00,170.83,171.0,151.67,170.55,0
2026-06-15 08:59:00-04:00,170.55,170.94,170.22,170.3,0
2026-06-15 09:00:00-04:00,170.242,170.3,169.81,169.9987,0
2026-06-15 09:01:00-04:00,170.0,170.07,168.88,169.9,0
2026-06-15 09:02:00-04:00,169.98,169.98,157.0,169.7189,0
2026-06-15 09:03:00-04:00,169.6622,170.05,169.65,169.9496,0
2026-06-15 09:04:00-04:00,169.9498,170.07,169.18,169.5,0
2026-06-15 09:05:00-04:00,169.59,170.02,135.0,169.94,0
2026-06-15 09:06:00-04:00,169.94,169.99,169.6,169.67,0
2026-06-15 09:07:00-04:00,169.67,170.0,169.5,169.9886,0
2026-06-15 09:08:00-04:00,170.0,170.0,169.67,169.91,0
2026-06-15 09:09:00-04:00,169.8737,169.9,168.9,169.4825,0
2026-06-15 09:10:00-04:00,169.5,169.7,135.0,169.52,0
2026-06-15 09:11:00-04:00,169.58,169.7,169.4391,169.6004,0
2026-06-15 09:12:00-04:00,169.62,169.89,169.57,169.89,0
2026-06-15 09:13:00-04:00,169.88,170.0,160.74,169.95,0
2026-06-15 09:14:00-04:00,169.9469,170.05,157.0,169.99,0
2026-06-15 09:15:00-04:00,170.0,170.0,150.0,169.92,0
2026-06-15 09:16:00-04:00,169.9,170.06,169.85,169.95,0
2026-06-15 09:17:00-04:00,169.94,169.97,169.88,169.96,0
2026-06-15 09:18:00-04:00,169.96,170.0,169.89,169.9517,0
2026-06-15 09:19:00-04:00,169.9567,169.96,169.73,169.73,0
2026-06-15 09:20:00-04:00,169.8,169.8,160.95,169.4706,0
2026-06-15 09:21:00-04:00,169.47,169.5,169.18,169.4484,0
2026-06-15 09:22:00-04:00,169.44,169.8,169.35,169.79,0
2026-06-15 09:23:00-04:00,169.79,170.1,169.41,169.8,0
2026-06-15 09:24:00-04:00,169.6,170.06,169.53,169.8,0
2026-06-15 09:25:00-04:00,169.83,172.17,169.55,171.37,0
2026-06-15 09:26:00-04:00,171.37,171.37,169.65,170.34,0
2026-06-15 09:27:00-04:00,170.34,170.74,170.17,170.3794,0
2026-06-15 09:28:00-04:00,170.39,171.65,170.25,171.44,0
2026-06-15 09:29:00-04:00,171.41,172.15,171.4,171.8099,0
2026-06-15 09:30:00-04:00,171.80999755859375,175.0,171.00999450683594,174.59500122070312,27280174
2026-06-15 09:31:00-04:00,174.63999938964844,174.6699981689453,173.60000610351562,173.8881072998047,1896214
2026-06-15 09:32:00-04:00,173.9499969482422,174.0,173.1999969482422,173.7993927001953,1397113
2026-06-15 09:33:00-04:00,173.8000030517578,173.91000366210938,170.80999755859375,170.89999389648438,1777672
2026-06-15 09:34:00-04:00,170.9199981689453,171.69500732421875,170.1999969482422,170.49000549316406,1726118
2026-06-15 09:35:00-04:00,170.5050048828125,171.10000610351562,169.1300048828125,169.639892578125,2906995
2026-06-15 09:36:00-04:00,169.5778045654297,169.97999572753906,168.39999389648438,168.89999389648438,1576233
2026-06-15 09:37:00-04:00,168.86000061035156,169.9499969482422,168.36000061035156,169.82000732421875,1044260
2026-06-15 09:38:00-04:00,169.8699951171875,170.89999389648438,169.10000610351562,170.6699981689453,1115668
2026-06-15 09:39:00-04:00,170.64999389648438,171.0,170.10000610351562,170.10499572753906,931087
2026-06-15 09:40:00-04:00,170.10000610351562,170.5,169.77999877929688,169.9499969482422,1036495
2026-06-15 09:41:00-04:00,169.9550018310547,170.07000732421875,169.39999389648438,169.8990020751953,778677
2026-06-15 09:42:00-04:00,169.81649780273438,170.8000030517578,169.61000061035156,170.72999572753906,954718
2026-06-15 09:43:00-04:00,170.67999267578125,171.0,169.89999389648438,170.5800018310547,961064
2026-06-15 09:44:00-04:00,170.60000610351562,172.47000122070312,170.33999633789062,171.9600067138672,1272439
2026-06-15 09:45:00-04:00,171.9600067138672,173.0,171.92999267578125,172.97999572753906,1102946
2026-06-15 09:46:00-04:00,172.99000549316406,173.25,172.2100067138672,172.78500366210938,1072620
2026-06-15 09:47:00-04:00,172.7949981689453,173.25,172.1999969482422,172.6999969482422,724644
2026-06-15 09:48:00-04:00,172.72000122070312,173.0,172.3000030517578,172.97000122070312,738704
2026-06-15 09:49:00-04:00,172.9499969482422,174.08999633789062,172.75999450683594,173.8000030517578,1364598
2026-06-15 09:50:00-04:00,173.8350067138672,174.5800018310547,173.44000244140625,173.97999572753906,1114803
2026-06-15 09:51:00-04:00,174.0,174.0,173.32000732421875,173.7899932861328,625202
2026-06-15 09:52:00-04:00,173.8000030517578,173.83999633789062,172.6199951171875,173.14999389648438,747589
2026-06-15 09:53:00-04:00,173.1652069091797,174.39999389648438,173.05999755859375,174.17999267578125,909122
2026-06-15 09:54:00-04:00,174.1699981689453,174.25999450683594,173.24000549316406,173.5399932861328,617960
2026-06-15 09:55:00-04:00,173.5500030517578,174.85499572753906,173.5399932861328,174.70799255371094,932175
2026-06-15 09:56:00-04:00,174.77999877929688,174.99000549316406,174.47999572753906,174.94000244140625,1318119
2026-06-15 09:57:00-04:00,174.99000549316406,174.99000549316406,174.25,174.39999389648438,858291
2026-06-15 09:58:00-04:00,174.39999389648438,174.50999450683594,173.88999938964844,174.24000549316406,700505
2026-06-15 09:59:00-04:00,174.13999938964844,174.32000732421875,173.44000244140625,173.6300048828125,628608
2026-06-15 10:00:00-04:00,173.6300048828125,173.647705078125,172.8000030517578,173.28529357910156,770824
2026-06-15 10:01:00-04:00,173.3159942626953,173.5500030517578,172.8101043701172,173.5399932861328,640468
2026-06-15 10:02:00-04:00,173.53250122070312,173.6898956298828,172.89999389648438,173.0655975341797,520113
2026-06-15 10:03:00-04:00,173.0,174.41000366210938,172.72149658203125,174.35000610351562,756323
2026-06-15 10:04:00-04:00,174.3498992919922,174.35000610351562,173.85000610351562,174.0,576779
2026-06-15 10:05:00-04:00,174.0,174.22999572753906,173.41000366210938,173.47000122070312,610892
2026-06-15 10:06:00-04:00,173.47000122070312,173.61000061035156,173.1699981689453,173.24000549316406,508427
2026-06-15 10:07:00-04:00,173.24000549316406,173.52999877929688,172.8000030517578,172.85499572753906,559193
2026-06-15 10:08:00-04:00,172.80999755859375,173.25,172.8000030517578,173.0,427196
2026-06-15 10:09:00-04:00,173.0,173.0500030517578,172.13999938964844,172.34500122070312,750896
2026-06-15 10:10:00-04:00,172.2899932861328,173.85000610351562,172.27000427246094,173.80999755859375,677594
2026-06-15 10:11:00-04:00,173.85000610351562,174.6999969482422,173.72000122070312,174.6699981689453,1021340
2026-06-15 10:12:00-04:00,174.65679931640625,174.66000366210938,172.72999572753906,172.9250030517578,841887
2026-06-15 10:13:00-04:00,172.9001007080078,173.8000030517578,172.1999969482422,173.77000427246094,828051
2026-06-15 10:14:00-04:00,173.82989501953125,174.47000122070312,173.5,174.4600067138672,799517
2026-06-15 10:15:00-04:00,174.4250030517578,174.60000610351562,174.0800018310547,174.4600067138672,566147
2026-06-15 10:16:00-04:00,174.47999572753906,174.89999389648438,174.0,174.25,1004832
2026-06-15 10:17:00-04:00,174.2050018310547,174.5,173.89100646972656,174.0850067138672,476526
2026-06-15 10:18:00-04:00,174.0850067138672,175.89999389648438,172.8800048828125,174.03500366210938,3123523
2026-06-15 10:19:00-04:00,173.89999389648438,174.1300048828125,172.75999450683594,173.10989379882812,801049
2026-06-15 10:20:00-04:00,173.11000061035156,173.60000610351562,172.89999389648438,173.10499572753906,471292
2026-06-15 10:21:00-04:00,173.10499572753906,173.74989318847656,172.97000122070312,173.50999450683594,385603
2026-06-15 10:22:00-04:00,173.50999450683594,173.5500030517578,172.60000610351562,172.6903076171875,527997
2026-06-15 10:23:00-04:00,172.7100067138672,172.88999938964844,171.3000030517578,171.76539611816406,1149261
2026-06-15 10:24:00-04:00,171.69000244140625,171.88999938964844,170.75999450683594,171.33999633789062,1106326
2026-06-15 10:25:00-04:00,171.34750366210938,171.38999938964844,170.6199951171875,171.02499389648438,567061
2026-06-15 10:26:00-04:00,171.02499389648438,171.49000549316406,170.60000610351562,171.2949981689453,673751
2026-06-15 10:27:00-04:00,171.3000030517578,171.99000549316406,171.2100067138672,171.60899353027344,482931
2026-06-15 10:28:00-04:00,171.60499572753906,171.7899932861328,171.0301055908203,171.18069458007812,387604
2026-06-15 10:29:00-04:00,170.90499877929688,171.0,170.66000366210938,170.85000610351562,571347
2026-06-15 10:30:00-04:00,170.8800048828125,171.25,170.6999969482422,171.05499267578125,387119
2026-06-15 10:31:00-04:00,171.0,171.11500549316406,170.6699981689453,170.85910034179688,373396
2026-06-15 10:32:00-04:00,170.80999755859375,171.11000061035156,170.25999450683594,170.52999877929688,511513
2026-06-15 10:33:00-04:00,170.55999755859375,170.6199951171875,169.39999389648438,169.9499969482422,1724670
2026-06-15 10:34:00-04:00,169.960205078125,170.43499755859375,169.1999969482422,169.7899932861328,718400
2026-06-15 10:35:00-04:00,169.77000427246094,170.60000610351562,169.6699981689453,170.37130737304688,445786
2026-06-15 10:36:00-04:00,170.35000610351562,171.16000366210938,170.3300018310547,171.14999389648438,579288
2026-06-15 10:37:00-04:00,171.11000061035156,171.6999969482422,171.0,171.58999633789062,466961
2026-06-15 10:38:00-04:00,171.57000732421875,171.6999969482422,171.0,171.25,412535
2026-06-15 10:39:00-04:00,171.19500732421875,171.4499969482422,171.02999877929688,171.3800048828125,241410
2026-06-15 10:40:00-04:00,171.42999267578125,171.94000244140625,171.30999755859375,171.89959716796875,318732
2026-06-15 10:41:00-04:00,171.89999389648438,172.5,171.8699951171875,172.1199951171875,543350
2026-06-15 10:42:00-04:00,172.12249755859375,172.72000122070312,172.07000732421875,172.63999938964844,309518
2026-06-15 10:43:00-04:00,172.6385955810547,172.97999572753906,172.3800048828125,172.57000732421875,383788
2026-06-15 10:44:00-04:00,172.5399932861328,173.0,172.52999877929688,172.9149932861328,425521
2026-06-15 10:45:00-04:00,172.89999389648438,172.99000549316406,172.50999450683594,172.54989624023438,295950
2026-06-15 10:46:00-04:00,172.52999877929688,172.77000427246094,172.38999938964844,172.64500427246094,355028
2026-06-15 10:47:00-04:00,172.64639282226562,172.89999389648438,172.35000610351562,172.74000549316406,417091
2026-06-15 10:48:00-04:00,172.78500366210938,172.82899475097656,172.3000030517578,172.3000030517578,332723
2026-06-15 10:49:00-04:00,172.3000030517578,172.6300048828125,172.0,172.5,413981
2026-06-15 10:50:00-04:00,172.50999450683594,173.3800048828125,172.41000366210938,173.21499633789062,528684
2026-06-15 10:51:00-04:00,173.21499633789062,173.4199981689453,172.60000610351562,172.86000061035156,398629
2026-06-15 10:52:00-04:00,172.85000610351562,173.0,172.52999877929688,173.0,309762
2026-06-15 10:53:00-04:00,172.96530151367188,173.1999969482422,172.72999572753906,172.72999572753906,309397
2026-06-15 10:54:00-04:00,172.77000427246094,173.22500610351562,172.6114044189453,173.22500610351562,286255
2026-06-15 10:55:00-04:00,173.21490478515625,173.5,172.9499969482422,173.49989318847656,344483
2026-06-15 10:56:00-04:00,173.422607421875,173.64999389648438,173.18499755859375,173.3800048828125,302247
2026-06-15 10:57:00-04:00,173.38999938964844,173.8000030517578,173.22000122070312,173.3300018310547,365701
2026-06-15 10:58:00-04:00,173.39999389648438,173.5,173.1999969482422,173.34500122070312,207676
2026-06-15 10:59:00-04:00,173.34500122070312,173.8000030517578,173.30999755859375,173.60000610351562,253730
2026-06-15 11:00:00-04:00,173.58999633789062,173.8000030517578,173.3699951171875,173.60499572753906,310481
2026-06-15 11:01:00-04:00,173.60499572753906,174.0,173.5,173.75,609602
2026-06-15 11:02:00-04:00,173.8000030517578,174.0,173.5,173.69500732421875,277576
2026-06-15 11:03:00-04:00,173.7050018310547,174.0,173.64999389648438,173.90989685058594,310181
2026-06-15 11:04:00-04:00,173.91000366210938,173.9600067138672,173.5,173.9239959716797,359045
2026-06-15 11:05:00-04:00,173.88999938964844,173.92999267578125,173.5,173.72500610351562,238611
2026-06-15 11:06:00-04:00,173.72500610351562,173.7899932861328,173.1999969482422,173.53579711914062,347456
2026-06-15 11:07:00-04:00,173.52499389648438,173.5399932861328,173.0,173.03500366210938,432578
2026-06-15 11:08:00-04:00,173.029296875,173.69000244140625,173.0,173.61000061035156,406833
2026-06-15 11:09:00-04:00,173.64999389648438,173.72999572753906,173.39999389648438,173.5500030517578,179815
2026-06-15 11:10:00-04:00,173.5500030517578,173.81930541992188,173.5,173.79150390625,210401
2026-06-15 11:11:00-04:00,173.77000427246094,173.97000122070312,173.25,173.26499938964844,296529
2026-06-15 11:12:00-04:00,173.2664031982422,173.50999450683594,173.14999389648438,173.32000732421875,210089
2026-06-15 11:13:00-04:00,173.343505859375,173.75,173.3000030517578,173.71499633789062,194912
2026-06-15 11:14:00-04:00,173.72500610351562,173.8800048828125,173.5800018310547,173.8000030517578,223261
2026-06-15 11:15:00-04:00,173.77999877929688,173.85000610351562,173.60000610351562,173.65499877929688,240222
2026-06-15 11:16:00-04:00,173.65499877929688,173.8000030517578,173.32000732421875,173.71499633789062,303322
2026-06-15 11:17:00-04:00,173.71499633789062,173.85000610351562,173.64999389648438,173.75,244203
2026-06-15 11:18:00-04:00,173.75,173.89999389648438,173.14999389648438,173.31500244140625,335796
2026-06-15 11:19:00-04:00,173.26150512695312,173.4792938232422,173.00999450683594,173.25999450683594,365402
2026-06-15 11:20:00-04:00,173.25,173.57000732421875,173.1300048828125,173.41000366210938,235367
2026-06-15 11:21:00-04:00,173.40499877929688,173.40499877929688,172.57000732421875,172.57000732421875,374113
2026-06-15 11:22:00-04:00,172.60000610351562,173.0655059814453,172.52999877929688,172.92999267578125,269142
2026-06-15 11:23:00-04:00,172.9698944091797,173.38999938964844,172.89120483398438,173.24000549316406,234730
2026-06-15 11:24:00-04:00,173.27999877929688,173.67999267578125,173.1699981689453,173.67999267578125,316617
2026-06-15 11:25:00-04:00,173.66000366210938,173.69000244140625,173.11000061035156,173.3094940185547,358056
2026-06-15 11:26:00-04:00,173.3249969482422,173.4499969482422,173.10000610351562,173.4149932861328,185484
2026-06-15 11:27:00-04:00,173.4149932861328,173.67999267578125,173.3699951171875,173.6699981689453,229016
2026-06-15 11:28:00-04:00,173.6009063720703,173.8000030517578,173.55999755859375,173.77499389648438,230633
2026-06-15 11:29:00-04:00,173.77499389648438,174.0800018310547,173.35000610351562,173.6616973876953,677649
2026-06-15 11:30:00-04:00,173.64999389648438,173.6999969482422,173.27000427246094,173.5,259350
2026-06-15 11:31:00-04:00,173.57000732421875,174.0,173.51010131835938,173.8800048828125,291275
2026-06-15 11:32:00-04:00,173.88999938964844,174.0,173.80999755859375,173.8800048828125,291961
2026-06-15 11:33:00-04:00,173.91000366210938,173.96240234375,173.6300048828125,173.66000366210938,252258
2026-06-15 11:34:00-04:00,173.66000366210938,174.0,173.6199951171875,173.92999267578125,212624
2026-06-15 11:35:00-04:00,173.92999267578125,174.0399932861328,173.7899932861328,173.7899932861328,308919
2026-06-15 11:36:00-04:00,173.7899932861328,173.99000549316406,173.77000427246094,173.88999938964844,213037
2026-06-15 11:37:00-04:00,173.88999938964844,174.00999450683594,173.82000732421875,173.85499572753906,272828
2026-06-15 11:38:00-04:00,173.85499572753906,173.9600067138672,173.69000244140625,173.94000244140625,232490
2026-06-15 11:39:00-04:00,173.93499755859375,174.0366973876953,173.5800018310547,173.92579650878906,452008
2026-06-15 11:40:00-04:00,173.8800048828125,174.49000549316406,173.7100067138672,174.44000244140625,805295
2026-06-15 11:41:00-04:00,174.47000122070312,174.64999389648438,174.36000061035156,174.56500244140625,552687
2026-06-15 11:42:00-04:00,174.5800018310547,174.64990234375,174.17999267578125,174.3350067138672,324399
2026-06-15 11:43:00-04:00,174.3000030517578,174.60000610351562,174.10000610351562,174.60000610351562,306672
2026-06-15 11:44:00-04:00,174.5800018310547,174.64999389648438,174.35000610351562,174.5449981689453,246216
2026-06-15 11:45:00-04:00,174.52999877929688,174.57000732421875,174.33999633789062,174.52999877929688,258764
2026-06-15 11:46:00-04:00,174.52999877929688,174.5800018310547,174.33999633789062,174.38499450683594,234127
2026-06-15 11:47:00-04:00,174.38499450683594,174.85000610351562,174.27999877929688,174.7899932861328,465555
2026-06-15 11:48:00-04:00,174.8000030517578,175.4499969482422,174.6699981689453,175.3249969482422,1269840
2026-06-15 11:49:00-04:00,175.33999633789062,175.69000244140625,175.27999877929688,175.53939819335938,676294
2026-06-15 11:50:00-04:00,175.53939819335938,175.61000061035156,174.8000030517578,175.16000366210938,430031
2026-06-15 11:51:00-04:00,175.12330627441406,175.63999938964844,175.10000610351562,175.4810028076172,425154
2026-06-15 11:52:00-04:00,175.5500030517578,177.75,175.47000122070312,177.5500030517578,1868756
2026-06-15 11:53:00-04:00,177.5449981689453,177.61489868164062,176.92999267578125,177.2550048828125,610500
2026-06-15 11:54:00-04:00,177.27000427246094,178.4398956298828,177.1199951171875,178.14320373535156,1024672
2026-06-15 11:55:00-04:00,178.10499572753906,178.47999572753906,177.3300018310547,177.88999938964844,708262
2026-06-15 11:56:00-04:00,177.88999938964844,177.9600067138672,176.72000122070312,176.73500061035156,666228
2026-06-15 11:57:00-04:00,176.74000549316406,177.16000366210938,175.6199951171875,175.81500244140625,786882
2026-06-15 11:58:00-04:00,175.8249969482422,176.25999450683594,175.2100067138672,175.2899932861328,578358
2026-06-15 11:59:00-04:00,175.2899932861328,175.99000549316406,175.27000427246094,175.8000030517578,388680
2026-06-15 12:00:00-04:00,175.8300018310547,175.88999938964844,173.75,174.4149932861328,1005377
2026-06-15 12:01:00-04:00,174.42999267578125,175.0,174.0,174.97500610351562,468654
2026-06-15 12:02:00-04:00,174.97500610351562,175.0,174.58999633789062,174.72779846191406,281915
2026-06-15 12:03:00-04:00,174.72079467773438,175.27999877929688,174.3000030517578,175.24000549316406,448630
2026-06-15 12:04:00-04:00,175.1649932861328,175.5,174.8699951171875,175.27999877929688,411217
2026-06-15 12:05:00-04:00,175.27000427246094,175.64999389648438,174.86000061035156,174.89849853515625,378388
2026-06-15 12:06:00-04:00,175.00999450683594,175.6199951171875,174.8000030517578,175.60000610351562,346764
2026-06-15 12:07:00-04:00,175.60000610351562,176.38999938964844,175.39999389648438,176.02000427246094,371979
2026-06-15 12:08:00-04:00,176.01499938964844,176.17239379882812,175.5,176.17239379882812,353451
2026-06-15 12:09:00-04:00,176.19000244140625,176.55999755859375,176.0399932861328,176.5399932861328,300248
2026-06-15 12:10:00-04:00,176.55999755859375,177.25,176.5399932861328,177.11000061035156,397675
2026-06-15 12:11:00-04:00,177.14999389648438,177.25,176.89999389648438,177.0399932861328,405798
2026-06-15 12:12:00-04:00,177.0399932861328,177.1199951171875,175.8966064453125,175.8966064453125,588602
2026-06-15 12:13:00-04:00,175.9156951904297,177.0,175.55999755859375,176.9499969482422,434189
2026-06-15 12:14:00-04:00,176.9499969482422,177.25,176.64999389648438,177.13999938964844,324343
2026-06-15 12:15:00-04:00,177.14999389648438,177.8800048828125,177.0,177.6027069091797,402078
2026-06-15 12:16:00-04:00,177.72000122070312,177.86000061035156,176.74000549316406,176.7550048828125,512011
2026-06-15 12:17:00-04:00,176.74009704589844,176.75999450683594,176.0,176.4149932861328,456060
2026-06-15 12:18:00-04:00,176.3800048828125,177.6999969482422,176.33999633789062,177.5500030517578,448057
2026-06-15 12:19:00-04:00,177.5050048828125,177.6999969482422,177.26010131835938,177.58999633789062,331713
2026-06-15 12:20:00-04:00,177.55999755859375,177.55999755859375,176.32000732421875,176.4199981689453,470939
2026-06-15 12:21:00-04:00,176.4199981689453,177.64999389648438,176.375,177.56539916992188,421433
2026-06-15 12:22:00-04:00,177.58999633789062,177.6199951171875,177.2801055908203,177.41000366210938,282499
2026-06-15 12:23:00-04:00,177.44500732421875,177.6999969482422,177.30999755859375,177.6699981689453,256819
2026-06-15 12:24:00-04:00,177.6999969482422,177.99000549316406,177.4499969482422,177.6313934326172,327471
2026-06-15 12:25:00-04:00,177.5800018310547,177.97999572753906,177.5800018310547,177.82000732421875,302776
2026-06-15 12:26:00-04:00,177.8249969482422,178.27000427246094,177.5,178.10499572753906,696459
2026-06-15 12:27:00-04:00,178.10000610351562,178.9499969482422,178.0500030517578,178.5500030517578,662133
2026-06-15 12:28:00-04:00,178.53500366210938,178.77999877929688,178.39999389648438,178.5800018310547,368307
2026-06-15 12:29:00-04:00,178.5500030517578,178.91000366210938,178.5,178.8800048828125,344655
2026-06-15 12:30:00-04:00,178.8354949951172,178.99000549316406,178.60000610351562,178.6501007080078,387100
2026-06-15 12:31:00-04:00,178.6699981689453,178.89999389648438,178.13009643554688,178.52000427246094,392655
2026-06-15 12:32:00-04:00,178.60000610351562,178.82000732421875,178.47999572753906,178.74000549316406,346372
2026-06-15 12:33:00-04:00,178.72999572753906,179.0,178.5800018310547,178.69000244140625,531357
2026-06-15 12:34:00-04:00,178.718994140625,178.88999938964844,178.5,178.68499755859375,282287
2026-06-15 12:35:00-04:00,178.71510314941406,179.17999267578125,178.3800048828125,178.8699951171875,605774
2026-06-15 12:36:00-04:00,178.9709930419922,179.39999389648438,178.64999389648438,179.24000549316406,437501
2026-06-15 12:37:00-04:00,179.24000549316406,179.29989624023438,178.1999969482422,178.52999877929688,427708
2026-06-15 12:38:00-04:00,178.52999877929688,178.58729553222656,178.00999450683594,178.2050018310547,300585
2026-06-15 12:39:00-04:00,178.2281951904297,178.6999969482422,178.00999450683594,178.5800018310547,246353
2026-06-15 12:40:00-04:00,178.59500122070312,178.97999572753906,178.0,178.89500427246094,353360
2026-06-15 12:41:00-04:00,178.91879272460938,179.42999267578125,178.86000061035156,179.0,502718
2026-06-15 12:42:00-04:00,179.0500030517578,179.1999969482422,178.75999450683594,178.85000610351562,357301
2026-06-15 12:43:00-04:00,178.875,179.00999450683594,178.57000732421875,178.74600219726562,296210
2026-06-15 12:44:00-04:00,178.8000030517578,178.8000030517578,178.3000030517578,178.38999938964844,309101
2026-06-15 12:45:00-04:00,178.39999389648438,178.52999877929688,177.5399932861328,177.64999389648438,497346
2026-06-15 12:46:00-04:00,177.6699981689453,177.75999450683594,177.27420043945312,177.42999267578125,334962
2026-06-15 12:47:00-04:00,177.49000549316406,177.64999389648438,177.0,177.60910034179688,380394
2026-06-15 12:48:00-04:00,177.57000732421875,177.6999969482422,177.48880004882812,177.61019897460938,202187
2026-06-15 12:49:00-04:00,177.63999938964844,178.07000732421875,177.60000610351562,177.97500610351562,281032
2026-06-15 12:50:00-04:00,178.0,178.02999877929688,177.72999572753906,177.86500549316406,338487
2026-06-15 12:51:00-04:00,177.94000244140625,178.87989807128906,177.84689331054688,178.77000427246094,449924
2026-06-15 12:52:00-04:00,178.77000427246094,178.89999389648438,177.9499969482422,178.4250030517578,325393
2026-06-15 12:53:00-04:00,178.39999389648438,178.85000610351562,178.30999755859375,178.7803955078125,221879
2026-06-15 12:54:00-04:00,178.75999450683594,178.89999389648438,178.52000427246094,178.80999755859375,281463
2026-06-15 12:55:00-04:00,178.80999755859375,179.33999633789062,178.60000610351562,179.30999755859375,488988
2026-06-15 12:56:00-04:00,179.281005859375,179.39999389648438,179.11000061035156,179.30059814453125,267750
2026-06-15 12:57:00-04:00,179.27000427246094,179.5,179.14999389648438,179.22999572753906,515347
2026-06-15 12:58:00-04:00,179.3000030517578,179.5,179.14999389648438,179.4709930419922,272362
2026-06-15 12:59:00-04:00,179.49000549316406,179.5,179.22000122070312,179.29989624023438,342749
2026-06-15 13:00:00-04:00,179.27000427246094,179.5,179.0,179.48500061035156,288257
2026-06-15 13:01:00-04:00,179.5,179.8000030517578,179.39999389648438,179.69500732421875,463814
2026-06-15 13:02:00-04:00,179.69000244140625,179.88999938964844,179.5,179.8699951171875,444346
2026-06-15 13:03:00-04:00,179.8800048828125,179.99000549316406,179.8000030517578,179.9600067138672,658739
2026-06-15 13:04:00-04:00,179.97000122070312,181.02999877929688,179.91000366210938,180.6699981689453,2140864
2026-06-15 13:05:00-04:00,180.67999267578125,181.8300018310547,180.41000366210938,181.61000061035156,646925
2026-06-15 13:06:00-04:00,181.6199951171875,181.89950561523438,181.1999969482422,181.28500366210938,597836
2026-06-15 13:07:00-04:00,181.27000427246094,182.44000244140625,181.27000427246094,182.0500030517578,778129
2026-06-15 13:08:00-04:00,182.17999267578125,182.70309448242188,181.85000610351562,182.5408935546875,662598
2026-06-15 13:09:00-04:00,182.47000122070312,182.7100067138672,182.0,182.6219940185547,561398
2026-06-15 13:10:00-04:00,182.63999938964844,184.00999450683594,182.5,183.99989318847656,1072443
2026-06-15 13:11:00-04:00,183.97999572753906,184.44000244140625,183.02000427246094,183.1199951171875,863543
2026-06-15 13:12:00-04:00,183.05999755859375,183.5800018310547,182.10000610351562,182.1199951171875,929005
2026-06-15 13:13:00-04:00,182.15089416503906,182.375,181.6699981689453,181.6699981689453,572019
2026-06-15 13:14:00-04:00,181.67999267578125,181.74989318847656,181.3000030517578,181.6822967529297,508469
2026-06-15 13:15:00-04:00,181.72999572753906,182.14999389648438,181.61000061035156,181.9949951171875,515823
2026-06-15 13:16:00-04:00,182.02000427246094,182.61000061035156,181.75,181.97999572753906,637549
2026-06-15 13:17:00-04:00,181.98989868164062,182.0,181.0,181.94500732421875,465844
2026-06-15 13:18:00-04:00,181.94500732421875,181.9492950439453,181.22999572753906,181.3249969482422,274563
2026-06-15 13:19:00-04:00,181.27999877929688,181.4499969482422,181.0,181.30999755859375,336470
2026-06-15 13:20:00-04:00,181.35989379882812,181.57000732421875,181.10000610351562,181.16079711914062,274097
2026-06-15 13:21:00-04:00,181.13999938964844,181.3000030517578,180.57130432128906,181.2310028076172,488175
2026-06-15 13:22:00-04:00,181.27999877929688,181.9499969482422,181.03970336914062,181.85000610351562,470601
2026-06-15 13:23:00-04:00,181.89500427246094,182.0,181.5,181.7100067138672,385018
2026-06-15 13:24:00-04:00,181.77999877929688,182.1999969482422,181.5399932861328,181.69000244140625,611195
2026-06-15 13:25:00-04:00,181.63999938964844,182.6999969482422,181.5399932861328,182.33999633789062,410531
2026-06-15 13:26:00-04:00,182.3249969482422,182.89999389648438,182.25,182.67999267578125,399931
2026-06-15 13:27:00-04:00,182.67999267578125,182.8000030517578,182.08999633789062,182.11720275878906,372142
2026-06-15 13:28:00-04:00,182.07000732421875,183.3000030517578,182.04150390625,183.14999389648438,566770
2026-06-15 13:29:00-04:00,183.12789916992188,183.77000427246094,182.83999633789062,183.3350067138672,547990
2026-06-15 13:30:00-04:00,183.32000732421875,183.9499969482422,183.22000122070312,183.72000122070312,531763
2026-06-15 13:31:00-04:00,183.7100067138672,183.8699951171875,183.50999450683594,183.68499755859375,325530
2026-06-15 13:32:00-04:00,183.69000244140625,183.74000549316406,183.0,183.0,373166
2026-06-15 13:33:00-04:00,183.00999450683594,183.5500030517578,182.7899932861328,182.84500122070312,394862
2026-06-15 13:34:00-04:00,182.88999938964844,183.89999389648438,182.8365020751953,183.86000061035156,348536
2026-06-15 13:35:00-04:00,183.8699951171875,183.97000122070312,183.64500427246094,183.7899932861328,246982
2026-06-15 13:36:00-04:00,183.8000030517578,183.97000122070312,183.19000244140625,183.31500244140625,338705
2026-06-15 13:37:00-04:00,183.32000732421875,183.8000030517578,183.1999969482422,183.75999450683594,305764
2026-06-15 13:38:00-04:00,183.76390075683594,184.35989379882812,183.50999450683594,183.74749755859375,542113
2026-06-15 13:39:00-04:00,183.81900024414062,184.69000244140625,183.66000366210938,184.39999389648438,516988
2026-06-15 13:40:00-04:00,184.39999389648438,184.57000732421875,183.8300018310547,184.22000122070312,410677
2026-06-15 13:41:00-04:00,184.19000244140625,184.58999633789062,183.8300018310547,184.25999450683594,331304
2026-06-15 13:42:00-04:00,184.33999633789062,184.6699981689453,184.10000610351562,184.4250030517578,291071
2026-06-15 13:43:00-04:00,184.42999267578125,184.5998992919922,184.10000610351562,184.3000030517578,307526
2026-06-15 13:44:00-04:00,184.30499267578125,184.8000030517578,184.0,184.72000122070312,390004
2026-06-15 13:45:00-04:00,184.67999267578125,184.82000732421875,184.33999633789062,184.77000427246094,286682
2026-06-15 13:46:00-04:00,184.77999877929688,184.83999633789062,184.5500030517578,184.77999877929688,257239
2026-06-15 13:47:00-04:00,184.74000549316406,185.7899932861328,184.70570373535156,185.7570037841797,1310316
2026-06-15 13:48:00-04:00,185.7899932861328,186.66000366210938,185.72999572753906,186.47999572753906,804719
2026-06-15 13:49:00-04:00,186.47999572753906,186.63999938964844,185.12489318847656,185.3000030517578,611166
2026-06-15 13:50:00-04:00,185.27000427246094,186.5500030517578,185.0,186.1999969482422,506486
2026-06-15 13:51:00-04:00,186.22999572753906,186.89990234375,186.1199951171875,186.25,387161
2026-06-15 13:52:00-04:00,186.22000122070312,186.69000244140625,185.89999389648438,186.3000030517578,556787
2026-06-15 13:53:00-04:00,186.3000030517578,186.74000549316406,186.0,186.10000610351562,536252
2026-06-15 13:54:00-04:00,186.10000610351562,186.6999969482422,185.5,185.8419952392578,720693
2026-06-15 13:55:00-04:00,185.84469604492188,186.77999877929688,185.5,186.59500122070312,624437
2026-06-15 13:56:00-04:00,186.6649932861328,186.75,186.08999633789062,186.2198944091797,346819
2026-06-15 13:57:00-04:00,186.14999389648438,186.6999969482422,186.0,186.4199981689453,501011
2026-06-15 13:58:00-04:00,186.44000244140625,186.75999450683594,186.13999938964844,186.72999572753906,585702
2026-06-15 13:59:00-04:00,186.72720336914062,188.49000549316406,186.39999389648438,188.40989685058594,941135
2026-06-15 14:00:00-04:00,188.38499450683594,188.8000030517578,187.89999389648438,188.69000244140625,715532
2026-06-15 14:01:00-04:00,188.66000366210938,188.72999572753906,188.0500030517578,188.27000427246094,582366
2026-06-15 14:02:00-04:00,188.33999633789062,188.6699981689453,188.19000244140625,188.2899932861328,431886
2026-06-15 14:03:00-04:00,188.30499267578125,188.385498046875,186.24000549316406,186.91909790039062,932297
2026-06-15 14:04:00-04:00,186.89999389648438,187.0,185.6999969482422,185.77000427246094,734719
2026-06-15 14:05:00-04:00,185.75,185.84959411621094,184.60000610351562,184.64500427246094,920849
2026-06-15 14:06:00-04:00,184.64500427246094,184.78990173339844,183.8300018310547,183.94000244140625,729193
2026-06-15 14:07:00-04:00,183.94000244140625,184.0500030517578,182.3300018310547,182.4499969482422,950497
2026-06-15 14:08:00-04:00,182.36900329589844,183.8000030517578,182.30999755859375,182.8800048828125,755758
2026-06-15 14:09:00-04:00,182.88999938964844,183.99000549316406,182.75,183.875,583334
2026-06-15 14:10:00-04:00,183.8699951171875,184.47999572753906,183.61000061035156,184.0,594441
2026-06-15 14:11:00-04:00,184.0,184.3699951171875,183.32000732421875,183.83999633789062,425300
2026-06-15 14:12:00-04:00,183.92999267578125,184.3699951171875,183.30999755859375,183.8800048828125,336565
2026-06-15 14:13:00-04:00,183.89999389648438,184.00999450683594,183.36000061035156,183.889892578125,256256
2026-06-15 14:14:00-04:00,183.8000030517578,183.889892578125,182.88999938964844,183.72000122070312,418428
2026-06-15 14:15:00-04:00,183.73500061035156,184.83999633789062,183.1699981689453,184.83999633789062,433506
2026-06-15 14:16:00-04:00,184.8300018310547,185.32000732421875,184.7899932861328,184.88999938964844,509445
2026-06-15 14:17:00-04:00,184.91000366210938,185.38999938964844,184.69000244140625,184.97000122070312,411186
2026-06-15 14:18:00-04:00,184.97000122070312,185.1999969482422,184.6199951171875,184.76499938964844,283437
2026-06-15 14:19:00-04:00,184.77999877929688,184.7899932861328,184.35000610351562,184.75,261970
2026-06-15 14:20:00-04:00,184.75,185.0,184.41000366210938,184.92999267578125,262797
2026-06-15 14:21:00-04:00,184.9600067138672,185.63999938964844,184.52999877929688,185.5,402159
2026-06-15 14:22:00-04:00,185.5,185.5500030517578,184.80999755859375,185.16909790039062,364573
2026-06-15 14:23:00-04:00,185.14999389648438,185.3300018310547,184.75,185.05299377441406,336516
2026-06-15 14:24:00-04:00,185.05999755859375,185.5,184.74000549316406,185.2899932861328,237788
2026-06-15 14:25:00-04:00,185.2592010498047,185.77000427246094,185.07000732421875,185.13499450683594,351300
2026-06-15 14:26:00-04:00,185.13499450683594,185.69000244140625,185.11619567871094,185.1840057373047,273707
2026-06-15 14:27:00-04:00,185.19000244140625,185.5,184.7899932861328,185.39990234375,333816
2026-06-15 14:28:00-04:00,185.38999938964844,186.28500366210938,185.125,186.17999267578125,387916
2026-06-15 14:29:00-04:00,186.17999267578125,186.42999267578125,185.85000610351562,186.10330200195312,347123
2026-06-15 14:30:00-04:00,186.13499450683594,186.42999267578125,185.97999572753906,186.1815948486328,283734
2026-06-15 14:31:00-04:00,186.14999389648438,186.5800018310547,186.0,186.35000610351562,365252
2026-06-15 14:32:00-04:00,186.3800048828125,186.83999633789062,186.25999450683594,186.58999633789062,416695
2026-06-15 14:33:00-04:00,186.5948028564453,187.27999877929688,186.5500030517578,187.22500610351562,432324
2026-06-15 14:34:00-04:00,187.26919555664062,187.27999877929688,186.6999969482422,187.17999267578125,342038
2026-06-15 14:35:00-04:00,187.1999053955078,187.44000244140625,187.02000427246094,187.34410095214844,300133
2026-06-15 14:36:00-04:00,187.39999389648438,187.64999389648438,186.77999877929688,187.5399932861328,419483
2026-06-15 14:37:00-04:00,187.5399932861328,187.5399932861328,185.61000061035156,185.94000244140625,574303
2026-06-15 14:38:00-04:00,186.01800537109375,186.3800048828125,185.97430419921875,186.0,268936
2026-06-15 14:39:00-04:00,186.00999450683594,186.181396484375,185.69000244140625,185.89700317382812,308174
2026-06-15 14:40:00-04:00,185.875,186.8800048828125,185.61000061035156,186.82989501953125,400212
2026-06-15 14:41:00-04:00,186.8300018310547,187.0,186.5500030517578,186.62010192871094,389221
2026-06-15 14:42:00-04:00,186.7899932861328,187.0,186.38999938964844,186.60000610351562,254285
2026-06-15 14:43:00-04:00,186.61459350585938,186.67999267578125,186.256103515625,186.52499389648438,212068
2026-06-15 14:44:00-04:00,186.52499389648438,186.5269012451172,185.08999633789062,185.2100067138672,429736
2026-06-15 14:45:00-04:00,185.20660400390625,185.8000030517578,185.1501007080078,185.8000030517578,253200
2026-06-15 14:46:00-04:00,185.78500366210938,185.8000030517578,185.30999755859375,185.33999633789062,248298
2026-06-15 14:47:00-04:00,185.33999633789062,187.35000610351562,185.21400451660156,187.35000610351562,530811
2026-06-15 14:48:00-04:00,187.2949981689453,187.8699951171875,186.8800048828125,187.33070373535156,474459
2026-06-15 14:49:00-04:00,187.3300018310547,187.77999877929688,186.8000030517578,187.0500030517578,362913
2026-06-15 14:50:00-04:00,187.10499572753906,187.5,187.02000427246094,187.44000244140625,270332
2026-06-15 14:51:00-04:00,187.45989990234375,187.50999450683594,187.25999450683594,187.30999755859375,302579
2026-06-15 14:52:00-04:00,187.3074951171875,187.4499969482422,186.89999389648438,186.95120239257812,259806
2026-06-15 14:53:00-04:00,186.99989318847656,187.00999450683594,186.14999389648438,186.98280334472656,331138
2026-06-15 14:54:00-04:00,187.00999450683594,187.1999969482422,186.60000610351562,186.7899932861328,254321
2026-06-15 14:55:00-04:00,186.7899932861328,186.89999389648438,186.2032012939453,186.8000030517578,202317
2026-06-15 14:56:00-04:00,186.75999450683594,186.87989807128906,186.3177947998047,186.64950561523438,204208
2026-06-15 14:57:00-04:00,186.60000610351562,187.0,186.46499633789062,186.94000244140625,197764
2026-06-15 14:58:00-04:00,186.9499969482422,187.39999389648438,186.7593994140625,187.07000732421875,321224
2026-06-15 14:59:00-04:00,187.1199951171875,187.33999633789062,186.85000610351562,187.33999633789062,240300
2026-06-15 15:00:00-04:00,187.3699951171875,187.39999389648438,186.8800048828125,187.3000030517578,225710
2026-06-15 15:01:00-04:00,187.25,187.5500030517578,187.0399932861328,187.5,376066
2026-06-15 15:02:00-04:00,187.47279357910156,187.66000366210938,186.89999389648438,187.14500427246094,319717
2026-06-15 15:03:00-04:00,187.0601043701172,187.67999267578125,186.89999389648438,187.42999267578125,272491
2026-06-15 15:04:00-04:00,187.4250030517578,187.5399932861328,187.13999938964844,187.13999938964844,225723
2026-06-15 15:05:00-04:00,187.14999389648438,187.8000030517578,186.85000610351562,187.74000549316406,397660
2026-06-15 15:06:00-04:00,187.74000549316406,187.86000061035156,187.11000061035156,187.16000366210938,336805
2026-06-15 15:07:00-04:00,187.16000366210938,187.27999877929688,185.5500030517578,185.85769653320312,693883
2026-06-15 15:08:00-04:00,185.8300018310547,185.89999389648438,185.3800048828125,185.47999572753906,312673
2026-06-15 15:09:00-04:00,185.44000244140625,185.9600067138672,185.3000030517578,185.80349731445312,334238
2026-06-15 15:10:00-04:00,185.77499389648438,185.8699951171875,185.22000122070312,185.40499877929688,305983
2026-06-15 15:11:00-04:00,185.40499877929688,185.42990112304688,184.6999969482422,185.14500427246094,546295
2026-06-15 15:12:00-04:00,185.1699981689453,185.47000122070312,184.8800048828125,185.33999633789062,317742
2026-06-15 15:13:00-04:00,185.36000061035156,185.5,183.13999938964844,183.44500732421875,662260
2026-06-15 15:14:00-04:00,183.5500030517578,184.1199951171875,183.33999633789062,183.9199981689453,487975
2026-06-15 15:15:00-04:00,183.9188995361328,184.1300048828125,183.4300994873047,183.55999755859375,442273
2026-06-15 15:16:00-04:00,183.63999938964844,184.4199981689453,183.51170349121094,183.75999450683594,472228
2026-06-15 15:17:00-04:00,183.75999450683594,183.82000732421875,182.8000030517578,183.66000366210938,588886
2026-06-15 15:18:00-04:00,183.6649932861328,183.9499969482422,183.22000122070312,183.4499969482422,313337
2026-06-15 15:19:00-04:00,183.4001007080078,183.53990173339844,182.5,183.3300018310547,439375
2026-06-15 15:20:00-04:00,183.3300018310547,183.60000610351562,182.83050537109375,183.27999877929688,297007
2026-06-15 15:21:00-04:00,183.32749938964844,183.3300018310547,182.50999450683594,183.0,372026
2026-06-15 15:22:00-04:00,182.97999572753906,183.47999572753906,181.57000732421875,181.85000610351562,729259
2026-06-15 15:23:00-04:00,181.88999938964844,182.36000061035156,181.6199951171875,181.656005859375,468257
2026-06-15 15:24:00-04:00,181.6300048828125,182.85000610351562,181.5399932861328,182.72000122070312,432795
2026-06-15 15:25:00-04:00,182.77999877929688,182.85130310058594,181.9499969482422,182.25,384554
2026-06-15 15:26:00-04:00,182.13999938964844,183.0,181.64999389648438,182.5,569528
2026-06-15 15:27:00-04:00,182.5,182.7100067138672,182.0,182.27999877929688,295165
2026-06-15 15:28:00-04:00,182.3249969482422,183.5,182.27999877929688,182.89500427246094,445160
2026-06-15 15:29:00-04:00,182.89500427246094,183.47999572753906,182.7449951171875,183.39999389648438,392706
2026-06-15 15:30:00-04:00,183.43499755859375,183.89999389648438,183.0500946044922,183.35499572753906,378676
2026-06-15 15:31:00-04:00,183.35499572753906,183.85009765625,183.0500030517578,183.8498992919922,299829
2026-06-15 15:32:00-04:00,183.8000030517578,184.44000244140625,183.25999450683594,183.4532012939453,401970
2026-06-15 15:33:00-04:00,183.39999389648438,183.72000122070312,183.33999633789062,183.52000427246094,246767
2026-06-15 15:34:00-04:00,183.55999755859375,184.9600067138672,183.53500366210938,184.32000732421875,545126
2026-06-15 15:35:00-04:00,184.27000427246094,184.8800048828125,183.27999877929688,183.80499267578125,450796
2026-06-15 15:36:00-04:00,183.77999877929688,184.19000244140625,183.3000030517578,183.4499969482422,413142
2026-06-15 15:37:00-04:00,183.5399932861328,183.67999267578125,182.52999877929688,182.55999755859375,486557
2026-06-15 15:38:00-04:00,182.52000427246094,183.6999969482422,182.3000030517578,183.56500244140625,402886
2026-06-15 15:39:00-04:00,183.55999755859375,184.5,183.52999877929688,184.25999450683594,431163
2026-06-15 15:40:00-04:00,184.3249969482422,184.5,183.8249969482422,184.40499877929688,432463
2026-06-15 15:41:00-04:00,184.40499877929688,185.55999755859375,184.3300018310547,185.5,648900
2026-06-15 15:42:00-04:00,185.55999755859375,186.00999450683594,185.27000427246094,185.97500610351562,549677
2026-06-15 15:43:00-04:00,185.989501953125,187.5,185.94650268554688,187.42999267578125,741527
2026-06-15 15:44:00-04:00,187.42999267578125,187.6999969482422,187.16000366210938,187.64999389648438,592295
2026-06-15 15:45:00-04:00,187.64999389648438,188.67999267578125,187.34010314941406,188.61000061035156,942846
2026-06-15 15:46:00-04:00,188.60499572753906,188.8000030517578,188.4600067138672,188.6999969482422,284695
2026-06-15 15:47:00-04:00,188.6300048828125,189.2899932861328,188.3000030517578,188.94500732421875,1424484
2026-06-15 15:48:00-04:00,188.9600067138672,189.10000610351562,187.75,188.3800048828125,695199
2026-06-15 15:49:00-04:00,188.4199981689453,189.13999938964844,188.32000732421875,189.10000610351562,562937
2026-06-15 15:50:00-04:00,189.01010131835938,189.64990234375,188.0,189.54989624023438,921446
2026-06-15 15:51:00-04:00,189.5399932861328,189.69000244140625,189.11000061035156,189.69000244140625,662932
2026-06-15 15:52:00-04:00,189.6699981689453,190.89999389648438,189.64999389648438,190.75169372558594,1851008
2026-06-15 15:53:00-04:00,190.82000732421875,190.97999572753906,188.6199951171875,189.00010681152344,1171633
2026-06-15 15:54:00-04:00,189.13999938964844,190.75999450683594,188.91009521484375,189.9803009033203,957387
2026-06-15 15:55:00-04:00,189.82000732421875,191.0,189.75,190.97999572753906,1131661
2026-06-15 15:56:00-04:00,190.97999572753906,191.2899932861328,190.22999572753906,190.75,1267743
2026-06-15 15:57:00-04:00,190.77000427246094,192.61500549316406,190.5,192.5500030517578,1507730
2026-06-15 15:58:00-04:00,192.61000061035156,192.8800048828125,191.84669494628906,192.8000030517578,1457246
2026-06-15 15:59:00-04:00,192.8300018310547,192.9499969482422,192.09500122070312,192.43499755859375,2045911
2026-06-15 16:00:00-04:00,192.5,192.5,190.51,191.3438,3759201
2026-06-15 16:01:00-04:00,191.19,192.66,191.13,192.4989,0
2026-06-15 16:02:00-04:00,192.4909,193.47,191.3899,192.8,0
2026-06-15 16:03:00-04:00,192.84,193.25,173.72,192.01,0
2026-06-15 16:04:00-04:00,192.0858,192.5,191.0,191.1594,0
2026-06-15 16:05:00-04:00,191.08,191.65,172.31,191.5,0
2026-06-15 16:06:00-04:00,191.46,191.62,151.72,190.63,0
2026-06-15 16:07:00-04:00,190.63,190.75,190.22,190.3156,0
2026-06-15 16:08:00-04:00,190.417,192.46,190.02,190.3,0
2026-06-15 16:09:00-04:00,190.22,190.41,189.8,190.1241,0
2026-06-15 16:10:00-04:00,190.07,192.5,190.01,190.2389,0
2026-06-15 16:11:00-04:00,190.26,192.46,189.77,190.3704,0
2026-06-15 16:12:00-04:00,190.3709,190.89,190.37,190.8798,0
2026-06-15 16:13:00-04:00,190.8539,191.5,190.7,190.95,0
2026-06-15 16:14:00-04:00,190.9392,191.2,190.8,190.9613,0
2026-06-15 16:15:00-04:00,191.02,191.25,172.79,191.08,0
2026-06-15 16:16:00-04:00,191.05,191.17,172.51,190.66,0
2026-06-15 16:17:00-04:00,190.7523,190.95,172.51,190.67,0
2026-06-15 16:18:00-04:00,190.75,191.1,190.65,190.95,0
2026-06-15 16:19:00-04:00,190.9,191.5,190.9,191.49,0
2026-06-15 16:20:00-04:00,191.49,191.97,173.975,191.89,0
2026-06-15 16:21:00-04:00,191.89,192.15,191.65,192.0,0
2026-06-15 16:22:00-04:00,192.124,192.78,173.95,192.67,0
2026-06-15 16:23:00-04:00,192.52,193.0,192.52,192.76,0
2026-06-15 16:24:00-04:00,192.7598,193.79,173.75,193.52,0
2026-06-15 16:25:00-04:00,193.62,193.9,193.3,193.82,0
2026-06-15 16:26:00-04:00,193.8,194.4,193.8,194.3797,0
2026-06-15 16:27:00-04:00,194.34,194.65,194.1,194.25,0
2026-06-15 16:28:00-04:00,194.29,194.73,194.11,194.4953,0
2026-06-15 16:29:00-04:00,194.4513,194.75,194.33,194.65,0
2026-06-15 16:30:00-04:00,194.66,194.68,194.2,194.6087,0
2026-06-15 16:31:00-04:00,194.6089,194.64,194.0,194.0013,0
2026-06-15 16:32:00-04:00,194.0097,194.45,194.0,194.4,0
2026-06-15 16:33:00-04:00,194.34,194.4,194.0,194.17,0
2026-06-15 16:34:00-04:00,194.1683,194.2,192.5,194.0003,0
2026-06-15 16:35:00-04:00,194.01,195.01,194.0,195.0,0
2026-06-15 16:36:00-04:00,194.826,195.54,194.7,195.47,0
2026-06-15 16:37:00-04:00,195.444,195.6,171.99,194.9988,0
2026-06-15 16:38:00-04:00,195.0,195.0,194.25,194.5,0
2026-06-15 16:39:00-04:00,194.4143,194.51,193.6,193.6,0
2026-06-15 16:40:00-04:00,193.63,193.86,193.14,193.24,0
2026-06-15 16:41:00-04:00,193.2,194.25,193.0,193.88,0
2026-06-15 16:42:00-04:00,193.8619,194.5,193.71,194.41,0
2026-06-15 16:43:00-04:00,194.41,194.6,193.82,193.9766,0
2026-06-15 16:44:00-04:00,194.0,194.0,193.01,193.52,0
2026-06-15 16:45:00-04:00,193.52,193.95,193.49,193.65,0
2026-06-15 16:46:00-04:00,193.74,193.74,193.48,193.68,0
2026-06-15 16:47:00-04:00,193.7,194.19,193.48,193.62,0
2026-06-15 16:48:00-04:00,193.64,193.85,193.0,193.75,0
2026-06-15 16:49:00-04:00,193.75,194.0,193.73,194.0,0
2026-06-15 16:50:00-04:00,193.9,194.03,193.7503,193.9718,0
2026-06-15 16:51:00-04:00,193.99,193.99,193.4,193.72,0
2026-06-15 16:52:00-04:00,193.72,193.72,193.2,193.2,0
2026-06-15 16:53:00-04:00,193.2002,193.48,193.0,193.4,0
2026-06-15 16:54:00-04:00,193.3993,193.98,193.32,193.8,0
2026-06-15 16:55:00-04:00,193.79,193.85,193.3,193.57,0
2026-06-15 16:56:00-04:00,193.58,193.75,193.38,193.6044,0
2026-06-15 16:57:00-04:00,193.6,193.7,193.2,193.2709,0
2026-06-15 16:58:00-04:00,193.29,193.3,193.03,193.3,0
2026-06-15 16:59:00-04:00,193.3,193.5,192.5,193.22,0
2026-06-15 17:00:00-04:00,193.24,193.2597,193.02,193.08,0
2026-06-15 17:01:00-04:00,193.06,193.13,193.0,193.0214,0
2026-06-15 17:02:00-04:00,193.03,193.07,192.5,192.8,0
2026-06-15 17:03:00-04:00,192.84,193.01,192.65,192.7489,0
2026-06-15 17:04:00-04:00,192.75,192.8,192.55,192.7007,0
2026-06-15 17:05:00-04:00,192.75,193.91,192.7,193.86,0
2026-06-15 17:06:00-04:00,193.91,194.0,193.74,193.9092,0
2026-06-15 17:07:00-04:00,193.9099,193.99,193.75,193.87,0
2026-06-15 17:08:00-04:00,193.87,193.99,193.52,193.6423,0
2026-06-15 17:09:00-04:00,193.64,193.65,193.4,193.5,0
2026-06-15 17:10:00-04:00,193.499,193.5,185.27,193.2,0
2026-06-15 17:11:00-04:00,193.1986,193.2,192.75,192.96,0
2026-06-15 17:12:00-04:00,192.95,193.0,192.75,192.8,0
2026-06-15 17:13:00-04:00,192.77,192.85,192.5,192.65,0
2026-06-15 17:14:00-04:00,192.5,192.6305,192.11,192.5,0
2026-06-15 17:15:00-04:00,192.49,192.51,192.14,192.33,0
2026-06-15 17:15:18-04:00,192.5,192.5,192.5,192.5,0
2026-06-15 17:16:00-04:00,192.33,192.3975,191.55,191.625,0
2026-06-15 17:17:00-04:00,191.7,192.48,191.56,192.35,0
2026-06-15 17:18:00-04:00,192.35,192.9,192.22,192.84,0
2026-06-15 17:19:00-04:00,192.84,192.84,192.64,192.82,0
2026-06-15 17:20:00-04:00,192.84,193.5,192.7,193.5,0
2026-06-15 17:21:00-04:00,193.4037,193.65,193.34,193.55,0
2026-06-15 17:22:00-04:00,193.55,193.95,193.42,193.8,0
2026-06-15 17:23:00-04:00,193.79,194.55,193.79,194.46,0
2026-06-15 17:24:00-04:00,194.4982,194.8,194.27,194.5197,0
2026-06-15 17:25:00-04:00,194.48,194.91,194.48,194.7984,0
2026-06-15 17:26:00-04:00,194.8,195.38,194.75,195.33,0
2026-06-15 17:27:00-04:00,195.295,195.5,195.26,195.4,0
2026-06-15 17:28:00-04:00,195.45,195.45,194.8,194.8952,0
2026-06-15 17:29:00-04:00,194.8989,194.9,194.42,194.73,0
2026-06-15 17:30:00-04:00,194.68,195.48,173.75,195.4,0
2026-06-15 17:31:00-04:00,195.37,196.38,174.3,196.14,0
2026-06-15 17:32:00-04:00,196.14,196.35,195.9,196.05,0
2026-06-15 17:33:00-04:00,196.03,196.19,195.9,196.1785,0
2026-06-15 17:34:00-04:00,196.18,196.5,196.1401,196.395,0
2026-06-15 17:35:00-04:00,196.39,196.44,196.18,196.21,0
2026-06-15 17:36:00-04:00,196.24,196.4,196.2,196.35,0
2026-06-15 17:37:00-04:00,196.35,196.81,196.21,196.7618,0
2026-06-15 17:38:00-04:00,196.7801,196.9,196.61,196.8997,0
2026-06-15 17:39:00-04:00,196.89,197.22,196.73,197.0785,0
2026-06-15 17:40:00-04:00,197.06,197.4,197.0143,197.4,0
2026-06-15 17:41:00-04:00,197.3935,197.53,197.26,197.31,0
2026-06-15 17:42:00-04:00,197.31,197.9,197.3,197.9,0
2026-06-15 17:43:00-04:00,197.89,197.98,197.76,197.8794,0
2026-06-15 17:44:00-04:00,197.8788,197.88,197.52,197.69,0
2026-06-15 17:45:00-04:00,197.76,197.76,197.5,197.6,0
2026-06-15 17:46:00-04:00,197.59,197.6,197.01,197.0219,0
2026-06-15 17:47:00-04:00,197.0214,197.2,196.71,197.16,0
2026-06-15 17:48:00-04:00,197.17,197.7,197.168,197.6947,0
2026-06-15 17:49:00-04:00,197.57,197.75,197.49,197.75,0
2026-06-15 17:50:00-04:00,197.69,197.88,197.52,197.69,0
2026-06-15 17:51:00-04:00,197.68,197.87,197.6,197.74,0
2026-06-15 17:52:00-04:00,197.77,197.79,197.51,197.79,0
2026-06-15 17:53:00-04:00,197.79,197.88,197.61,197.85,0
2026-06-15 17:54:00-04:00,197.85,197.96,197.75,197.8,0
2026-06-15 17:55:00-04:00,197.8,197.95,197.7,197.8,0
2026-06-15 17:56:00-04:00,197.8,197.95,197.5,197.5007,0
2026-06-15 17:57:00-04:00,197.5198,197.85,197.5,197.64,0
2026-06-15 17:58:00-04:00,197.64,197.69,197.51,197.54,0
2026-06-15 17:59:00-04:00,197.5537,197.69,197.36,197.4035,0
2026-06-15 18:00:00-04:00,197.37,197.71,197.3,197.67,0
2026-06-15 18:01:00-04:00,197.67,197.95,197.67,197.9,0
2026-06-15 18:02:00-04:00,197.9,198.0,197.59,197.75,0
2026-06-15 18:03:00-04:00,197.62,197.9,197.6,197.86,0
2026-06-15 18:04:00-04:00,197.88,197.95,197.76,197.9499,0
2026-06-15 18:05:00-04:00,197.95,198.0,197.51,197.6506,0
2026-06-15 18:06:00-04:00,197.65,197.6852,196.83,197.46,0
2026-06-15 18:07:00-04:00,197.413,197.46,197.02,197.1085,0
2026-06-15 18:08:00-04:00,197.1099,197.4,197.01,197.35,0
2026-06-15 18:09:00-04:00,197.3522,197.55,197.21,197.3599,0
2026-06-15 18:10:00-04:00,197.36,197.45,197.23,197.3,0
2026-06-15 18:11:00-04:00,197.25,197.6,197.2,197.52,0
2026-06-15 18:12:00-04:00,197.5,197.6,197.14,197.25,0
2026-06-15 18:13:00-04:00,197.3962,197.4,196.7,196.78,0
2026-06-15 18:14:00-04:00,196.73,196.8275,196.35,196.39,0
2026-06-15 18:15:00-04:00,196.39,196.5465,196.33,196.44,0
2026-06-15 18:16:00-04:00,196.4,196.88,196.3913,196.8,0
2026-06-15 18:17:00-04:00,196.8,197.01,196.72,196.7913,0
2026-06-15 18:18:00-04:00,196.7824,197.13,196.75,197.0956,0
2026-06-15 18:19:00-04:00,197.2,197.49,197.0,197.4,0
2026-06-15 18:20:00-04:00,197.4,197.42,196.87,197.2,0
2026-06-15 18:21:00-04:00,197.25,197.27,196.76,196.88,0
2026-06-15 18:22:00-04:00,196.87,196.89,196.75,196.75,0
2026-06-15 18:23:00-04:00,196.8,197.15,196.75,197.06,0
2026-06-15 18:24:00-04:00,197.1,197.2,197.02,197.1683,0
2026-06-15 18:25:00-04:00,197.186,197.38,197.15,197.35,0
2026-06-15 18:26:00-04:00,197.37,197.66,197.28,197.5887,0
2026-06-15 18:27:00-04:00,197.59,197.9,197.51,197.8393,0
2026-06-15 18:28:00-04:00,197.84,197.88,197.78,197.87,0
2026-06-15 18:29:00-04:00,197.8797,197.96,197.85,197.94,0
2026-06-15 18:30:00-04:00,197.9495,198.37,197.89,198.36,0
2026-06-15 18:31:00-04:00,198.3479,198.58,198.2701,198.5791,0
2026-06-15 18:32:00-04:00,198.58,198.88,198.45,198.87,0
2026-06-15 18:33:00-04:00,198.87,198.9,198.75,198.86,0
2026-06-15 18:34:00-04:00,198.87,199.0,198.71,198.75,0
2026-06-15 18:35:00-04:00,198.75,198.82,198.5,198.55,0
2026-06-15 18:36:00-04:00,198.55,198.6,197.86,198.0,0
2026-06-15 18:37:00-04:00,198.03,198.48,197.8,198.26,0
2026-06-15 18:38:00-04:00,198.27,198.5,198.0517,198.24,0
2026-06-15 18:39:00-04:00,198.24,198.32,198.0,198.23,0
2026-06-15 18:40:00-04:00,198.23,198.32,198.11,198.25,0
2026-06-15 18:41:00-04:00,198.25,198.35,198.15,198.24,0
2026-06-15 18:42:00-04:00,198.2399,198.5,198.23,198.44,0
2026-06-15 18:43:00-04:00,198.45,198.5,198.31,198.4,0
2026-06-15 18:44:00-04:00,198.4,198.45,198.25,198.29,0
2026-06-15 18:45:00-04:00,198.24,198.3,198.12,198.2,0
2026-06-15 18:46:00-04:00,198.2,198.45,198.17,198.4397,0
2026-06-15 18:47:00-04:00,198.4301,198.44,198.25,198.25,0
2026-06-15 18:48:00-04:00,198.3,198.4,198.23,198.38,0
2026-06-15 18:49:00-04:00,198.36,198.39,198.07,198.2,0
2026-06-15 18:50:00-04:00,198.19,198.24,197.85,198.13,0
2026-06-15 18:51:00-04:00,198.15,198.39,198.03,198.36,0
2026-06-15 18:52:00-04:00,198.36,198.36,198.17,198.24,0
2026-06-15 18:53:00-04:00,198.2748,198.35,198.17,198.3297,0
2026-06-15 18:54:00-04:00,198.33,198.8,198.3,198.65,0
2026-06-15 18:55:00-04:00,198.8,198.9,198.58,198.75,0
2026-06-15 18:56:00-04:00,198.71,198.87,198.28,198.7,0
2026-06-15 18:57:00-04:00,198.67,199.12,198.6,199.12,0
2026-06-15 18:58:00-04:00,199.12,199.42,199.0,199.4,0
2026-06-15 18:59:00-04:00,199.4,199.55,199.35,199.41,0
2026-06-15 19:00:00-04:00,199.4399,199.69,199.35,199.62,0
2026-06-15 19:01:00-04:00,199.62,199.75,199.1,199.19,0
2026-06-15 19:02:00-04:00,199.29,199.49,199.1,199.1,0
2026-06-15 19:03:00-04:00,199.12,199.49,198.83,199.32,0
2026-06-15 19:04:00-04:00,199.39,199.6,199.16,199.575,0
2026-06-15 19:05:00-04:00,199.57,199.7,199.44,199.55,0
2026-06-15 19:06:00-04:00,199.5791,199.87,199.46,199.86,0
2026-06-15 19:07:00-04:00,199.86,200.0,199.59,199.5925,0
2026-06-15 19:08:00-04:00,199.69,199.95,199.58,199.77,0
2026-06-15 19:09:00-04:00,199.8,199.8,199.4,199.62,0
2026-06-15 19:10:00-04:00,199.6199,199.6199,199.15,199.3597,0
2026-06-15 19:11:00-04:00,199.36,199.4,199.1,199.35,0
2026-06-15 19:12:00-04:00,199.3417,199.5,199.13,199.2,0
2026-06-15 19:13:00-04:00,199.1996,199.38,198.75,198.8,0
2026-06-15 19:14:00-04:00,198.82,198.89,198.36,198.52,0
2026-06-15 19:15:00-04:00,198.58,199.2,198.5025,199.02,0
2026-06-15 19:16:00-04:00,199.16,199.29,199.0325,199.22,0
2026-06-15 19:17:00-04:00,199.19,199.44,199.15,199.34,0
2026-06-15 19:18:00-04:00,199.4,199.67,199.34,199.59,0
2026-06-15 19:19:00-04:00,199.6505,199.7,199.5,199.6031,0
2026-06-15 19:20:00-04:00,199.64,199.71,199.49,199.66,0
2026-06-15 19:21:00-04:00,199.63,199.8,199.52,199.69,0
2026-06-15 19:22:00-04:00,199.6808,199.95,199.59,199.8752,0
2026-06-15 19:23:00-04:00,199.91,200.0,199.7208,199.9,0
2026-06-15 19:24:00-04:00,199.9,200.0,199.5,199.6183,0
2026-06-15 19:25:00-04:00,199.55,199.96,199.52,199.8,0
2026-06-15 19:26:00-04:00,199.8485,199.87,199.63,199.7091,0
2026-06-15 19:27:00-04:00,199.71,199.84,199.6,199.69,0
2026-06-15 19:28:00-04:00,199.69,199.88,199.6,199.82,0
2026-06-15 19:29:00-04:00,199.84,199.98,199.81,199.89,0
2026-06-15 19:30:00-04:00,199.9,199.94,199.4,199.52,0
2026-06-15 19:31:00-04:00,199.53,199.67,199.2,199.2,0
2026-06-15 19:32:00-04:00,199.21,199.45,199.1,199.44,0
2026-06-15 19:33:00-04:00,199.44,199.56,199.26,199.36,0
2026-06-15 19:34:00-04:00,199.4,199.54,199.28,199.3792,0
2026-06-15 19:35:00-04:00,199.38,199.65,199.32,199.6,0
2026-06-15 19:36:00-04:00,199.54,199.6,199.5,199.5595,0
2026-06-15 19:37:00-04:00,199.56,199.58,199.3872,199.57,0
2026-06-15 19:38:00-04:00,199.5794,199.9491,199.56,199.89,0
2026-06-15 19:39:00-04:00,199.91,200.0,199.75,199.9,0
2026-06-15 19:40:00-04:00,199.9,200.0,199.82,199.88,0
2026-06-15 19:41:00-04:00,199.96,200.9,199.88,200.84,0
2026-06-15 19:42:00-04:00,200.9,201.7,200.87,201.6998,0
2026-06-15 19:43:00-04:00,201.7,202.0,201.67,201.8,0
2026-06-15 19:44:00-04:00,201.8197,202.0,201.6,201.6014,0
2026-06-15 19:45:00-04:00,201.6,202.23,201.6,201.7999,0
2026-06-15 19:46:00-04:00,201.8,202.22,201.31,201.99,0
2026-06-15 19:47:00-04:00,201.81,202.0,201.4,201.47,0
2026-06-15 19:48:00-04:00,201.4839,201.9,201.28,201.74,0
2026-06-15 19:49:00-04:00,201.73,201.8,201.45,201.7,0
2026-06-15 19:50:00-04:00,201.66,201.7,201.21,201.45,0
2026-06-15 19:51:00-04:00,201.46,201.62,201.11,201.62,0
2026-06-15 19:52:00-04:00,201.61,201.69,201.2304,201.63,0
2026-06-15 19:53:00-04:00,201.56,201.88,201.51,201.85,0
2026-06-15 19:54:00-04:00,201.85,201.88,201.51,201.7,0
2026-06-15 19:55:00-04:00,201.75,201.75,201.58,201.7,0
2026-06-15 19:56:00-04:00,201.7,201.7,201.02,201.18,0
2026-06-15 19:57:00-04:00,201.2,201.2,200.1,200.2,0
2026-06-15 19:58:00-04:00,200.1983,200.2,199.03,199.15,0
2026-06-15 19:59:00-04:00,199.1,199.28,198.8,199.28,0
2026-06-15 20:00:00-04:00,199.52,199.52,199.52,199.52,0
2026-06-16 04:00:00-04:00,199.75,215.5253,199.75,212.4,0
2026-06-16 04:01:00-04:00,212.2952,215.52,206.88,213.4113,0
2026-06-16 04:02:00-04:00,213.39,213.8355,213.14,213.5115,0
2026-06-16 04:03:00-04:00,213.51,214.5,213.26,214.43,0
2026-06-16 04:04:00-04:00,214.43,214.4967,213.09,213.64,0
2026-06-16 04:05:00-04:00,213.61,214.0,213.01,213.01,0
2026-06-16 04:06:00-04:00,213.01,215.41,206.93,213.13,0
2026-06-16 04:07:00-04:00,213.13,215.4,206.92,212.4,0
2026-06-16 04:08:00-04:00,214.79,215.31,206.93,212.73,0
2026-06-16 04:09:00-04:00,212.77,215.45,207.0,212.88,0
2026-06-16 04:10:00-04:00,212.88,213.0,212.4,212.424,0
2026-06-16 04:11:00-04:00,212.4104,213.0,212.25,212.96,0
2026-06-16 04:12:00-04:00,212.92,213.06,212.67,212.7,0
2026-06-16 04:13:00-04:00,212.7,212.89,212.35,212.3873,0
2026-06-16 04:14:00-04:00,212.38,212.6,210.96,211.3736,0
2026-06-16 04:15:00-04:00,211.37,212.0,211.0,211.01,0
2026-06-16 04:16:00-04:00,211.01,211.02,210.01,210.0897,0
2026-06-16 04:17:00-04:00,210.0772,210.4157,208.76,209.13,0
2026-06-16 04:18:00-04:00,209.2082,210.0,208.8,209.85,0
2026-06-16 04:19:00-04:00,209.85,211.0,209.85,210.9606,0
2026-06-16 04:20:00-04:00,210.9862,211.7586,209.21,209.41,0
2026-06-16 04:21:00-04:00,209.4,209.8,209.32,209.73,0
2026-06-16 04:22:00-04:00,209.73,209.8,209.0,209.1,0
2026-06-16 04:23:00-04:00,209.1042,209.5,208.56,208.73,0
2026-06-16 04:24:00-04:00,208.67,209.5,208.36,209.37,0
2026-06-16 04:25:00-04:00,209.39,209.55,209.1,209.1808,0
2026-06-16 04:26:00-04:00,209.1848,209.55,209.0,209.4888,0
2026-06-16 04:27:00-04:00,209.4987,209.55,209.3,209.348,0
2026-06-16 04:28:00-04:00,209.3503,209.5,209.058,209.39,0
2026-06-16 04:29:00-04:00,209.43,209.43,208.64,208.67,0
2026-06-16 04:30:00-04:00,208.69,209.52,208.5,209.36,0
2026-06-16 04:31:00-04:00,209.39,210.01,208.88,209.95,0
2026-06-16 04:32:00-04:00,209.7562,210.7877,209.04,209.35,0
2026-06-16 04:33:00-04:00,209.35,209.9925,209.1713,209.34,0
2026-06-16 04:34:00-04:00,209.34,209.4619,208.85,209.11,0
2026-06-16 04:35:00-04:00,209.08,209.14,208.3,208.4089,0
2026-06-16 04:36:00-04:00,208.331,208.71,208.06,208.67,0
2026-06-16 04:37:00-04:00,208.75,209.0,208.59,208.995,0
2026-06-16 04:38:00-04:00,209.0,209.91,208.1,209.41,0
2026-06-16 04:39:00-04:00,209.2506,209.5,209.0,209.44,0
2026-06-16 04:40:00-04:00,209.36,210.0,209.26,210.0,0
2026-06-16 04:41:00-04:00,210.0,210.87,209.7,210.68,0
2026-06-16 04:42:00-04:00,210.7,210.86,209.82,210.35,0
2026-06-16 04:43:00-04:00,210.29,210.864,210.1225,210.864,0
2026-06-16 04:44:00-04:00,210.8627,210.94,210.11,210.59,0
2026-06-16 04:45:00-04:00,210.65,210.97,210.3589,210.65,0
2026-06-16 04:46:00-04:00,210.75,211.55,210.59,211.5097,0
2026-06-16 04:47:00-04:00,211.55,211.9,211.55,211.886,0
2026-06-16 04:48:00-04:00,211.89,212.0,211.33,211.745,0
2026-06-16 04:49:00-04:00,211.73,212.0,211.69,211.71,0
2026-06-16 04:50:00-04:00,211.7437,211.9,211.69,211.84,0
2026-06-16 04:51:00-04:00,211.82,211.89,211.4603,211.5546,0
2026-06-16 04:52:00-04:00,211.5,211.7,211.4,211.673,0
2026-06-16 04:53:00-04:00,211.68,211.9,211.6203,211.8,0
2026-06-16 04:54:00-04:00,211.83,213.0,211.78,212.8838,0
2026-06-16 04:55:00-04:00,212.87,213.0,212.8,212.9,0
2026-06-16 04:56:00-04:00,212.91,212.93,212.4326,212.8,0
2026-06-16 04:57:00-04:00,212.8,213.0,212.72,212.74,0
2026-06-16 04:58:00-04:00,212.73,212.75,211.83,212.49,0
2026-06-16 04:59:00-04:00,212.5259,212.75,211.91,212.09,0
2026-06-16 05:00:00-04:00,212.0589,212.1,211.86,211.86,0
2026-06-16 05:01:00-04:00,211.86,212.6,211.81,212.5131,0
2026-06-16 05:02:00-04:00,212.56,212.75,212.44,212.6,0
2026-06-16 05:03:00-04:00,212.7,213.01,212.58,213.01,0
2026-06-16 05:04:00-04:00,212.93,213.5,212.7,213.48,0
2026-06-16 05:05:00-04:00,213.47,213.4821,212.99,213.21,0
2026-06-16 05:06:00-04:00,213.3,213.34,212.92,213.3,0
2026-06-16 05:07:00-04:00,213.25,213.29,212.77,212.8792,0
2026-06-16 05:08:00-04:00,212.87,213.2,212.62,213.2,0
2026-06-16 05:09:00-04:00,213.1757,213.2,212.77,212.95,0
2026-06-16 05:10:00-04:00,212.9247,213.2,212.823,213.16,0
2026-06-16 05:11:00-04:00,213.2,213.51,213.167,213.48,0
2026-06-16 05:12:00-04:00,213.45,213.71,213.27,213.5762,0
2026-06-16 05:13:00-04:00,213.5228,213.8,213.5,213.76,0
2026-06-16 05:14:00-04:00,213.78,213.7879,213.1,213.72,0
2026-06-16 05:15:00-04:00,213.72,213.75,213.4503,213.6837,0
2026-06-16 05:16:00-04:00,213.6784,213.76,213.3,213.46,0
2026-06-16 05:17:00-04:00,213.41,213.5,213.3,213.45,0
2026-06-16 05:18:00-04:00,213.4852,213.5,212.82,213.07,0
2026-06-16 05:19:00-04:00,212.88,213.38,212.1363,212.31,0
2026-06-16 05:20:00-04:00,212.24,212.4145,211.67,211.7815,0
2026-06-16 05:21:00-04:00,211.7757,212.193,211.4,212.18,0
2026-06-16 05:22:00-04:00,212.0,212.45,212.0,212.43,0
2026-06-16 05:23:00-04:00,212.45,212.5,212.144,212.35,0
2026-06-16 05:24:00-04:00,212.42,212.97,212.2097,212.87,0
2026-06-16 05:25:00-04:00,212.9407,213.1409,212.81,212.83,0
2026-06-16 05:26:00-04:00,212.83,213.46,212.64,213.3135,0
2026-06-16 05:27:00-04:00,213.25,213.5,213.1,213.22,0
2026-06-16 05:28:00-04:00,213.27,213.27,212.5534,212.7176,0
2026-06-16 05:29:00-04:00,212.72,213.0,212.4,212.9826,0
2026-06-16 05:30:00-04:00,212.998,213.06,212.52,212.7372,0
2026-06-16 05:31:00-04:00,212.74,212.83,212.26,212.36,0
2026-06-16 05:32:00-04:00,212.46,212.47,212.05,212.1,0
2026-06-16 05:33:00-04:00,212.1,213.0,212.0537,212.88,0
2026-06-16 05:34:00-04:00,212.8724,213.07,212.68,212.91,0
2026-06-16 05:35:00-04:00,212.87,212.97,212.6,212.93,0
2026-06-16 05:36:00-04:00,212.95,212.9872,212.69,212.73,0
2026-06-16 05:37:00-04:00,212.75,212.778,212.21,212.48,0
2026-06-16 05:38:00-04:00,212.4962,212.54,212.35,212.5,0
2026-06-16 05:39:00-04:00,212.4852,212.69,212.05,212.17,0
2026-06-16 05:40:00-04:00,212.1828,212.77,212.12,212.7346,0
2026-06-16 05:41:00-04:00,212.7,212.75,212.49,212.55,0
2026-06-16 05:42:00-04:00,212.5368,212.55,212.0,212.1013,0
2026-06-16 05:43:00-04:00,212.0993,212.4017,212.0,212.14,0
2026-06-16 05:44:00-04:00,212.14,212.4,212.1,212.3883,0
2026-06-16 05:45:00-04:00,212.3854,212.41,211.79,211.9685,0
2026-06-16 05:46:00-04:00,211.8,212.14,210.9,211.0372,0
2026-06-16 05:47:00-04:00,211.023,211.4,210.8,210.94,0
2026-06-16 05:48:00-04:00,210.9,211.38,210.7,211.13,0
2026-06-16 05:49:00-04:00,211.13,211.2437,210.47,210.75,0
2026-06-16 05:50:00-04:00,210.63,211.55,210.63,211.44,0
2026-06-16 05:51:00-04:00,211.43,211.489,211.1,211.15,0
2026-06-16 05:52:00-04:00,211.17,211.55,211.0,211.4807,0
2026-06-16 05:53:00-04:00,211.5285,211.55,210.98,210.98,0
2026-06-16 05:54:00-04:00,211.05,211.3912,211.0,211.0,0
2026-06-16 05:55:00-04:00,211.0346,211.04,210.52,210.93,0
2026-06-16 05:56:00-04:00,210.95,211.0,210.59,210.9614,0
2026-06-16 05:57:00-04:00,210.9852,210.99,210.43,210.76,0
2026-06-16 05:58:00-04:00,210.72,210.99,210.42,210.7889,0
2026-06-16 05:59:00-04:00,210.7865,211.2,210.7,211.093,0
2026-06-16 06:00:00-04:00,211.04,212.0,211.04,211.6283,0
2026-06-16 06:01:00-04:00,211.695,211.99,211.4,211.89,0
2026-06-16 06:02:00-04:00,211.888,211.99,211.51,211.9,0
2026-06-16 06:03:00-04:00,211.95,212.0,211.8,211.9383,0
2026-06-16 06:04:00-04:00,211.899,211.9,211.6493,211.89,0
2026-06-16 06:05:00-04:00,211.88,212.01,211.67,211.94,0
2026-06-16 06:06:00-04:00,211.95,212.0,211.7003,211.8589,0
2026-06-16 06:07:00-04:00,211.9,211.9975,211.77,211.94,0
2026-06-16 06:08:00-04:00,211.99,211.99,211.58,211.7194,0
2026-06-16 06:09:00-04:00,211.7333,212.04,211.7333,211.95,0
2026-06-16 06:10:00-04:00,211.95,212.0,211.54,211.68,0
2026-06-16 06:11:00-04:00,211.68,211.8925,211.5022,211.76,0
2026-06-16 06:12:00-04:00,211.7808,211.8,211.36,211.73,0
2026-06-16 06:13:00-04:00,211.73,212.1,211.5826,211.8,0
2026-06-16 06:14:00-04:00,211.78,211.9,210.97,211.4195,0
2026-06-16 06:15:00-04:00,211.434,211.9,211.3,211.79,0
2026-06-16 06:16:00-04:00,211.8652,212.8,211.68,212.66,0
2026-06-16 06:17:00-04:00,212.66,212.92,212.0,212.4,0
2026-06-16 06:18:00-04:00,212.3355,212.355,211.54,211.8345,0
2026-06-16 06:19:00-04:00,211.94,212.4,211.83,212.19,0
2026-06-16 06:20:00-04:00,212.19,212.7975,212.1,212.6688,0
2026-06-16 06:21:00-04:00,212.5,212.85,212.5,212.6968,0
2026-06-16 06:22:00-04:00,212.6799,212.7,212.41,212.4803,0
2026-06-16 06:23:00-04:00,212.47,212.5,212.31,212.4,0
2026-06-16 06:24:00-04:00,212.3938,212.5,212.0,212.1831,0
2026-06-16 06:25:00-04:00,212.16,212.4,212.06,212.2694,0
2026-06-16 06:26:00-04:00,212.27,212.31,212.15,212.28,0
2026-06-16 06:27:00-04:00,212.28,212.5,212.152,212.28,0
2026-06-16 06:28:00-04:00,212.26,212.69,212.15,212.3997,0
2026-06-16 06:29:00-04:00,212.39,212.41,211.9,211.91,0
2026-06-16 06:30:00-04:00,211.9054,212.18,211.8,211.99,0
2026-06-16 06:31:00-04:00,211.97,212.27,211.9,212.22,0
2026-06-16 06:32:00-04:00,212.12,212.22,211.61,211.7989,0
2026-06-16 06:33:00-04:00,211.7984,211.98,211.06,211.31,0
2026-06-16 06:34:00-04:00,211.37,211.43,210.61,210.97,0
2026-06-16 06:35:00-04:00,210.89,211.3,210.75,211.0737,0
2026-06-16 06:36:00-04:00,211.0961,211.3,210.8927,211.27,0
2026-06-16 06:37:00-04:00,211.27,211.2882,210.42,210.55,0
2026-06-16 06:38:00-04:00,210.55,211.215,210.4497,211.075,0
2026-06-16 06:39:00-04:00,211.0,211.15,210.67,210.97,0
2026-06-16 06:40:00-04:00,210.932,211.3,210.89,211.225,0
2026-06-16 06:41:00-04:00,211.16,211.24,209.3673,209.63,0
2026-06-16 06:42:00-04:00,209.68,210.46,209.59,209.8667,0
2026-06-16 06:43:00-04:00,209.8667,209.99,209.36,209.9785,0
2026-06-16 06:44:00-04:00,209.9209,210.26,209.68,209.7765,0
2026-06-16 06:45:00-04:00,209.7975,209.85,209.2397,209.63,0
2026-06-16 06:46:00-04:00,209.5121,209.7,209.14,209.3592,0
2026-06-16 06:47:00-04:00,209.4854,209.7,209.2,209.67,0
2026-06-16 06:48:00-04:00,209.7,209.7,209.45,209.61,0
2026-06-16 06:49:00-04:00,209.65,209.7,209.08,209.12,0
2026-06-16 06:50:00-04:00,209.13,209.1797,208.67,209.0,0
2026-06-16 06:51:00-04:00,209.0,209.0,208.6,208.92,0
2026-06-16 06:52:00-04:00,208.88,209.0,208.74,208.9,0
2026-06-16 06:53:00-04:00,208.86,208.95,208.68,208.82,0
2026-06-16 06:54:00-04:00,208.8,211.7837,208.47,208.9966,0
2026-06-16 06:55:00-04:00,208.99,209.64,208.954,209.48,0
2026-06-16 06:56:00-04:00,209.43,209.53,208.8,208.9,0
2026-06-16 06:57:00-04:00,208.9,209.0,208.34,208.5715,0
2026-06-16 06:58:00-04:00,208.5041,208.63,208.05,208.0878,0
2026-06-16 06:59:00-04:00,208.14,208.35,207.2,207.27,0
2026-06-16 07:00:00-04:00,207.4,209.7,207.22,209.7,0
2026-06-16 07:01:00-04:00,209.7,210.9,209.65,210.9,0
2026-06-16 07:02:00-04:00,210.87,210.97,209.72,209.96,0
2026-06-16 07:03:00-04:00,209.9883,210.0,209.29,209.98,0
2026-06-16 07:04:00-04:00,209.99,211.4,209.7,211.3638,0
2026-06-16 07:05:00-04:00,211.3818,211.95,211.27,211.9,0
2026-06-16 07:06:00-04:00,211.9,211.99,211.0,211.2025,0
2026-06-16 07:07:00-04:00,211.2,211.95,211.0,211.9034,0
2026-06-16 07:08:00-04:00,211.9099,212.06,210.75,211.14,0
2026-06-16 07:09:00-04:00,211.1399,211.5,211.0,211.4993,0
2026-06-16 07:10:00-04:00,211.5,211.75,210.7003,210.9884,0
2026-06-16 07:11:00-04:00,210.8658,211.75,210.61,211.69,0
2026-06-16 07:12:00-04:00,211.74,211.95,211.1,211.2,0
2026-06-16 07:13:00-04:00,211.1878,211.5,210.82,211.3153,0
2026-06-16 07:14:00-04:00,211.31,211.42,210.6,210.6,0
2026-06-16 07:15:00-04:00,210.63,210.66,210.25,210.3022,0
2026-06-16 07:16:00-04:00,210.3081,210.4,209.12,209.3791,0
2026-06-16 07:17:00-04:00,209.3798,209.98,209.36,209.79,0
2026-06-16 07:18:00-04:00,209.74,210.28,209.705,209.897,0
2026-06-16 07:19:00-04:00,209.88,209.9,208.64,208.707,0
2026-06-16 07:20:00-04:00,208.7383,208.99,208.38,208.59,0
2026-06-16 07:21:00-04:00,208.5461,209.3,208.36,208.9433,0
2026-06-16 07:22:00-04:00,208.99,209.15,208.56,208.62,0
2026-06-16 07:23:00-04:00,208.62,208.75,207.83,207.8924,0
2026-06-16 07:24:00-04:00,207.8937,207.9,207.2,207.38,0
2026-06-16 07:25:00-04:00,207.2814,207.83,205.28,206.131,0
2026-06-16 07:26:00-04:00,206.33,206.94,205.71,205.71,0
2026-06-16 07:27:00-04:00,205.8827,206.51,205.4,205.858,0
2026-06-16 07:28:00-04:00,205.8502,206.0,205.49,205.99,0
2026-06-16 07:29:00-04:00,205.99,206.87,205.8,206.6392,0
2026-06-16 07:30:00-04:00,206.55,207.75,206.52,207.7,0
2026-06-16 07:31:00-04:00,207.69,207.73,206.75,207.25,0
2026-06-16 07:32:00-04:00,207.28,207.5,205.2107,205.2107,0
2026-06-16 07:33:00-04:00,205.2113,205.97,203.57,204.01,0
2026-06-16 07:34:00-04:00,203.94,204.98,203.21,203.32,0
2026-06-16 07:35:00-04:00,203.34,204.8,203.16,204.69,0
2026-06-16 07:36:00-04:00,204.64,204.74,203.73,204.366,0
2026-06-16 07:37:00-04:00,204.4125,204.5,203.33,204.44,0
2026-06-16 07:38:00-04:00,204.29,204.5,203.3,204.03,0
2026-06-16 07:39:00-04:00,204.1586,204.79,203.7,204.25,0
2026-06-16 07:40:00-04:00,204.22,205.79,204.0,204.7062,0
2026-06-16 07:41:00-04:00,204.74,204.98,204.35,204.6597,0
2026-06-16 07:42:00-04:00,204.66,205.34,204.5,204.97,0
2026-06-16 07:43:00-04:00,204.9,205.0,203.18,203.2,0
2026-06-16 07:44:00-04:00,203.2,203.98,202.02,202.02,0
2026-06-16 07:45:00-04:00,202.02,202.88,201.62,202.56,0
2026-06-16 07:46:00-04:00,202.56,203.0,201.57,201.64,0
2026-06-16 07:47:00-04:00,201.6495,202.0,200.61,200.7,0
2026-06-16 07:48:00-04:00,200.7,201.79,200.27,200.7983,0
2026-06-16 07:49:00-04:00,200.8,200.96,199.34,200.1,0
2026-06-16 07:50:00-04:00,200.0301,200.88,199.8,200.33,0
2026-06-16 07:51:00-04:00,200.3,201.49,200.12,201.47,0
2026-06-16 07:52:00-04:00,201.46,202.0,201.3042,201.88,0
2026-06-16 07:53:00-04:00,201.8687,203.08,192.5,203.08,0
2026-06-16 07:54:00-04:00,203.1,203.47,202.57,203.34,0
2026-06-16 07:55:00-04:00,203.41,203.52,202.71,203.3497,0
2026-06-16 07:56:00-04:00,203.3484,204.58,203.25,204.58,0
2026-06-16 07:57:00-04:00,204.63,204.77,203.3,203.9,0
2026-06-16 07:58:00-04:00,203.9,203.9,203.01,203.1,0
2026-06-16 07:59:00-04:00,203.1,203.21,202.31,203.01,0
2026-06-16 08:00:00-04:00,202.99,203.05,202.6,202.939,0
2026-06-16 08:01:00-04:00,202.85,204.37,202.85,203.68,0
2026-06-16 08:02:00-04:00,203.5,204.51,203.36,203.7,0
2026-06-16 08:03:00-04:00,203.7,203.71,161.5,202.6537,0
2026-06-16 08:04:00-04:00,202.6502,203.04,202.24,202.29,0
2026-06-16 08:05:00-04:00,202.2,203.01,202.2,202.97,0
2026-06-16 08:06:00-04:00,202.98,203.25,202.7,202.8667,0
2026-06-16 08:07:00-04:00,203.0,203.02,202.51,203.0,0
2026-06-16 08:08:00-04:00,202.9,203.13,159.57,202.6,0
2026-06-16 08:09:00-04:00,202.68,202.81,201.57,202.0,0
2026-06-16 08:10:00-04:00,201.9449,203.08,201.76,203.0,0
2026-06-16 08:11:00-04:00,203.0,203.25,202.72,202.89,0
2026-06-16 08:12:00-04:00,202.8995,203.01,202.25,202.5,0
2026-06-16 08:13:00-04:00,202.49,202.5,201.65,202.12,0
2026-06-16 08:14:00-04:00,202.1542,202.28,201.3,201.4598,0
2026-06-16 08:15:00-04:00,201.46,202.2,201.2,202.1,0
2026-06-16 08:16:00-04:00,202.12,202.5,201.87,202.0,0
2026-06-16 08:17:00-04:00,201.9999,202.0,201.55,201.9734,0
2026-06-16 08:18:00-04:00,201.99,202.0,200.73,200.8304,0
2026-06-16 08:19:00-04:00,200.79,200.99,200.0,200.0105,0
2026-06-16 08:20:00-04:00,200.03,200.98,199.61,200.84,0
2026-06-16 08:21:00-04:00,200.8925,201.74,200.71,201.6,0
2026-06-16 08:22:00-04:00,201.59,201.89,150.86,199.92,0
2026-06-16 08:23:00-04:00,199.97,200.81,150.0,199.9139,0
2026-06-16 08:24:00-04:00,199.97,200.64,150.0,200.1137,0
2026-06-16 08:25:00-04:00,200.1634,201.3,200.1,200.95,0
2026-06-16 08:26:00-04:00,200.95,201.0,200.2,200.68,0
2026-06-16 08:27:00-04:00,200.4959,201.0,200.0,200.0957,0
2026-06-16 08:28:00-04:00,200.0269,201.19,200.01,200.8735,0
2026-06-16 08:29:00-04:00,200.9398,201.38,200.75,201.35,0
2026-06-16 08:30:00-04:00,201.3436,202.0,201.17,201.7123,0
2026-06-16 08:31:00-04:00,201.7065,201.9996,201.12,201.5,0
2026-06-16 08:32:00-04:00,201.38,201.7576,200.79,200.98,0
2026-06-16 08:33:00-04:00,200.9403,201.36,200.8,201.3,0
2026-06-16 08:34:00-04:00,201.35,201.5,200.7,201.287,0
2026-06-16 08:35:00-04:00,201.25,201.5,201.0,201.48,0
2026-06-16 08:36:00-04:00,201.48,202.3,201.22,201.54,0
2026-06-16 08:37:00-04:00,201.54,201.95,201.35,201.9374,0
2026-06-16 08:38:00-04:00,201.9374,202.4,201.35,201.88,0
2026-06-16 08:39:00-04:00,201.88,202.5,201.5,202.5,0
2026-06-16 08:40:00-04:00,202.5,202.5,201.43,201.4315,0
2026-06-16 08:41:00-04:00,201.5078,201.73,200.92,201.3783,0
2026-06-16 08:42:00-04:00,201.08,201.46,200.8,200.9138,0
2026-06-16 08:43:00-04:00,200.94,201.42,200.87,201.23,0
2026-06-16 08:44:00-04:00,201.16,201.5,200.85,201.3,0
2026-06-16 08:45:00-04:00,201.33,201.5,201.1,201.44,0
2026-06-16 08:46:00-04:00,201.41,201.98,201.25,201.94,0
2026-06-16 08:47:00-04:00,201.98,202.39,201.85,202.11,0
2026-06-16 08:48:00-04:00,202.1,202.4,201.25,202.24,0
2026-06-16 08:49:00-04:00,202.2391,202.31,201.52,201.97,0
2026-06-16 08:50:00-04:00,201.9454,201.99,201.67,201.8927,0
2026-06-16 08:51:00-04:00,202.0,202.48,201.8,202.3995,0
2026-06-16 08:51:19-04:00,201.82,201.82,201.82,201.82,0
2026-06-16 08:52:00-04:00,202.3932,202.54,201.85,201.9495,0
2026-06-16 08:53:00-04:00,201.89,202.0,201.53,201.93,0
2026-06-16 08:54:00-04:00,201.86,201.95,201.33,201.74,0
2026-06-16 08:55:00-04:00,201.55,201.74,201.25,201.38,0
2026-06-16 08:56:00-04:00,201.3897,201.67,201.29,201.51,0
2026-06-16 08:57:00-04:00,201.5099,201.7,201.16,201.58,0
2026-06-16 08:58:00-04:00,201.6146,202.22,201.5,201.9593,0
2026-06-16 08:59:00-04:00,201.93,202.1,201.71,202.0483,0
2026-06-16 09:00:00-04:00,202.0,202.1,201.58,202.0,0
2026-06-16 09:01:00-04:00,202.0,202.0,201.65,201.96,0
2026-06-16 09:02:00-04:00,201.96,201.99,201.47,201.68,0
2026-06-16 09:03:00-04:00,201.7192,202.0,158.0,201.98,0
2026-06-16 09:04:00-04:00,201.9885,202.02,201.77,201.93,0
2026-06-16 09:05:00-04:00,201.9203,202.0,201.11,201.71,0
2026-06-16 09:06:00-04:00,201.58,201.73,200.83,200.84,0
2026-06-16 09:07:00-04:00,200.85,201.09,200.25,200.4,0
2026-06-16 09:08:00-04:00,200.26,207.0,199.15,199.5812,0
2026-06-16 09:09:00-04:00,199.6151,199.62,198.24,198.8,0
2026-06-16 09:10:00-04:00,198.8143,198.94,150.0,197.6947,0
2026-06-16 09:11:00-04:00,197.6805,199.0,197.49,198.3099,0
2026-06-16 09:12:00-04:00,198.13,198.7,197.75,197.78,0
2026-06-16 09:13:00-04:00,197.79,198.2,196.33,197.39,0
2026-06-16 09:14:00-04:00,197.39,198.3,197.1,197.6,0
2026-06-16 09:15:00-04:00,197.78,199.13,197.59,198.949,0
2026-06-16 09:16:00-04:00,198.94,198.98,198.0,198.47,0
2026-06-16 09:17:00-04:00,198.45,199.65,198.3,199.65,0
2026-06-16 09:18:00-04:00,199.65,199.9,199.0,199.88,0
2026-06-16 09:19:00-04:00,199.9,201.31,199.5,199.9632,0
2026-06-16 09:20:00-04:00,199.98,201.48,199.9794,201.45,0
2026-06-16 09:21:00-04:00,201.38,202.18,200.893,202.18,0
2026-06-16 09:22:00-04:00,202.2,202.35,201.316,201.88,0
2026-06-16 09:23:00-04:00,201.89,202.4,201.61,202.15,0
2026-06-16 09:24:00-04:00,202.15,204.0,202.0,203.6576,0
2026-06-16 09:25:00-04:00,203.65,204.0,201.0,201.9007,0
2026-06-16 09:26:00-04:00,201.86,202.77,150.0,201.88,0
2026-06-16 09:27:00-04:00,201.88,202.6497,150.0,200.7482,0
2026-06-16 09:28:00-04:00,200.74,201.0,199.5,200.06,0
2026-06-16 09:29:00-04:00,200.01,200.89,200.0,200.3784,0
2026-06-16 09:30:00-04:00,200.42030334472656,207.5,200.0,207.41000366210938,40218593
2026-06-16 09:31:00-04:00,207.41000366210938,212.00999450683594,206.49569702148438,211.125,3668225
2026-06-16 09:32:00-04:00,210.9499969482422,211.3000030517578,203.6199951171875,205.8699951171875,3107600
2026-06-16 09:33:00-04:00,205.8699951171875,207.0,204.60000610351562,205.22000122070312,1900470
2026-06-16 09:34:00-04:00,205.5399932861328,208.0,205.05999755859375,207.99989318847656,1799649
2026-06-16 09:35:00-04:00,207.92999267578125,210.0500030517578,207.4290008544922,209.8800048828125,2426751
2026-06-16 09:36:00-04:00,209.9199981689453,210.00999450683594,208.00999450683594,208.82000732421875,1748628
2026-06-16 09:37:00-04:00,208.63999938964844,209.5,206.47000122070312,207.47000122070312,1906619
2026-06-16 09:38:00-04:00,207.72999572753906,208.55999755859375,207.3699951171875,208.17999267578125,1331448
2026-06-16 09:39:00-04:00,208.17999267578125,208.77000427246094,207.0,207.91000366210938,1215876
2026-06-16 09:40:00-04:00,207.5399932861328,208.5800018310547,207.5399932861328,208.05999755859375,1067192
2026-06-16 09:41:00-04:00,208.1300048828125,211.83999633789062,207.30999755859375,211.6699981689453,2299293
2026-06-16 09:42:00-04:00,211.61000061035156,214.39999389648438,210.6999969482422,211.44000244140625,2848502
2026-06-16 09:43:00-04:00,211.40679931640625,213.72999572753906,210.5,212.00999450683594,1549824
2026-06-16 09:44:00-04:00,212.10499572753906,212.83999633789062,211.42999267578125,212.34500122070312,1440068
2026-06-16 09:45:00-04:00,212.36000061035156,212.83999633789062,209.66000366210938,210.4199981689453,1949902
2026-06-16 09:46:00-04:00,210.4199981689453,212.4394073486328,210.11000061035156,211.92999267578125,1258912
2026-06-16 09:47:00-04:00,211.9600067138672,216.3000030517578,211.5,215.80999755859375,2752141
2026-06-16 09:48:00-04:00,215.8699951171875,218.35000610351562,215.32000732421875,217.3699951171875,2040067
2026-06-16 09:49:00-04:00,217.32000732421875,217.83990478515625,215.6199951171875,216.22500610351562,1713496
2026-06-16 09:50:00-04:00,216.30999755859375,216.50999450683594,215.14999389648438,216.5,1339216
2026-06-16 09:51:00-04:00,216.50840759277344,218.3300018310547,215.99000549316406,217.99000549316406,1735855
2026-06-16 09:52:00-04:00,217.5290069580078,219.49989318847656,217.14999389648438,217.65499877929688,1341149
2026-06-16 09:53:00-04:00,217.6649932861328,218.5,216.2200927734375,217.97500610351562,1504867
2026-06-16 09:54:00-04:00,217.9149932861328,219.67999267578125,217.89999389648438,219.36500549316406,1465340
2026-06-16 09:55:00-04:00,219.4199981689453,220.02000427246094,218.60000610351562,219.0,2438137
2026-06-16 09:56:00-04:00,218.94000244140625,219.6999969482422,217.13999938964844,217.14010620117188,1561782
2026-06-16 09:57:00-04:00,217.19000244140625,218.74989318847656,216.8000030517578,217.66000366210938,1198155
2026-06-16 09:58:00-04:00,217.66000366210938,220.0,217.33360290527344,219.4779052734375,1623341
2026-06-16 09:59:00-04:00,219.61000061035156,219.8000030517578,218.27000427246094,219.0,1300168
2026-06-16 10:00:00-04:00,218.80999755859375,221.99000549316406,218.30999755859375,221.7863006591797,1725565
2026-06-16 10:01:00-04:00,221.77999877929688,223.85000610351562,219.77000427246094,222.89999389648438,2166925
2026-06-16 10:02:00-04:00,222.88999938964844,225.639892578125,222.0800018310547,224.77499389648438,2356930
2026-06-16 10:03:00-04:00,224.8000030517578,225.63999938964844,223.25,223.55499267578125,1919089
2026-06-16 10:04:00-04:00,223.5500030517578,224.97000122070312,222.1999969482422,222.71820068359375,1570421
2026-06-16 10:05:00-04:00,222.66000366210938,222.92999267578125,219.00999450683594,219.00999450683594,2147094
2026-06-16 10:06:00-04:00,219.00999450683594,219.99000549316406,217.0800018310547,217.33349609375,2365648
2026-06-16 10:07:00-04:00,217.3385009765625,219.36000061035156,216.00999450683594,218.82249450683594,1909677
2026-06-16 10:08:00-04:00,218.9499969482422,220.32000732421875,218.5,219.73500061035156,1292475
2026-06-16 10:09:00-04:00,219.6300048828125,221.49000549316406,219.14999389648438,219.60499572753906,1487552
2026-06-16 10:10:00-04:00,219.57000732421875,220.13999938964844,218.07000732421875,218.57000732421875,1266198
2026-06-16 10:11:00-04:00,218.63999938964844,219.41000366210938,216.10499572753906,216.1999969482422,1588970
2026-06-16 10:12:00-04:00,216.25399780273438,216.3300018310547,214.0,215.2949981689453,2435290
2026-06-16 10:13:00-04:00,215.2899932861328,216.5800018310547,214.3699951171875,215.80999755859375,1099215
2026-06-16 10:14:00-04:00,215.6999969482422,217.57989501953125,215.5800018310547,216.69000244140625,863950
2026-06-16 10:15:00-04:00,216.78900146484375,218.0,216.44000244140625,217.8300018310547,953216
2026-06-16 10:16:00-04:00,217.82000732421875,217.97999572753906,215.1999969482422,215.92999267578125,1077492
2026-06-16 10:17:00-04:00,215.89300537109375,216.47000122070312,213.0,213.24000549316406,1848400
2026-06-16 10:18:00-04:00,213.27999877929688,214.6999969482422,212.5500030517578,212.92999267578125,1167437
2026-06-16 10:19:00-04:00,212.93499755859375,214.5,212.7100067138672,214.11000061035156,891856
2026-06-16 10:20:00-04:00,214.10000610351562,215.0,212.22999572753906,212.75999450683594,1379985
2026-06-16 10:21:00-04:00,212.77000427246094,213.8000030517578,212.1199951171875,212.38499450683594,1034206
2026-06-16 10:22:00-04:00,212.38499450683594,212.38499450683594,208.25,208.7899932861328,3250208
2026-06-16 10:23:00-04:00,208.75,209.6999969482422,207.5,209.46780395507812,1886668
2026-06-16 10:24:00-04:00,209.4199981689453,210.8699951171875,208.66000366210938,209.0,1219938
2026-06-16 10:25:00-04:00,208.99000549316406,212.49000549316406,208.79010009765625,212.3699951171875,1173051
2026-06-16 10:26:00-04:00,212.30999755859375,212.4600067138672,209.6300048828125,211.625,1100532
2026-06-16 10:27:00-04:00,211.625,211.85000610351562,210.6199951171875,211.8300018310547,692102
2026-06-16 10:28:00-04:00,211.77000427246094,212.69000244140625,210.25010681152344,210.75,901358
2026-06-16 10:29:00-04:00,210.74819946289062,211.15989685058594,208.44009399414062,209.58999633789062,1159751
2026-06-16 10:30:00-04:00,209.55999755859375,209.6999969482422,206.8000030517578,207.2989959716797,1467683
2026-06-16 10:31:00-04:00,207.22999572753906,207.85000610351562,205.11000061035156,205.7899932861328,1548655
2026-06-16 10:32:00-04:00,205.9199981689453,207.69000244140625,205.0,206.41000366210938,1227783
2026-06-16 10:33:00-04:00,206.5399932861328,208.5998992919922,206.1999969482422,208.2899932861328,954351
2026-06-16 10:34:00-04:00,208.27000427246094,209.9499053955078,208.24899291992188,209.0030059814453,896423
2026-06-16 10:35:00-04:00,208.89999389648438,208.9199981689453,205.4593963623047,205.75999450683594,1220954
2026-06-16 10:36:00-04:00,205.75999450683594,206.9398956298828,204.10000610351562,204.47000122070312,1753552
2026-06-16 10:37:00-04:00,204.55990600585938,207.74000549316406,204.11000061035156,207.72999572753906,1174027
2026-06-16 10:38:00-04:00,207.6999969482422,207.8300018310547,206.39500427246094,207.61000061035156,701628
2026-06-16 10:39:00-04:00,207.5800018310547,209.89999389648438,207.5800018310547,209.8800048828125,842991
2026-06-16 10:40:00-04:00,209.88999938964844,210.6300048828125,208.60009765625,209.47000122070312,1107886
2026-06-16 10:41:00-04:00,209.47500610351562,210.1199951171875,208.6999969482422,208.72999572753906,707544
2026-06-16 10:42:00-04:00,208.72999572753906,209.4499053955078,208.07009887695312,209.2899932861328,534925
2026-06-16 10:43:00-04:00,209.27000427246094,209.4550018310547,206.41000366210938,207.44000244140625,907460
2026-06-16 10:44:00-04:00,207.22999572753906,207.99000549316406,205.80999755859375,206.22000122070312,656555
2026-06-16 10:45:00-04:00,206.22000122070312,207.1793975830078,205.38340759277344,207.0500030517578,767021
2026-06-16 10:46:00-04:00,207.04010009765625,208.4499053955078,207.04010009765625,207.58999633789062,592612
2026-06-16 10:47:00-04:00,207.58999633789062,209.22000122070312,207.1999969482422,208.75,511414
2026-06-16 10:48:00-04:00,208.75999450683594,209.82000732421875,208.5500030517578,209.3699951171875,627922
2026-06-16 10:49:00-04:00,209.42999267578125,209.85000610351562,208.9199981689453,209.5850067138672,615138
2026-06-16 10:50:00-04:00,209.5850067138672,211.75999450683594,209.4199981689453,211.60000610351562,1062333
2026-06-16 10:51:00-04:00,211.60000610351562,212.5,211.41000366210938,211.72000122070312,959562
2026-06-16 10:52:00-04:00,211.88999938964844,213.1199951171875,211.00999450683594,212.84500122070312,937334
2026-06-16 10:53:00-04:00,212.80499267578125,212.97999572753906,211.1199951171875,211.4949951171875,787252
2026-06-16 10:54:00-04:00,211.5,211.66000366210938,209.3300018310547,209.85000610351562,837468
2026-06-16 10:55:00-04:00,209.82000732421875,209.86000061035156,207.74000549316406,208.8000946044922,984804
2026-06-16 10:56:00-04:00,208.89999389648438,209.97000122070312,208.42999267578125,209.88999938964844,534383
2026-06-16 10:57:00-04:00,209.8800048828125,210.47999572753906,209.1199951171875,210.07000732421875,495431
2026-06-16 10:58:00-04:00,210.19000244140625,210.82000732421875,207.44000244140625,207.49000549316406,790969
2026-06-16 10:59:00-04:00,207.45370483398438,207.99989318847656,207.0,207.7550048828125,562360
2026-06-16 11:00:00-04:00,207.8699951171875,208.9499969482422,207.61000061035156,207.8105010986328,616250
2026-06-16 11:01:00-04:00,207.89999389648438,207.94000244140625,206.60000610351562,207.5850067138672,797567
2026-06-16 11:02:00-04:00,207.5850067138672,207.95989990234375,206.0500030517578,207.08999633789062,698207
2026-06-16 11:03:00-04:00,207.16990661621094,207.5,206.60000610351562,207.4600067138672,416725
2026-06-16 11:04:00-04:00,207.5,208.27999877929688,207.1699981689453,207.31500244140625,535241
2026-06-16 11:05:00-04:00,207.19009399414062,208.11000061035156,206.3300018310547,208.05999755859375,555422
2026-06-16 11:06:00-04:00,208.0500030517578,208.47999572753906,207.33999633789062,208.27499389648438,467315
2026-06-16 11:07:00-04:00,208.27499389648438,208.77000427246094,208.08999633789062,208.21499633789062,389378
2026-06-16 11:08:00-04:00,208.2100067138672,208.88999938964844,208.0,208.77499389648438,442998
2026-06-16 11:09:00-04:00,208.75999450683594,210.44000244140625,208.5800018310547,210.17999267578125,784120
2026-06-16 11:10:00-04:00,210.17999267578125,210.60000610351562,209.6300048828125,209.8101043701172,560745
2026-06-16 11:11:00-04:00,209.99000549316406,210.83999633789062,209.90499877929688,210.44500732421875,574544
2026-06-16 11:12:00-04:00,210.50990295410156,210.80999755859375,209.27000427246094,209.3300018310547,563161
2026-06-16 11:13:00-04:00,209.29600524902344,210.3300018310547,208.10000610351562,208.39999389648438,650525
2026-06-16 11:14:00-04:00,208.44180297851562,209.89999389648438,208.10000610351562,209.60000610351562,337011
2026-06-16 11:15:00-04:00,209.60000610351562,210.5189971923828,209.25,210.47500610351562,426203
2026-06-16 11:16:00-04:00,210.4199981689453,211.2698974609375,210.27999877929688,210.7449951171875,570480
2026-06-16 11:17:00-04:00,210.6750030517578,211.32000732421875,210.2200927734375,210.30999755859375,519634
2026-06-16 11:18:00-04:00,210.33999633789062,210.52999877929688,208.50999450683594,208.50999450683594,630248
2026-06-16 11:19:00-04:00,208.53500366210938,209.7698974609375,208.4199981689453,209.60000610351562,349159
2026-06-16 11:20:00-04:00,209.60000610351562,210.66000366210938,209.33999633789062,209.42010498046875,356444
2026-06-16 11:21:00-04:00,209.5,211.49000549316406,209.33999633789062,211.22000122070312,535303
2026-06-16 11:22:00-04:00,211.26499938964844,211.42999267578125,210.16000366210938,210.93499755859375,406122
2026-06-16 11:23:00-04:00,210.88999938964844,211.66000366210938,210.4499969482422,210.89999389648438,467010
2026-06-16 11:24:00-04:00,210.89999389648438,212.0,210.8000030517578,211.73500061035156,464768
2026-06-16 11:25:00-04:00,211.73500061035156,212.3000030517578,210.41000366210938,211.49070739746094,728475
2026-06-16 11:26:00-04:00,211.66000366210938,213.0,211.66000366210938,212.2220001220703,761400
2026-06-16 11:27:00-04:00,212.30999755859375,212.6199951171875,211.1999969482422,211.4199981689453,529908
2026-06-16 11:28:00-04:00,211.41250610351562,211.8498992919922,210.1999969482422,210.57000732421875,553851
2026-06-16 11:29:00-04:00,210.51499938964844,211.41000366210938,210.19000244140625,211.1199951171875,379489
2026-06-16 11:30:00-04:00,211.15499877929688,212.2899932861328,210.83999633789062,211.9199981689453,525475
2026-06-16 11:31:00-04:00,211.85000610351562,212.89999389648438,211.5800018310547,212.7884063720703,472285
2026-06-16 11:32:00-04:00,212.88999938964844,214.4600067138672,212.72000122070312,213.99000549316406,965858
2026-06-16 11:33:00-04:00,213.99000549316406,214.5,213.75999450683594,214.39930725097656,580032
2026-06-16 11:34:00-04:00,214.39999389648438,214.75999450683594,213.83999633789062,214.64999389648438,596511
2026-06-16 11:35:00-04:00,214.66000366210938,214.75999450683594,213.60000610351562,214.3303985595703,484315
2026-06-16 11:36:00-04:00,214.2949981689453,214.2949981689453,213.57000732421875,213.63099670410156,419422
2026-06-16 11:37:00-04:00,213.6199951171875,214.36000061035156,212.61000061035156,213.02000427246094,643152
2026-06-16 11:38:00-04:00,213.2100067138672,213.99000549316406,212.3000030517578,212.75160217285156,515710
2026-06-16 11:39:00-04:00,212.75999450683594,212.94000244140625,210.6999969482422,210.90499877929688,642353
2026-06-16 11:40:00-04:00,210.8800048828125,211.1999969482422,209.139892578125,209.5312957763672,905499
2026-06-16 11:41:00-04:00,209.60409545898438,210.5,209.42999267578125,210.08059692382812,463229
2026-06-16 11:42:00-04:00,210.08990478515625,210.17999267578125,209.08999633789062,209.86500549316406,357707
2026-06-16 11:43:00-04:00,209.86500549316406,210.49000549316406,209.39999389648438,210.0283966064453,407918
2026-06-16 11:44:00-04:00,210.1199951171875,210.77000427246094,209.8800048828125,210.6300048828125,284121
2026-06-16 11:45:00-04:00,210.52029418945312,210.69000244140625,208.75,209.1199951171875,699361
2026-06-16 11:46:00-04:00,209.1300048828125,209.75,208.35000610351562,208.6649932861328,387551
2026-06-16 11:47:00-04:00,208.610595703125,209.1199951171875,207.30099487304688,208.43960571289062,824373
2026-06-16 11:48:00-04:00,208.4199981689453,209.55999755859375,208.0,209.28500366210938,378179
2026-06-16 11:49:00-04:00,209.32000732421875,210.1999969482422,208.88009643554688,209.99989318847656,424123
2026-06-16 11:50:00-04:00,209.99000549316406,210.1999969482422,209.55999755859375,210.0301055908203,306468
2026-06-16 11:51:00-04:00,210.13999938964844,210.61000061035156,210.0,210.49000549316406,359224
2026-06-16 11:52:00-04:00,210.4149932861328,210.64999389648438,209.5800018310547,210.5800018310547,316996
2026-06-16 11:53:00-04:00,210.54559326171875,211.35000610351562,210.50999450683594,211.02999877929688,441366
2026-06-16 11:54:00-04:00,210.89999389648438,211.6999053955078,210.80999755859375,211.30999755859375,307781
2026-06-16 11:55:00-04:00,211.30999755859375,211.97000122070312,211.03399658203125,211.20899963378906,376074
2026-06-16 11:56:00-04:00,211.24000549316406,211.75999450683594,211.13999938964844,211.5399932861328,255248
2026-06-16 11:57:00-04:00,211.52499389648438,211.64999389648438,211.2100067138672,211.60000610351562,276855
2026-06-16 11:58:00-04:00,211.64999389648438,211.8000030517578,211.10000610351562,211.30999755859375,324208
2026-06-16 11:59:00-04:00,211.30999755859375,211.60000610351562,210.75,211.11000061035156,395369
2026-06-16 12:00:00-04:00,211.16000366210938,211.49989318847656,210.63999938964844,210.82200622558594,285930
2026-06-16 12:01:00-04:00,210.82220458984375,212.5,210.63999938964844,211.875,596705
2026-06-16 12:02:00-04:00,211.875,212.25,211.1300048828125,211.1479034423828,432584
2026-06-16 12:03:00-04:00,211.27000427246094,212.37989807128906,211.05999755859375,212.19000244140625,302089
2026-06-16 12:04:00-04:00,212.25999450683594,212.3800048828125,211.5,211.8498992919922,317845
2026-06-16 12:05:00-04:00,212.0,212.9499969482422,211.89999389648438,212.8000946044922,417673
2026-06-16 12:06:00-04:00,212.92999267578125,213.9199981689453,212.64999389648438,213.2899932861328,520065
2026-06-16 12:07:00-04:00,213.156005859375,213.8000030517578,212.75999450683594,213.52760314941406,399591
2026-06-16 12:08:00-04:00,213.52999877929688,213.74989318847656,212.5,212.6475067138672,389061
2026-06-16 12:09:00-04:00,212.60499572753906,212.89990234375,211.74000549316406,212.49000549316406,620296
2026-06-16 12:10:00-04:00,212.47000122070312,213.17999267578125,211.89999389648438,212.97000122070312,394446
2026-06-16 12:11:00-04:00,212.94000244140625,213.2550048828125,212.1199951171875,212.27999877929688,259659
2026-06-16 12:12:00-04:00,212.27999877929688,214.57000732421875,212.1699981689453,214.47000122070312,672243
2026-06-16 12:13:00-04:00,214.36000061035156,214.56260681152344,213.3300018310547,213.5050048828125,425145
2026-06-16 12:14:00-04:00,213.4499969482422,213.52999877929688,212.4199981689453,213.0399932861328,447666
2026-06-16 12:15:00-04:00,213.072998046875,214.38999938964844,213.04530334472656,214.03500366210938,427815
2026-06-16 12:16:00-04:00,214.03500366210938,214.3000030517578,213.58999633789062,213.86000061035156,311687
2026-06-16 12:17:00-04:00,213.8000030517578,214.3800048828125,213.610107421875,213.84500122070312,342582
2026-06-16 12:18:00-04:00,213.8000030517578,214.61000061035156,213.6999969482422,214.41000366210938,407485
2026-06-16 12:19:00-04:00,214.41000366210938,214.99989318847656,214.30999755859375,214.8300018310547,413490
2026-06-16 12:20:00-04:00,214.8675994873047,215.39990234375,214.1199951171875,215.11000061035156,1282334
2026-06-16 12:21:00-04:00,215.19000244140625,215.4320068359375,214.8000030517578,215.24429321289062,723652
2026-06-16 12:22:00-04:00,215.25210571289062,216.75,214.89999389648438,216.57000732421875,963988
2026-06-16 12:23:00-04:00,216.58999633789062,216.72000122070312,216.25999450683594,216.5,459415
2026-06-16 12:24:00-04:00,216.5,217.30999755859375,215.91200256347656,216.7292938232422,859229
2026-06-16 12:25:00-04:00,216.6446990966797,217.33999633789062,216.6446990966797,216.77999877929688,493566
2026-06-16 12:26:00-04:00,216.77000427246094,216.9398956298828,216.02999877929688,216.1999969482422,452343
2026-06-16 12:27:00-04:00,216.1999969482422,216.49989318847656,215.27000427246094,216.0500030517578,471552
2026-06-16 12:28:00-04:00,216.17990112304688,217.3800048828125,215.9499969482422,216.25999450683594,669601
2026-06-16 12:29:00-04:00,216.35000610351562,216.60000610351562,214.67999267578125,216.55929565429688,658068
2026-06-16 12:30:00-04:00,216.5596923828125,216.5699005126953,215.72000122070312,215.93580627441406,297516
2026-06-16 12:31:00-04:00,215.92649841308594,215.98500061035156,213.6999969482422,215.27000427246094,861480
2026-06-16 12:32:00-04:00,215.18499755859375,215.64999389648438,214.3300018310547,214.33399963378906,420142
2026-06-16 12:33:00-04:00,214.41000366210938,215.75,214.1999969482422,215.28500366210938,305754
2026-06-16 12:34:00-04:00,215.28500366210938,215.5500030517578,214.52000427246094,214.8300018310547,274590
2026-06-16 12:35:00-04:00,214.81680297851562,215.08999633789062,214.22999572753906,214.7198944091797,405983
2026-06-16 12:36:00-04:00,214.61000061035156,214.8000030517578,214.13999938964844,214.2550048828125,261808
2026-06-16 12:37:00-04:00,214.33999633789062,214.6999969482422,214.13999938964844,214.58999633789062,284887
2026-06-16 12:38:00-04:00,214.5,215.7899932861328,214.10000610351562,215.6199951171875,314377
2026-06-16 12:39:00-04:00,215.6199951171875,215.97999572753906,214.8300018310547,215.6699981689453,389269
2026-06-16 12:40:00-04:00,215.6699981689453,215.97000122070312,215.39999389648438,215.75999450683594,249649
2026-06-16 12:41:00-04:00,215.6999969482422,216.8699951171875,215.5800018310547,216.3000030517578,576848
2026-06-16 12:42:00-04:00,216.27000427246094,216.5399932861328,215.89999389648438,216.00430297851562,385359
2026-06-16 12:43:00-04:00,216.0438995361328,217.27999877929688,216.0,216.60499572753906,487455
2026-06-16 12:44:00-04:00,216.52999877929688,216.85000610351562,215.88999938964844,215.9550018310547,380968
2026-06-16 12:45:00-04:00,215.9550018310547,216.47999572753906,215.61000061035156,216.4499969482422,364463
2026-06-16 12:46:00-04:00,216.38999938964844,216.5,215.6199951171875,216.33799743652344,771991
2026-06-16 12:47:00-04:00,216.3350067138672,217.27999877929688,216.12010192871094,216.97500610351562,510647
2026-06-16 12:48:00-04:00,217.06919860839844,217.4600067138672,216.92010498046875,217.25999450683594,532995
2026-06-16 12:49:00-04:00,217.1999969482422,217.44000244140625,216.85000610351562,217.10000610351562,457801
2026-06-16 12:50:00-04:00,217.14990234375,217.4600067138672,216.86000061035156,217.0500030517578,434644
2026-06-16 12:51:00-04:00,217.0800018310547,217.3300018310547,216.60000610351562,216.75999450683594,337019
2026-06-16 12:52:00-04:00,216.75999450683594,217.3300018310547,216.52000427246094,216.8800048828125,476924
2026-06-16 12:53:00-04:00,216.9290008544922,217.0998992919922,216.1199951171875,216.2550048828125,409271
2026-06-16 12:54:00-04:00,216.33900451660156,216.77999877929688,216.16000366210938,216.28500366210938,322561
2026-06-16 12:55:00-04:00,216.2899932861328,216.64999389648438,216.17999267578125,216.44000244140625,242928
2026-06-16 12:56:00-04:00,216.39999389648438,216.94000244140625,216.2949981689453,216.63999938964844,231441
2026-06-16 12:57:00-04:00,216.7100067138672,216.97999572753906,216.4250030517578,216.58999633789062,264485
2026-06-16 12:58:00-04:00,216.54010009765625,216.7100067138672,216.36000061035156,216.5,193492
2026-06-16 12:59:00-04:00,216.49000549316406,217.24000549316406,216.17999267578125,217.1999969482422,378940
2026-06-16 13:00:00-04:00,217.22999572753906,217.35000610351562,216.60000610351562,217.12010192871094,366932
2026-06-16 13:01:00-04:00,217.25,217.4499969482422,216.75369262695312,216.97500610351562,346265
2026-06-16 13:02:00-04:00,216.97000122070312,217.35000610351562,216.5,217.27499389648438,374473
2026-06-16 13:03:00-04:00,217.13499450683594,218.2100067138672,216.99009704589844,217.57000732421875,874705
2026-06-16 13:04:00-04:00,217.61000061035156,217.72999572753906,216.63009643554688,217.09730529785156,372695
2026-06-16 13:05:00-04:00,217.15989685058594,217.2899932861328,216.3000030517578,216.94000244140625,367713
2026-06-16 13:06:00-04:00,216.92430114746094,217.47999572753906,216.8000030517578,217.0623016357422,263921
2026-06-16 13:07:00-04:00,217.0565948486328,217.18359375,215.61000061035156,216.21499633789062,454953
2026-06-16 13:08:00-04:00,216.13499450683594,216.25999450683594,214.75010681152344,215.21380615234375,782020
2026-06-16 13:09:00-04:00,215.16000366210938,215.4134063720703,214.64120483398438,214.98500061035156,382906
2026-06-16 13:10:00-04:00,214.9600067138672,215.9199981689453,214.9199981689453,215.9199981689453,258657
2026-06-16 13:11:00-04:00,215.91990661621094,216.19000244140625,215.25010681152344,215.80999755859375,241915
2026-06-16 13:12:00-04:00,215.70899963378906,216.64999389648438,215.64999389648438,216.2550048828125,218726
2026-06-16 13:13:00-04:00,216.2550048828125,216.5800018310547,215.6999969482422,215.78500366210938,302294
2026-06-16 13:14:00-04:00,215.83990478515625,216.3498992919922,215.7200927734375,216.22000122070312,163164
2026-06-16 13:15:00-04:00,216.17999267578125,216.25990295410156,215.6999969482422,215.9199981689453,197210
2026-06-16 13:16:00-04:00,215.9600067138672,216.44000244140625,215.8074951171875,216.39999389648438,197896
2026-06-16 13:17:00-04:00,216.3907928466797,216.75999450683594,216.10000610351562,216.38999938964844,241420
2026-06-16 13:18:00-04:00,216.38999938964844,216.89999389648438,216.1199951171875,216.7489013671875,233442
2026-06-16 13:19:00-04:00,216.73219299316406,216.889892578125,216.25,216.61500549316406,203031
2026-06-16 13:20:00-04:00,216.60000610351562,216.8699951171875,215.88999938964844,215.9499969482422,281091
2026-06-16 13:21:00-04:00,215.92999267578125,215.9600067138672,214.0800018310547,214.1999969482422,768774
2026-06-16 13:22:00-04:00,214.17300415039062,214.28990173339844,213.4199981689453,214.0800018310547,409523
2026-06-16 13:23:00-04:00,214.1300048828125,214.82000732421875,213.42999267578125,213.96499633789062,551143
2026-06-16 13:24:00-04:00,214.0,215.5,212.82000732421875,213.35079956054688,545955
2026-06-16 13:25:00-04:00,213.27999877929688,213.57000732421875,212.7899932861328,213.4199981689453,293708
2026-06-16 13:26:00-04:00,213.30369567871094,214.22999572753906,213.30369567871094,213.72000122070312,290458
2026-06-16 13:27:00-04:00,213.77999877929688,214.52999877929688,213.50999450683594,214.27999877929688,310815
2026-06-16 13:28:00-04:00,214.27999877929688,214.58990478515625,214.0706024169922,214.1300048828125,260672
2026-06-16 13:29:00-04:00,214.10000610351562,214.87989807128906,213.88999938964844,214.66000366210938,268021
2026-06-16 13:30:00-04:00,214.52000427246094,214.8300018310547,214.02000427246094,214.1656951904297,246329
2026-06-16 13:31:00-04:00,214.02999877929688,214.68899536132812,213.72000122070312,214.37510681152344,250419
2026-06-16 13:32:00-04:00,214.64999389648438,214.75990295410156,213.72779846191406,213.9199981689453,228864
2026-06-16 13:33:00-04:00,213.8800048828125,214.2698974609375,212.6300048828125,212.88999938964844,337283
2026-06-16 13:34:00-04:00,212.7899932861328,213.6999969482422,212.52999877929688,213.02999877929688,262428
2026-06-16 13:35:00-04:00,213.02999877929688,213.6999969482422,212.3699951171875,212.69000244140625,257705
2026-06-16 13:36:00-04:00,212.61000061035156,212.95989990234375,211.5,211.61000061035156,531097
2026-06-16 13:37:00-04:00,211.6300048828125,212.3000030517578,211.39999389648438,212.16000366210938,294528
2026-06-16 13:38:00-04:00,212.1699981689453,212.62989807128906,212.00999450683594,212.22999572753906,274423
2026-06-16 13:39:00-04:00,212.110107421875,212.28500366210938,211.4199981689453,211.8784942626953,303036
2026-06-16 13:40:00-04:00,211.78500366210938,211.98989868164062,210.6300048828125,210.9499969482422,382477
2026-06-16 13:41:00-04:00,210.97000122070312,211.49000549316406,210.6320037841797,211.41000366210938,285877
2026-06-16 13:42:00-04:00,211.47000122070312,211.49000549316406,210.66000366210938,211.3699951171875,281154
2026-06-16 13:43:00-04:00,211.3300018310547,211.4499969482422,210.73500061035156,210.8699951171875,271688
2026-06-16 13:44:00-04:00,210.86500549316406,211.49000549316406,210.64010620117188,210.7801055908203,289990
2026-06-16 13:45:00-04:00,210.78599548339844,211.9499969482422,210.7550048828125,211.89999389648438,241613
2026-06-16 13:46:00-04:00,211.8300018310547,212.48989868164062,211.6199951171875,211.94000244140625,376053
2026-06-16 13:47:00-04:00,211.9250030517578,212.77999877929688,211.86000061035156,212.0399932861328,313144
2026-06-16 13:48:00-04:00,212.0399932861328,213.14999389648438,212.0399932861328,213.07000732421875,281762
2026-06-16 13:49:00-04:00,213.14999389648438,213.38999938964844,212.70399475097656,212.84500122070312,264821
2026-06-16 13:50:00-04:00,212.88800048828125,213.14720153808594,212.27999877929688,212.831298828125,262975
2026-06-16 13:51:00-04:00,212.80499267578125,213.39999389648438,212.74000549316406,213.17999267578125,198912
2026-06-16 13:52:00-04:00,213.1699981689453,213.49000549316406,212.3800048828125,212.4149932861328,268663
2026-06-16 13:53:00-04:00,212.4149932861328,212.74000549316406,211.6103057861328,212.6699981689453,311265
2026-06-16 13:54:00-04:00,212.6699981689453,213.0,212.0,212.25689697265625,208406
2026-06-16 13:55:00-04:00,212.1199951171875,212.6945037841797,211.08999633789062,211.64999389648438,282185
2026-06-16 13:56:00-04:00,211.66000366210938,212.1999969482422,211.47000122070312,211.69000244140625,226835
2026-06-16 13:57:00-04:00,211.75,212.35000610351562,211.60470581054688,212.0800018310547,222090
2026-06-16 13:58:00-04:00,212.3000030517578,212.40589904785156,211.8000030517578,212.1999969482422,175787
2026-06-16 13:59:00-04:00,212.02999877929688,212.1999053955078,211.49000549316406,211.7899932861328,220444
2026-06-16 14:00:00-04:00,211.6199951171875,211.75,210.6999969482422,211.064697265625,394455
2026-06-16 14:01:00-04:00,211.02000427246094,211.8000030517578,210.85000610351562,211.6750030517578,246889
2026-06-16 14:02:00-04:00,211.61819458007812,212.0,211.08999633789062,211.19500732421875,202160
2026-06-16 14:03:00-04:00,211.30999755859375,212.65989685058594,210.75,211.9799041748047,520195
2026-06-16 14:04:00-04:00,211.96400451660156,212.29989624023438,211.50999450683594,212.0,164848
2026-06-16 14:05:00-04:00,212.07359313964844,212.62989807128906,212.0,212.4499969482422,465328
2026-06-16 14:06:00-04:00,212.4499969482422,212.8800048828125,212.1999969482422,212.64500427246094,294504
2026-06-16 14:07:00-04:00,212.6199951171875,213.35000610351562,212.52000427246094,213.23500061035156,259170
2026-06-16 14:08:00-04:00,213.1907958984375,213.38999938964844,213.0800018310547,213.2899932861328,200974
2026-06-16 14:09:00-04:00,213.2899932861328,213.5,212.9001007080078,213.16000366210938,232348
2026-06-16 14:10:00-04:00,213.14999389648438,214.0,213.1199951171875,213.88999938964844,341296
2026-06-16 14:11:00-04:00,213.84500122070312,214.15969848632812,213.5,213.76499938964844,186845
2026-06-16 14:12:00-04:00,213.6999969482422,214.49000549316406,213.5,214.3350067138672,253275
2026-06-16 14:13:00-04:00,214.2946014404297,214.60000610351562,214.10000610351562,214.44000244140625,499220
2026-06-16 14:14:00-04:00,214.49000549316406,214.5800018310547,213.7689971923828,213.93600463867188,230873
2026-06-16 14:15:00-04:00,213.95440673828125,213.95440673828125,213.21009826660156,213.78700256347656,210803
2026-06-16 14:16:00-04:00,213.73500061035156,213.88259887695312,213.3800048828125,213.78990173339844,162003
2026-06-16 14:17:00-04:00,213.71139526367188,214.52999877929688,213.64999389648438,214.4149932861328,270021
2026-06-16 14:18:00-04:00,214.4149932861328,214.63999938964844,214.0,214.4600067138672,248368
2026-06-16 14:19:00-04:00,214.4499969482422,214.8000030517578,214.1699981689453,214.52000427246094,237553
2026-06-16 14:20:00-04:00,214.52499389648438,214.56320190429688,213.97000122070312,214.41000366210938,202673
2026-06-16 14:21:00-04:00,214.41000366210938,214.6699981689453,212.67999267578125,212.82229614257812,536260
2026-06-16 14:22:00-04:00,212.77000427246094,213.14999389648438,212.72000122070312,213.00799560546875,241606
2026-06-16 14:23:00-04:00,213.04080200195312,213.1999969482422,212.8000030517578,212.8000030517578,0
2026-06-16 14:24:00-04:00,212.8386993408203,212.9199981689453,212.3000030517578,212.6199951171875,229524
2026-06-16 14:25:00-04:00,212.64500427246094,213.0800018310547,212.52000427246094,213.02000427246094,191300
2026-06-16 14:26:00-04:00,213.02000427246094,213.4499969482422,213.00999450683594,213.3350067138672,172646
2026-06-16 14:27:00-04:00,213.3800048828125,213.4600067138672,213.2100067138672,213.33999633789062,157105
2026-06-16 14:28:00-04:00,213.34500122070312,213.39999389648438,212.39999389648438,212.4398956298828,368892
2026-06-16 14:29:00-04:00,212.39999389648438,213.2899932861328,212.33009338378906,212.9149932861328,194075
2026-06-16 14:30:00-04:00,212.8699951171875,212.93499755859375,212.0500030517578,212.34930419921875,231329
2026-06-16 14:31:00-04:00,212.3800048828125,212.75,212.05999755859375,212.22500610351562,195337
2026-06-16 14:32:00-04:00,212.1999969482422,212.66000366210938,211.7301025390625,212.27000427246094,332000
2026-06-16 14:33:00-04:00,212.2301025390625,212.52000427246094,211.82000732421875,211.9550018310547,180494
2026-06-16 14:34:00-04:00,212.0,212.14990234375,211.63450622558594,211.67630004882812,166540
2026-06-16 14:35:00-04:00,211.63729858398438,211.8000030517578,210.82000732421875,211.1199951171875,420081
2026-06-16 14:36:00-04:00,211.0,211.3300018310547,209.32009887695312,209.72999572753906,1153124
2026-06-16 14:37:00-04:00,209.93310546875,210.0,209.00999450683594,209.02920532226562,522139
2026-06-16 14:38:00-04:00,209.06350708007812,209.9199981689453,209.01010131835938,209.8000030517578,239856
2026-06-16 14:39:00-04:00,209.89999389648438,210.0,208.9499969482422,209.67999267578125,460458
2026-06-16 14:40:00-04:00,209.68499755859375,209.74000549316406,209.25,209.35000610351562,194659
2026-06-16 14:41:00-04:00,209.26010131835938,209.69900512695312,209.1699981689453,209.69000244140625,242975
2026-06-16 14:42:00-04:00,209.67999267578125,210.57000732421875,209.30999755859375,210.29010009765625,373434
2026-06-16 14:43:00-04:00,210.36500549316406,210.52999877929688,209.55999755859375,209.60000610351562,295500
2026-06-16 14:44:00-04:00,209.60000610351562,210.03500366210938,209.50999450683594,209.8000030517578,346073
2026-06-16 14:45:00-04:00,209.89999389648438,210.0,209.52999877929688,209.75,201160
2026-06-16 14:46:00-04:00,209.75,210.0,209.57000732421875,209.9149932861328,213425
2026-06-16 14:47:00-04:00,209.8800048828125,209.92999267578125,209.5,209.61500549316406,203859
2026-06-16 14:48:00-04:00,209.61500549316406,209.6999969482422,208.63999938964844,209.05999755859375,424416
2026-06-16 14:49:00-04:00,209.08999633789062,209.14990234375,208.4300994873047,208.8000030517578,435846
2026-06-16 14:50:00-04:00,208.8249969482422,209.08999633789062,208.72000122070312,209.0050048828125,233430
2026-06-16 14:51:00-04:00,209.02999877929688,209.06500244140625,208.36000061035156,208.6300048828125,292463
2026-06-16 14:52:00-04:00,208.64500427246094,208.9600067138672,208.3300018310547,208.375,292462
2026-06-16 14:53:00-04:00,208.41000366210938,208.8800048828125,208.3300018310547,208.5749969482422,257164
2026-06-16 14:54:00-04:00,208.63900756835938,208.9199981689453,208.3000030517578,208.65499877929688,202344
2026-06-16 14:55:00-04:00,208.64999389648438,208.8000030517578,208.39999389648438,208.46180725097656,192506
2026-06-16 14:56:00-04:00,208.4676055908203,209.64999389648438,207.7100067138672,209.5189971923828,1208485
2026-06-16 14:57:00-04:00,209.52000427246094,209.75,209.11000061035156,209.37440490722656,267323
2026-06-16 14:58:00-04:00,209.36000061035156,209.64999389648438,208.30999755859375,208.36500549316406,308058
2026-06-16 14:59:00-04:00,208.33999633789062,208.89830017089844,208.32000732421875,208.61000061035156,239680
2026-06-16 15:00:00-04:00,208.60499572753906,209.389892578125,208.3000030517578,209.30999755859375,297033
2026-06-16 15:01:00-04:00,209.30999755859375,209.38999938964844,208.13009643554688,208.27499389648438,274652
2026-06-16 15:02:00-04:00,208.27499389648438,208.72000122070312,207.5500030517578,207.6417999267578,347792
2026-06-16 15:03:00-04:00,207.6649932861328,207.77000427246094,207.11000061035156,207.1999969482422,409857
2026-06-16 15:04:00-04:00,207.22000122070312,207.69000244140625,206.61000061035156,206.71499633789062,535583
2026-06-16 15:05:00-04:00,206.72000122070312,207.32000732421875,206.60000610351562,206.93499755859375,363521
2026-06-16 15:06:00-04:00,206.9199981689453,207.02999877929688,205.7899932861328,206.0,875766
2026-06-16 15:07:00-04:00,205.99000549316406,207.07000732421875,205.55999755859375,206.9199981689453,486484
2026-06-16 15:08:00-04:00,206.88999938964844,207.67999267578125,206.14999389648438,206.59500122070312,400245
2026-06-16 15:09:00-04:00,206.5500030517578,206.58999633789062,205.2899932861328,205.2899932861328,576720
2026-06-16 15:10:00-04:00,205.27000427246094,205.63999938964844,202.39999389648438,202.4770050048828,1956117
2026-06-16 15:11:00-04:00,202.4600067138672,202.67999267578125,201.5,201.86500549316406,950002
2026-06-16 15:12:00-04:00,201.91000366210938,202.4499969482422,201.14999389648438,202.00900268554688,798088
2026-06-16 15:13:00-04:00,202.0500030517578,203.58999633789062,201.86000061035156,203.1750030517578,613146
2026-06-16 15:14:00-04:00,203.22999572753906,204.52000427246094,203.19000244140625,204.46180725097656,427080
2026-06-16 15:15:00-04:00,204.49000549316406,204.6199951171875,202.17999267578125,202.2100067138672,571609
2026-06-16 15:16:00-04:00,202.30999755859375,202.58999633789062,201.5500030517578,202.1425018310547,637498
2026-06-16 15:17:00-04:00,202.04769897460938,203.22000122070312,201.75,201.8800048828125,571631
2026-06-16 15:18:00-04:00,201.8800048828125,202.57899475097656,201.2100067138672,201.94679260253906,526794
2026-06-16 15:19:00-04:00,201.72000122070312,202.04989624023438,200.8699951171875,201.69000244140625,720037
2026-06-16 15:20:00-04:00,201.7100067138672,202.24000549316406,200.7100067138672,201.59500122070312,628454
2026-06-16 15:21:00-04:00,201.59500122070312,201.75999450683594,200.72999572753906,201.24000549316406,495083
2026-06-16 15:22:00-04:00,201.1199951171875,203.1699981689453,200.94000244140625,202.55999755859375,543151
2026-06-16 15:23:00-04:00,202.5637969970703,202.57000732421875,201.38999938964844,201.5,309035
2026-06-16 15:24:00-04:00,201.5,202.52000427246094,201.1999969482422,202.32000732421875,332320
2026-06-16 15:25:00-04:00,202.3300018310547,203.7198944091797,201.91009521484375,203.7198944091797,543009
2026-06-16 15:26:00-04:00,203.7100067138672,204.05999755859375,203.16000366210938,203.8800048828125,506055
2026-06-16 15:27:00-04:00,203.98989868164062,204.36000061035156,203.27999877929688,203.64500427246094,522800
2026-06-16 15:28:00-04:00,203.64500427246094,204.5,203.3000030517578,204.22000122070312,400468
2026-06-16 15:29:00-04:00,204.22999572753906,204.32000732421875,203.4199981689453,204.0500030517578,304163
2026-06-16 15:30:00-04:00,204.05999755859375,204.5800018310547,203.8188934326172,204.3300018310547,354499
2026-06-16 15:31:00-04:00,204.3300018310547,204.44000244140625,203.57000732421875,203.90499877929688,386296
2026-06-16 15:32:00-04:00,203.90499877929688,204.16000366210938,203.5399932861328,203.88499450683594,377313
2026-06-16 15:33:00-04:00,203.88499450683594,204.32000732421875,203.6999969482422,204.1750030517578,336295
2026-06-16 15:34:00-04:00,204.08999633789062,204.13999938964844,202.1999969482422,202.4250030517578,544068
2026-06-16 15:35:00-04:00,202.4199981689453,202.80999755859375,200.75,200.97000122070312,1055526
2026-06-16 15:36:00-04:00,200.97999572753906,201.4499969482422,200.60000610351562,200.80999755859375,598932
2026-06-16 15:37:00-04:00,200.85499572753906,201.5800018310547,200.6300048828125,200.97000122070312,659731
2026-06-16 15:38:00-04:00,200.96499633789062,201.25,199.99000549316406,200.0850067138672,3084964
2026-06-16 15:39:00-04:00,200.07000732421875,200.72000122070312,199.47999572753906,200.38999938964844,1608434
2026-06-16 15:40:00-04:00,200.39999389648438,201.25,200.1199951171875,200.2913055419922,618572
2026-06-16 15:41:00-04:00,200.35000610351562,201.22000122070312,199.5500030517578,199.5709991455078,844331
2026-06-16 15:42:00-04:00,199.6540069580078,200.13999938964844,198.0,198.0,1309324
2026-06-16 15:43:00-04:00,198.0872039794922,198.1699981689453,196.75999450683594,197.3498992919922,1220314
2026-06-16 15:44:00-04:00,197.35000610351562,199.19000244140625,197.10000610351562,198.8300018310547,692813
2026-06-16 15:45:00-04:00,198.77000427246094,198.85989379882812,197.3300018310547,198.10499572753906,698408
2026-06-16 15:46:00-04:00,198.2100067138672,198.2100067138672,196.51010131835938,196.83999633789062,737670
2026-06-16 15:47:00-04:00,196.8699951171875,197.22000122070312,195.76220703125,196.60000610351562,946418
2026-06-16 15:48:00-04:00,196.6999969482422,197.8000030517578,196.3800048828125,197.2100067138672,587095
2026-06-16 15:49:00-04:00,197.2100067138672,197.3300018310547,196.02999877929688,196.87469482421875,669009
2026-06-16 15:50:00-04:00,196.9499969482422,196.99000549316406,195.1300048828125,196.33990478515625,1067084
2026-06-16 15:51:00-04:00,196.1970977783203,196.5316925048828,195.14999389648438,195.77999877929688,706858
2026-06-16 15:52:00-04:00,195.75999450683594,198.38609313964844,195.75,198.30999755859375,941722
2026-06-16 15:53:00-04:00,198.22999572753906,198.84469604492188,197.4499969482422,197.875,1016562
2026-06-16 15:54:00-04:00,197.84500122070312,198.0399932861328,195.6199951171875,195.66000366210938,713773
2026-06-16 15:55:00-04:00,195.6199951171875,199.6300048828125,195.6199951171875,199.3800048828125,1209444
2026-06-16 15:56:00-04:00,199.3800048828125,200.97999572753906,199.25999450683594,200.47000122070312,963706
2026-06-16 15:57:00-04:00,200.38999938964844,200.9600067138672,199.22999572753906,200.87109375,1103025
2026-06-16 15:58:00-04:00,200.8300018310547,201.24000549316406,200.42999267578125,200.8699951171875,1182000
2026-06-16 15:59:00-04:00,200.88499450683594,202.08999633789062,200.8300018310547,202.0,1709548
2026-06-16 16:00:00-04:00,201.8,202.43,200.09,200.6703,5048037
2026-06-16 16:01:00-04:00,200.8,202.0,200.67,201.8605,0
2026-06-16 16:02:00-04:00,201.85,204.5,200.78,203.8481,0
2026-06-16 16:03:00-04:00,203.763,203.95,171.99,203.78,0
2026-06-16 16:04:00-04:00,203.78,204.76,150.0,204.34,0
2026-06-16 16:05:00-04:00,204.2912,205.0,203.81,204.81,0
2026-06-16 16:06:00-04:00,204.8677,205.5,197.81,204.11,0
2026-06-16 16:07:00-04:00,204.2023,204.3,203.1,203.1507,0
2026-06-16 16:08:00-04:00,203.15,204.75,200.75,204.2,0
2026-06-16 16:09:00-04:00,204.2485,204.53,203.56,203.7312,0
2026-06-16 16:10:00-04:00,203.78,203.91,201.8,203.0,0
2026-06-16 16:11:00-04:00,203.0007,203.1,202.11,202.3141,0
2026-06-16 16:12:00-04:00,202.3451,203.49,202.1,203.3,0
2026-06-16 16:13:00-04:00,203.35,203.5,202.5,202.7,0
2026-06-16 16:14:00-04:00,202.51,202.95,202.38,202.4796,0
2026-06-16 16:15:00-04:00,202.44,202.5,202.0,202.1,0
2026-06-16 16:16:00-04:00,202.0989,202.1,201.21,201.36,0
2026-06-16 16:17:00-04:00,201.387,201.8,167.59,201.4006,0
2026-06-16 16:18:00-04:00,201.59,201.6,201.0,201.37,0
2026-06-16 16:19:00-04:00,201.34,201.5,201.18,201.38,0
2026-06-16 16:20:00-04:00,201.38,201.5,200.63,200.7993,0
2026-06-16 16:21:00-04:00,200.7992,201.06,199.5,199.5,0
2026-06-16 16:22:00-04:00,200.0,200.01,199.03,199.11,0
2026-06-16 16:23:00-04:00,199.0815,199.2,197.73,198.22,0
2026-06-16 16:24:00-04:00,198.4,199.13,198.04,199.0,0
2026-06-16 16:25:00-04:00,199.08,200.57,198.88,199.9991,0
2026-06-16 16:26:00-04:00,199.9512,200.99,199.9512,200.5,0
2026-06-16 16:27:00-04:00,200.5,200.6,200.0,200.45,0
2026-06-16 16:28:00-04:00,200.45,201.94,200.38,201.4535,0
2026-06-16 16:29:00-04:00,201.48,201.5,200.3,200.79,0
2026-06-16 16:30:00-04:00,200.52,201.8,199.6,199.88,0
2026-06-16 16:31:00-04:00,199.6,199.88,198.73,199.2,0
2026-06-16 16:32:00-04:00,199.2,200.58,199.2,200.58,0
2026-06-16 16:33:00-04:00,200.43,202.85,200.43,201.14,0
2026-06-16 16:34:00-04:00,201.14,202.54,200.77,202.1548,0
2026-06-16 16:35:00-04:00,202.136,202.49,150.0,201.6,0
2026-06-16 16:36:00-04:00,201.6975,201.99,150.0,201.6,0
2026-06-16 16:37:00-04:00,201.5535,201.8,150.0,201.117,0
2026-06-16 16:38:00-04:00,201.04,201.49,200.54,200.8372,0
2026-06-16 16:39:00-04:00,200.91,202.2,150.0,202.0,0
2026-06-16 16:40:00-04:00,202.0,202.0,201.11,201.53,0
2026-06-16 16:41:00-04:00,201.5,201.8,201.2,201.35,0
2026-06-16 16:42:00-04:00,201.21,201.5,201.0,201.3,0
2026-06-16 16:43:00-04:00,201.44,201.8,201.09,201.72,0
2026-06-16 16:44:00-04:00,201.8,201.8,201.21,201.58,0
2026-06-16 16:45:00-04:00,201.4,201.62,201.15,201.5,0
2026-06-16 16:46:00-04:00,201.5497,202.2,201.25,202.0,0
2026-06-16 16:47:00-04:00,202.2,202.2,201.6,201.86,0
2026-06-16 16:48:00-04:00,201.6501,201.9,201.2,201.25,0
2026-06-16 16:49:00-04:00,201.25,201.6,200.98,201.4259,0
2026-06-16 16:50:00-04:00,201.38,201.6,201.3,201.375,0
2026-06-16 16:51:00-04:00,201.31,201.45,200.65,200.8752,0
2026-06-16 16:52:00-04:00,200.86,200.95,200.15,200.34,0
2026-06-16 16:53:00-04:00,200.28,201.31,200.28,201.1,0
2026-06-16 16:54:00-04:00,201.2,201.7,201.01,201.61,0
2026-06-16 16:55:00-04:00,201.7,202.2,201.5,201.7325,0
2026-06-16 16:56:00-04:00,201.7299,202.0,201.52,201.8,0
2026-06-16 16:57:00-04:00,201.81,202.2,201.7,201.98,0
2026-06-16 16:58:00-04:00,201.96,203.0,150.0,202.98,0
2026-06-16 16:59:00-04:00,203.0,203.54,201.8,203.54,0
2026-06-16 17:00:00-04:00,203.48,203.98,150.0,203.8,0
2026-06-16 17:01:00-04:00,203.62,203.9,203.25,203.78,0
2026-06-16 17:02:00-04:00,203.9,203.99,202.7,202.78,0
2026-06-16 17:03:00-04:00,202.96,203.5,202.66,203.0,0
2026-06-16 17:04:00-04:00,203.0269,203.25,202.54,202.8633,0
2026-06-16 17:05:00-04:00,202.99,202.99,202.03,202.8,0
2026-06-16 17:06:00-04:00,202.85,203.5,202.62,203.1,0
2026-06-16 17:07:00-04:00,203.1278,203.85,203.1,203.85,0
2026-06-16 17:08:00-04:00,203.61,203.85,203.12,203.4835,0
2026-06-16 17:09:00-04:00,203.5,203.8,201.8,203.78,0
2026-06-16 17:10:00-04:00,203.75,204.7,203.67,204.69,0
2026-06-16 17:11:00-04:00,204.69,204.94,204.34,204.4972,0
2026-06-16 17:12:00-04:00,204.65,204.65,204.05,204.3281,0
2026-06-16 17:13:00-04:00,204.48,205.4,204.48,205.31,0
2026-06-16 17:14:00-04:00,205.3415,205.88,205.25,205.65,0
2026-06-16 17:15:00-04:00,205.65,205.99,205.51,205.9,0
2026-06-16 17:16:00-04:00,205.93,206.5,205.65,205.65,0
2026-06-16 17:17:00-04:00,205.8,205.89,205.4,205.85,0
2026-06-16 17:18:00-04:00,205.867,206.21,205.75,206.21,0
2026-06-16 17:19:00-04:00,206.11,206.27,205.7,205.8,0
2026-06-16 17:20:00-04:00,205.82,205.82,205.0,205.09,0
2026-06-16 17:20:58-04:00,205.1,205.1,205.1,205.1,0
2026-06-16 17:21:00-04:00,205.02,205.42,205.0,205.29,0
2026-06-16 17:22:00-04:00,205.29,205.9,205.29,205.56,0
2026-06-16 17:23:00-04:00,205.7,205.78,205.51,205.51,0
2026-06-16 17:24:00-04:00,205.6757,205.7,204.6,204.89,0
2026-06-16 17:25:00-04:00,204.7262,205.0,204.7,204.85,0
2026-06-16 17:26:00-04:00,204.83,205.5,204.83,205.43,0
2026-06-16 17:27:00-04:00,205.5,205.5,205.08,205.15,0
2026-06-16 17:28:00-04:00,205.38,205.38,204.7,204.85,0
2026-06-16 17:29:00-04:00,204.7,204.93,204.24,204.3192,0
2026-06-16 17:30:00-04:00,204.3,204.78,204.3,204.78,0
2026-06-16 17:31:00-04:00,204.74,205.4,204.6917,205.2342,0
2026-06-16 17:32:00-04:00,205.4,206.3,205.26,206.2,0
2026-06-16 17:33:00-04:00,206.2,206.42,205.8,205.85,0
2026-06-16 17:34:00-04:00,205.825,206.15,205.52,206.11,0
2026-06-16 17:35:00-04:00,206.1163,206.88,206.01,206.53,0
2026-06-16 17:36:00-04:00,206.53,207.1,206.5,206.88,0
2026-06-16 17:37:00-04:00,206.69,206.88,206.14,206.6,0
2026-06-16 17:38:00-04:00,206.59,206.96,206.45,206.6695,0
2026-06-16 17:39:00-04:00,206.6,206.7,150.0,206.15,0
2026-06-16 17:40:00-04:00,206.2335,206.4,206.0,206.3,0
2026-06-16 17:41:00-04:00,206.2543,206.5,206.24,206.34,0
2026-06-16 17:42:00-04:00,206.49,206.69,206.34,206.5,0
2026-06-16 17:43:00-04:00,206.6,206.77,206.4,206.76,0
2026-06-16 17:44:00-04:00,206.77,207.36,206.6,207.27,0
2026-06-16 17:45:00-04:00,207.27,207.69,207.26,207.6,0
2026-06-16 17:46:00-04:00,207.58,207.88,207.5,207.86,0
2026-06-16 17:47:00-04:00,207.87,208.49,207.83,208.39,0
2026-06-16 17:48:00-04:00,208.35,208.49,208.142,208.36,0
2026-06-16 17:49:00-04:00,208.23,208.36,207.85,207.96,0
2026-06-16 17:50:00-04:00,207.9,208.0,207.5,207.55,0
2026-06-16 17:51:00-04:00,207.55,207.56,206.71,206.8,0
2026-06-16 17:52:00-04:00,206.77,207.19,206.71,207.19,0
2026-06-16 17:53:00-04:00,207.2,207.33,206.4,206.4599,0
2026-06-16 17:54:00-04:00,206.4594,206.4594,206.0,206.38,0
2026-06-16 17:55:00-04:00,206.31,207.35,206.26,207.32,0
2026-06-16 17:56:00-04:00,207.25,207.35,206.1303,206.35,0
2026-06-16 17:57:00-04:00,206.35,206.88,206.14,206.6999,0
2026-06-16 17:58:00-04:00,206.61,206.7,205.95,206.0068,0
2026-06-16 17:59:00-04:00,206.02,206.02,205.5,205.5191,0
2026-06-16 18:00:00-04:00,205.5199,206.0,205.15,205.5,0
2026-06-16 18:01:00-04:00,205.4986,206.44,205.23,206.25,0
2026-06-16 18:02:00-04:00,206.44,206.75,206.11,206.74,0
2026-06-16 18:03:00-04:00,206.66,206.99,206.6,206.8,0
2026-06-16 18:04:00-04:00,206.83,207.7,206.77,207.31,0
2026-06-16 18:05:00-04:00,207.44,207.5,206.7503,206.7503,0
2026-06-16 18:06:00-04:00,206.95,207.13,206.6,206.8,0
2026-06-16 18:07:00-04:00,206.7,206.96,206.3,206.5,0
2026-06-16 18:08:00-04:00,206.38,206.87,206.38,206.87,0
2026-06-16 18:09:00-04:00,206.87,207.16,206.5,207.087,0
2026-06-16 18:10:00-04:00,207.04,207.1,206.4,206.59,0
2026-06-16 18:11:00-04:00,206.55,206.85,206.36,206.36,0
2026-06-16 18:12:00-04:00,206.36,206.55,206.36,206.43,0
2026-06-16 18:13:00-04:00,206.42,206.52,206.3,206.41,0
2026-06-16 18:14:00-04:00,206.474,206.5,206.3,206.3696,0
2026-06-16 18:15:00-04:00,206.33,206.49,206.0,206.0889,0
2026-06-16 18:16:00-04:00,206.0117,206.09,205.6,205.66,0
2026-06-16 18:17:00-04:00,205.6883,205.7,205.3,205.3001,0
2026-06-16 18:18:00-04:00,205.39,205.61,205.16,205.3,0
2026-06-16 18:19:00-04:00,205.25,205.74,205.14,205.64,0
2026-06-16 18:20:00-04:00,205.61,205.75,205.28,205.4784,0
2026-06-16 18:21:00-04:00,205.48,205.6,205.25,205.43,0
2026-06-16 18:22:00-04:00,205.35,205.6,205.22,205.4,0
2026-06-16 18:23:00-04:00,205.35,206.0,205.33,205.98,0
2026-06-16 18:24:00-04:00,206.0,206.0,205.8537,205.98,0
2026-06-16 18:25:00-04:00,205.98,206.8,205.55,205.91,0
2026-06-16 18:26:00-04:00,205.91,206.5,205.7001,205.9175,0
2026-06-16 18:27:00-04:00,205.78,206.0,205.7,206.0,0
2026-06-16 18:28:00-04:00,206.0,206.0,205.75,206.0,0
2026-06-16 18:29:00-04:00,205.9819,206.0,205.9,205.9,0
2026-06-16 18:30:00-04:00,205.9435,205.95,205.7,205.7682,0
2026-06-16 18:31:00-04:00,205.76,205.94,205.66,205.7688,0
2026-06-16 18:32:00-04:00,205.7782,205.9,205.5,205.5,0
2026-06-16 18:33:00-04:00,205.57,205.59,205.3,205.32,0
2026-06-16 18:34:00-04:00,205.32,205.5,205.2195,205.2199,0
2026-06-16 18:35:00-04:00,205.2,205.22,204.65,204.761,0
2026-06-16 18:36:00-04:00,204.76,204.79,204.05,204.15,0
2026-06-16 18:37:00-04:00,204.0525,204.7246,204.0,204.35,0
2026-06-16 18:38:00-04:00,204.35,204.43,203.5,203.51,0
2026-06-16 18:39:00-04:00,203.5009,204.0,203.25,203.68,0
2026-06-16 18:40:00-04:00,203.76,204.83,203.6,204.4,0
2026-06-16 18:41:00-04:00,204.4,204.8,204.2585,204.77,0
2026-06-16 18:42:00-04:00,204.8,204.8,203.8,203.99,0
2026-06-16 18:43:00-04:00,203.9,204.44,203.8,204.23,0
2026-06-16 18:44:00-04:00,204.23,204.44,203.88,204.0,0
2026-06-16 18:45:00-04:00,204.18,204.18,203.6,203.7,0
2026-06-16 18:46:00-04:00,203.7,203.89,203.38,203.7483,0
2026-06-16 18:47:00-04:00,203.75,204.3,203.62,204.23,0
2026-06-16 18:48:00-04:00,204.2724,204.38,204.0,204.28,0
2026-06-16 18:49:00-04:00,204.28,204.45,204.0,204.16,0
2026-06-16 18:50:00-04:00,204.171,204.3,204.05,204.2,0
2026-06-16 18:51:00-04:00,204.1,204.95,204.1,204.95,0
2026-06-16 18:52:00-04:00,204.95,204.95,204.7,204.75,0
2026-06-16 18:53:00-04:00,204.7745,205.0,204.7,204.9,0
2026-06-16 18:54:00-04:00,204.9,205.49,204.85,205.19,0
2026-06-16 18:55:00-04:00,205.25,205.4,204.8537,205.0,0
2026-06-16 18:56:00-04:00,205.0,205.5,204.99,205.3276,0
2026-06-16 18:57:00-04:00,205.3298,205.4,205.12,205.3,0
2026-06-16 18:58:00-04:00,205.3,205.8,205.24,205.75,0
2026-06-16 18:59:00-04:00,205.7,205.99,205.64,205.93,0
2026-06-16 19:00:00-04:00,205.85,205.9196,205.15,205.44,0
2026-06-16 19:01:00-04:00,205.28,205.8,205.17,205.75,0
2026-06-16 19:02:00-04:00,205.75,205.8,205.5,205.7,0
2026-06-16 19:03:00-04:00,205.61,206.0,205.6,205.9492,0
2026-06-16 19:04:00-04:00,205.8525,205.95,205.65,205.92,0
2026-06-16 19:05:00-04:00,205.88,205.95,205.59,205.8,0
2026-06-16 19:06:00-04:00,205.68,205.9,205.68,205.89,0
2026-06-16 19:06:32-04:00,205.84,205.84,205.84,205.84,0
2026-06-16 19:07:00-04:00,205.8889,205.89,205.6,205.78,0
2026-06-16 19:08:00-04:00,205.79,205.79,205.58,205.58,0
2026-06-16 19:09:00-04:00,205.66,205.7,205.22,205.28,0
2026-06-16 19:10:00-04:00,205.28,205.46,205.2,205.44,0
2026-06-16 19:11:00-04:00,205.41,205.8,205.35,205.68,0
2026-06-16 19:12:00-04:00,205.75,205.7872,205.56,205.75,0
2026-06-16 19:13:00-04:00,205.72,205.8,205.7,205.7799,0
2026-06-16 19:14:00-04:00,205.71,205.78,205.38,205.5,0
2026-06-16 19:15:00-04:00,205.57,205.6,204.92,204.97,0
2026-06-16 19:16:00-04:00,205.0,205.0,204.55,204.55,0
2026-06-16 19:17:00-04:00,204.5451,204.7772,204.1,204.5797,0
2026-06-16 19:18:00-04:00,204.51,204.81,204.4,204.79,0
2026-06-16 19:19:00-04:00,204.7143,204.9,204.6527,204.75,0
2026-06-16 19:20:00-04:00,204.76,204.9,204.7,204.85,0
2026-06-16 19:21:00-04:00,204.86,204.88,204.7032,204.83,0
2026-06-16 19:22:00-04:00,204.8,204.83,204.6009,204.73,0
2026-06-16 19:23:00-04:00,204.7755,204.78,204.6,204.6792,0
2026-06-16 19:24:00-04:00,204.68,204.71,204.54,204.639,0
2026-06-16 19:25:00-04:00,204.601,204.64,204.24,204.5925,0
2026-06-16 19:26:00-04:00,204.5,204.6,204.26,204.4,0
2026-06-16 19:27:00-04:00,204.3965,204.4,204.18,204.23,0
2026-06-16 19:28:00-04:00,204.28,204.4,204.19,204.28,0
2026-06-16 19:29:00-04:00,204.27,204.32,204.1,204.21,0
2026-06-16 19:30:00-04:00,204.2,204.35,204.1,204.35,0
2026-06-16 19:31:00-04:00,204.28,204.73,204.22,204.728,0
2026-06-16 19:32:00-04:00,204.7,204.84,204.613,204.6722,0
2026-06-16 19:33:00-04:00,204.72,204.9,204.6722,204.9,0
2026-06-16 19:34:00-04:00,204.9,205.5,204.75,205.47,0
2026-06-16 19:35:00-04:00,205.4392,205.9,205.39,205.87,0
2026-06-16 19:36:00-04:00,205.8779,206.0,205.72,206.0,0
2026-06-16 19:37:00-04:00,205.94,206.0,205.5,205.6258,0
2026-06-16 19:38:00-04:00,205.5169,205.78,205.405,205.6986,0
2026-06-16 19:39:00-04:00,205.64,206.0,205.58,205.86,0
2026-06-16 19:40:00-04:00,205.89,206.0,205.61,205.7,0
2026-06-16 19:41:00-04:00,205.7,205.9,205.6,205.73,0
2026-06-16 19:42:00-04:00,205.744,205.9,205.63,205.89,0
2026-06-16 19:43:00-04:00,205.7342,205.9,205.7342,205.8,0
2026-06-16 19:44:00-04:00,205.85,206.0,205.8,205.99,0
2026-06-16 19:45:00-04:00,205.99,205.99,205.75,205.87,0
2026-06-16 19:46:00-04:00,205.87,206.0,205.8,206.0,0
2026-06-16 19:47:00-04:00,205.9906,206.09,205.8,205.9,0
2026-06-16 19:48:00-04:00,205.8225,205.99,205.82,205.9195,0
2026-06-16 19:49:00-04:00,205.9196,206.0,205.9,205.922,0
2026-06-16 19:50:00-04:00,205.922,206.0,205.9,205.9,0
2026-06-16 19:51:00-04:00,205.9975,206.43,205.85,205.93,0
2026-06-16 19:52:00-04:00,205.95,205.99,205.88,205.9,0
2026-06-16 19:53:00-04:00,205.8974,205.99,205.88,205.92,0
2026-06-16 19:54:00-04:00,205.88,205.98,205.88,205.88,0
2026-06-16 19:55:00-04:00,205.98,205.99,205.88,205.9261,0
2026-06-16 19:56:00-04:00,205.92,206.1,205.9,206.0999,0
2026-06-16 19:57:00-04:00,206.0565,206.3442,205.88,205.88,0
2026-06-16 19:58:00-04:00,205.88,206.0,205.88,205.95,0
2026-06-16 19:59:00-04:00,205.9483,206.0,205.88,205.9549,0
