ts,open,high,low,close,volume,trades
2026-06-11 00:58:00+00:00,161.41,161.97,161.37,161.9,45.68,37
2026-06-11 00:59:00+00:00,161.91,161.97,161.49,161.49,44.33,42
2026-06-11 01:00:00+00:00,161.58,161.73,161.38,161.73,58.1,46
2026-06-11 01:01:00+00:00,161.76,162.05,161.76,161.96,46.45,43
2026-06-11 01:02:00+00:00,162.01,162.01,161.78,161.92,32.74,36
2026-06-11 01:03:00+00:00,161.91,162.01,161.89,161.89,295.42,46
2026-06-11 01:04:00+00:00,161.88,162.01,161.86,161.96,229.65,57
2026-06-11 01:05:00+00:00,161.97,162.14,161.95,162.06,387.28,82
2026-06-11 01:06:00+00:00,162.06,162.26,162.06,162.26,20.99,29
2026-06-11 01:07:00+00:00,162.26,162.31,162.19,162.29,394.09,58
2026-06-11 01:08:00+00:00,162.27,162.28,162.16,162.26,136.5,45
2026-06-11 01:09:00+00:00,162.33,162.33,162.28,162.33,17.38,30
2026-06-11 01:10:00+00:00,162.33,162.33,162.02,162.11,138.87,53
2026-06-11 01:11:00+00:00,162.12,162.28,162.07,162.28,93.18,46
2026-06-11 01:12:00+00:00,162.28,162.34,162.15,162.19,128.17,40
2026-06-11 01:13:00+00:00,162.12,162.23,162.12,162.15,18.65,31
2026-06-11 01:14:00+00:00,162.14,162.14,161.82,161.82,43.09,35
2026-06-11 01:15:00+00:00,161.85,161.89,161.58,161.59,59.17,42
2026-06-11 01:16:00+00:00,161.58,161.72,161.45,161.67,72.3,43
2026-06-11 01:17:00+00:00,161.75,161.96,161.7,161.95,11.84,27
2026-06-11 01:18:00+00:00,161.95,162.05,161.81,162.03,24.22,36
2026-06-11 01:19:00+00:00,161.99,162.05,161.95,162.05,49.14,32
2026-06-11 01:20:00+00:00,162.01,162.17,162.01,162.17,17.96,31
2026-06-11 01:21:00+00:00,162.11,162.3,162.11,162.3,10.89,27
2026-06-11 01:22:00+00:00,162.26,162.33,162.12,162.12,24.91,35
2026-06-11 01:23:00+00:00,162.18,162.24,162.09,162.15,169.09,45
2026-06-11 01:24:00+00:00,162.15,162.21,162.12,162.18,153.36,35
2026-06-11 01:25:00+00:00,162.2,162.4,162.19,162.4,69.4,28
2026-06-11 01:26:00+00:00,162.4,162.97,162.39,162.94,175.08,71
2026-06-11 01:27:00+00:00,163.0,163.26,163.0,163.21,244.54,46
2026-06-11 01:28:00+00:00,163.32,163.69,163.3,163.41,789.23,95
2026-06-11 01:29:00+00:00,163.4,163.4,163.28,163.37,76.46,42
2026-06-11 01:30:00+00:00,163.36,163.36,163.24,163.35,74.87,48
2026-06-11 01:31:00+00:00,163.29,163.29,163.18,163.21,109.57,33
2026-06-11 01:32:00+00:00,163.22,163.27,163.13,163.17,329.02,60
2026-06-11 01:33:00+00:00,163.17,163.28,163.12,163.19,211.88,62
2026-06-11 01:34:00+00:00,163.2,163.27,163.2,163.24,43.98,30
2026-06-11 01:35:00+00:00,163.23,163.34,163.05,163.14,164.95,57
2026-06-11 01:36:00+00:00,163.09,163.16,162.99,163.13,216.98,61
2026-06-11 01:37:00+00:00,163.13,163.17,163.11,163.15,125.93,36
2026-06-11 01:38:00+00:00,163.17,163.31,163.16,163.31,100.18,51
2026-06-11 01:39:00+00:00,163.36,163.66,163.36,163.55,267.95,56
2026-06-11 01:40:00+00:00,163.55,163.6,163.4,163.4,245.23,64
2026-06-11 01:41:00+00:00,163.46,163.47,163.3,163.33,210.41,52
2026-06-11 01:42:00+00:00,163.25,163.38,163.17,163.17,122.51,55
2026-06-11 01:43:00+00:00,163.24,163.25,163.05,163.14,213.38,45
2026-06-11 01:44:00+00:00,163.2,163.2,163.04,163.13,121.78,41
2026-06-11 01:45:00+00:00,163.12,163.24,163.11,163.15,121.02,49
2026-06-11 01:46:00+00:00,163.14,163.24,163.1,163.16,240.55,58
2026-06-11 01:47:00+00:00,163.19,163.29,163.18,163.23,76.05,36
2026-06-11 01:48:00+00:00,163.23,163.27,163.2,163.26,92.54,37
2026-06-11 01:49:00+00:00,163.22,163.3,163.19,163.3,81.27,48
2026-06-11 01:50:00+00:00,163.43,163.43,163.2,163.33,135.63,51
2026-06-11 01:51:00+00:00,163.27,163.38,163.26,163.35,69.14,35
2026-06-11 01:52:00+00:00,163.36,163.47,163.17,163.17,853.61,114
2026-06-11 01:53:00+00:00,163.12,163.18,162.57,162.63,468.89,105
2026-06-11 01:54:00+00:00,162.77,162.83,162.55,162.68,121.99,56
2026-06-11 01:55:00+00:00,162.79,162.8,162.66,162.74,107.24,49
2026-06-11 01:56:00+00:00,162.68,162.71,162.63,162.69,66.85,56
2026-06-11 01:57:00+00:00,162.69,162.7,162.5,162.56,124.49,52
2026-06-11 01:58:00+00:00,162.55,162.56,161.98,162.04,358.38,106
2026-06-11 01:59:00+00:00,162.04,162.15,161.87,161.9,253.63,69
2026-06-11 02:00:00+00:00,161.9,162.05,161.72,162.0,190.6,54
2026-06-11 02:01:00+00:00,162.01,162.35,161.95,162.35,239.11,66
2026-06-11 02:02:00+00:00,162.38,162.49,161.88,162.01,247.45,79
2026-06-11 02:03:00+00:00,162.04,162.27,162.04,162.23,178.33,44
2026-06-11 02:04:00+00:00,162.22,162.27,162.22,162.27,37.36,33
2026-06-11 02:05:00+00:00,162.28,162.29,162.04,162.15,109.65,47
2026-06-11 02:06:00+00:00,162.15,162.27,162.1,162.26,92.07,41
2026-06-11 02:07:00+00:00,162.24,162.37,162.18,162.32,424.04,82
2026-06-11 02:08:00+00:00,162.32,162.34,162.21,162.26,105.07,40
2026-06-11 02:09:00+00:00,162.25,162.29,162.21,162.29,35.49,36
2026-06-11 02:10:00+00:00,162.29,162.32,162.21,162.22,141.31,47
2026-06-11 02:11:00+00:00,162.27,162.29,161.86,161.92,200.16,52
2026-06-11 02:12:00+00:00,161.91,161.92,161.53,161.63,237.69,62
2026-06-11 02:13:00+00:00,161.66,161.89,161.56,161.56,672.83,109
2026-06-11 02:14:00+00:00,161.56,161.56,161.27,161.27,211.98,94
2026-06-11 02:15:00+00:00,161.28,161.33,161.12,161.19,99.39,74
2026-06-11 02:16:00+00:00,161.15,161.31,161.0,161.09,831.05,122
2026-06-11 02:17:00+00:00,161.16,161.34,161.1,161.32,108.08,50
2026-06-11 02:18:00+00:00,161.32,161.37,161.26,161.34,38.83,36
2026-06-11 02:19:00+00:00,161.33,161.34,161.19,161.19,73.23,50
2026-06-11 02:20:00+00:00,161.19,161.26,160.68,160.84,578.48,139
2026-06-11 02:21:00+00:00,160.83,160.93,160.74,160.87,155.0,82
2026-06-11 02:22:00+00:00,160.87,161.18,160.62,160.76,146.14,63
2026-06-11 02:23:00+00:00,160.61,160.82,160.51,160.79,167.65,75
2026-06-11 02:24:00+00:00,160.76,161.23,160.76,161.07,22.37,40
2026-06-11 02:25:00+00:00,161.02,161.13,160.86,161.1,154.48,51
2026-06-11 02:26:00+00:00,161.09,161.1,160.94,160.99,35.93,37
2026-06-11 02:27:00+00:00,161.04,161.11,160.98,161.1,93.93,34
2026-06-11 02:28:00+00:00,161.01,161.09,160.95,161.09,3.82,25
2026-06-11 02:29:00+00:00,161.1,161.13,161.02,161.13,43.36,31
2026-06-11 02:30:00+00:00,161.13,161.13,161.01,161.05,58.18,36
2026-06-11 02:31:00+00:00,161.07,161.11,160.8,160.92,112.76,40
2026-06-11 02:32:00+00:00,160.87,160.87,160.71,160.71,35.81,41
2026-06-11 02:33:00+00:00,160.72,160.89,160.65,160.8,91.3,46
2026-06-11 02:34:00+00:00,160.73,160.77,160.22,160.39,912.55,145
2026-06-11 02:35:00+00:00,160.38,160.74,160.37,160.51,22.04,59
2026-06-11 02:36:00+00:00,160.58,160.81,160.58,160.66,50.19,46
2026-06-11 02:37:00+00:00,160.65,160.71,160.51,160.69,50.42,39
2026-06-11 02:38:00+00:00,160.7,160.92,160.57,160.82,614.28,91
2026-06-11 02:39:00+00:00,160.77,160.81,160.63,160.63,204.87,52
2026-06-11 02:40:00+00:00,160.67,160.8,160.56,160.8,94.11,46
2026-06-11 02:41:00+00:00,160.8,160.8,160.76,160.76,178.38,51
2026-06-11 02:42:00+00:00,160.79,160.79,160.5,160.55,73.85,39
2026-06-11 02:43:00+00:00,160.53,160.54,160.38,160.39,10.05,34
2026-06-11 02:44:00+00:00,160.42,160.44,160.2,160.38,61.4,39
2026-06-11 02:45:00+00:00,160.39,160.61,160.37,160.47,64.22,39
2026-06-11 02:46:00+00:00,160.53,160.57,160.46,160.56,19.93,30
2026-06-11 02:47:00+00:00,160.56,160.8,160.55,160.75,27.29,40
2026-06-11 02:48:00+00:00,160.79,160.8,160.66,160.73,25.45,67
2026-06-11 02:49:00+00:00,160.74,160.74,160.56,160.63,37.7,40
2026-06-11 02:50:00+00:00,160.68,160.8,160.6,160.74,10.52,30
2026-06-11 02:51:00+00:00,160.79,160.98,160.5,160.5,749.15,75
2026-06-11 02:52:00+00:00,160.5,160.61,160.34,160.57,106.86,48
2026-06-11 02:53:00+00:00,160.58,160.63,160.39,160.43,238.51,44
2026-06-11 02:54:00+00:00,160.48,160.52,160.2,160.51,522.76,77
2026-06-11 02:55:00+00:00,160.52,160.52,160.35,160.42,89.74,43
2026-06-11 02:56:00+00:00,160.42,160.5,160.4,160.49,9.5,34
2026-06-11 02:57:00+00:00,160.43,160.52,160.42,160.49,122.36,52
2026-06-11 02:58:00+00:00,160.49,160.52,160.49,160.52,312.36,58
2026-06-11 02:59:00+00:00,160.52,160.52,160.24,160.26,347.84,61
2026-06-11 03:00:00+00:00,160.26,160.26,160.0,160.15,338.02,84
2026-06-11 03:01:00+00:00,160.19,160.2,160.08,160.15,126.05,40
2026-06-11 03:02:00+00:00,160.15,160.15,159.49,160.0,2133.86,230
2026-06-11 03:03:00+00:00,159.95,160.12,159.89,159.99,263.44,74
2026-06-11 03:04:00+00:00,160.05,160.1,159.58,159.6,498.71,117
2026-06-11 03:05:00+00:00,159.6,159.6,159.28,159.29,456.42,117
2026-06-11 03:06:00+00:00,159.28,159.47,159.28,159.35,126.07,53
2026-06-11 03:07:00+00:00,159.29,159.3,159.13,159.3,803.37,137
2026-06-11 03:08:00+00:00,159.3,159.33,159.2,159.29,144.57,37
2026-06-11 03:09:00+00:00,159.31,159.61,159.31,159.61,672.07,75
2026-06-11 03:10:00+00:00,159.61,159.8,159.59,159.77,149.95,55
2026-06-11 03:11:00+00:00,159.78,159.78,159.66,159.78,177.12,42
2026-06-11 03:12:00+00:00,159.78,159.78,159.37,159.44,183.49,64
2026-06-11 03:13:00+00:00,159.45,159.64,159.4,159.59,73.77,52
2026-06-11 03:14:00+00:00,159.52,159.66,159.47,159.66,61.74,37
2026-06-11 03:15:00+00:00,159.6,159.74,159.51,159.74,90.76,48
2026-06-11 03:16:00+00:00,159.73,159.95,159.6,159.95,17.46,34
2026-06-11 03:17:00+00:00,159.99,160.52,159.9,160.52,168.49,49
2026-06-11 03:18:00+00:00,160.45,160.52,160.4,160.49,27.83,35
2026-06-11 03:19:00+00:00,160.45,160.49,160.3,160.44,47.39,25
2026-06-11 03:20:00+00:00,160.38,160.42,160.26,160.31,88.27,40
2026-06-11 03:21:00+00:00,160.36,160.42,160.06,160.3,34.25,39
2026-06-11 03:22:00+00:00,160.32,160.36,160.25,160.35,10.68,33
2026-06-11 03:23:00+00:00,160.33,160.38,160.21,160.29,135.78,46
2026-06-11 03:24:00+00:00,160.35,160.35,160.25,160.28,13.31,40
2026-06-11 03:25:00+00:00,160.24,160.25,159.72,159.88,254.28,73
2026-06-11 03:26:00+00:00,159.89,159.99,159.74,159.84,205.09,59
2026-06-11 03:27:00+00:00,159.93,160.02,159.79,159.93,27.57,39
2026-06-11 03:28:00+00:00,159.92,159.93,159.81,159.83,10.79,29
2026-06-11 03:29:00+00:00,159.89,160.02,159.77,159.97,159.2,42
2026-06-11 03:30:00+00:00,159.97,160.08,159.89,160.04,128.63,45
2026-06-11 03:31:00+00:00,160.03,160.41,160.03,160.24,120.0,40
2026-06-11 03:32:00+00:00,160.24,160.4,160.2,160.33,248.8,62
2026-06-11 03:33:00+00:00,160.37,160.43,160.33,160.43,66.82,52
2026-06-11 03:34:00+00:00,160.43,160.51,160.42,160.51,132.81,39
2026-06-11 03:35:00+00:00,160.5,160.52,160.5,160.52,57.98,47
2026-06-11 03:36:00+00:00,160.52,160.55,160.49,160.52,498.25,48
2026-06-11 03:37:00+00:00,160.51,160.7,160.48,160.68,561.31,62
2026-06-11 03:38:00+00:00,160.68,160.87,160.62,160.73,425.68,72
2026-06-11 03:39:00+00:00,160.73,160.92,160.68,160.92,355.81,49
2026-06-11 03:40:00+00:00,160.93,160.96,160.44,160.78,1104.67,135
2026-06-11 03:41:00+00:00,160.78,161.07,160.78,161.06,152.05,61
2026-06-11 03:42:00+00:00,161.06,161.06,160.71,160.78,115.93,46
2026-06-11 03:43:00+00:00,160.9,161.28,160.87,161.28,692.46,114
2026-06-11 03:44:00+00:00,161.09,161.25,160.97,161.15,607.88,79
2026-06-11 03:45:00+00:00,161.06,161.17,161.06,161.06,265.39,46
2026-06-11 03:46:00+00:00,161.16,161.21,161.05,161.1,236.51,51
2026-06-11 03:47:00+00:00,161.05,161.16,160.95,161.12,215.22,62
2026-06-11 03:48:00+00:00,161.19,161.26,161.15,161.23,79.25,37
2026-06-11 03:49:00+00:00,161.22,161.26,161.19,161.21,33.82,32
2026-06-11 03:50:00+00:00,161.2,161.24,161.01,161.01,140.26,41
2026-06-11 03:51:00+00:00,161.02,161.02,160.8,160.95,441.01,70
2026-06-11 03:52:00+00:00,160.93,161.22,160.87,161.22,334.65,63
2026-06-11 03:53:00+00:00,161.2,161.32,161.19,161.31,73.24,41
2026-06-11 03:54:00+00:00,161.29,161.32,160.9,161.01,391.34,100
2026-06-11 03:55:00+00:00,161.12,161.28,161.02,161.28,48.39,32
2026-06-11 03:56:00+00:00,161.22,161.28,161.02,161.14,166.59,48
2026-06-11 03:57:00+00:00,161.19,161.27,161.17,161.24,53.22,34
2026-06-11 03:58:00+00:00,161.24,161.32,161.24,161.26,109.85,36
2026-06-11 03:59:00+00:00,161.3,161.36,161.24,161.24,79.1,31
2026-06-11 04:00:00+00:00,161.24,161.32,161.02,161.32,163.46,50
2026-06-11 04:01:00+00:00,161.31,161.41,161.22,161.41,220.68,42
2026-06-11 04:02:00+00:00,161.43,161.46,161.38,161.46,13.23,25
2026-06-11 04:03:00+00:00,161.46,161.47,161.39,161.41,147.68,38
2026-06-11 04:04:00+00:00,161.42,161.46,161.41,161.46,8.51,20
2026-06-11 04:05:00+00:00,161.49,161.54,161.49,161.52,56.64,31
2026-06-11 04:06:00+00:00,161.52,161.53,161.5,161.53,17.29,21
2026-06-11 04:07:00+00:00,161.53,161.61,161.5,161.56,39.3,33
2026-06-11 04:08:00+00:00,161.58,161.61,161.49,161.57,68.69,41
2026-06-11 04:09:00+00:00,161.56,161.69,161.36,161.62,284.82,60
2026-06-11 04:10:00+00:00,161.6,161.65,161.58,161.64,9.14,27
2026-06-11 04:11:00+00:00,161.58,161.66,161.48,161.48,104.65,38
2026-06-11 04:12:00+00:00,161.61,161.71,161.52,161.54,136.75,52
2026-06-11 04:13:00+00:00,161.58,161.79,161.56,161.78,209.45,39
2026-06-11 04:14:00+00:00,161.79,161.88,161.77,161.88,75.17,27
2026-06-11 04:15:00+00:00,161.88,162.06,161.85,162.06,107.06,39
2026-06-11 04:16:00+00:00,162.1,162.41,161.61,161.71,192.3,61
2026-06-11 04:17:00+00:00,161.74,162.0,161.67,161.94,178.72,49
2026-06-11 04:18:00+00:00,161.94,162.28,161.92,162.28,79.9,46
2026-06-11 04:19:00+00:00,162.22,162.22,161.84,162.04,270.3,82
2026-06-11 04:20:00+00:00,162.02,162.19,162.01,162.19,117.39,44
2026-06-11 04:21:00+00:00,162.17,162.17,161.62,161.66,190.67,67
2026-06-11 04:22:00+00:00,161.69,161.79,161.65,161.79,140.35,47
2026-06-11 04:23:00+00:00,161.72,161.72,161.54,161.67,84.9,42
2026-06-11 04:24:00+00:00,161.6,161.62,161.28,161.52,327.2,64
2026-06-11 04:25:00+00:00,161.59,161.68,161.5,161.68,83.61,34
2026-06-11 04:26:00+00:00,161.67,161.99,161.64,161.99,324.08,54
2026-06-11 04:27:00+00:00,161.96,161.96,161.66,161.75,249.23,61
2026-06-11 04:28:00+00:00,161.75,161.77,161.7,161.71,8.13,24
2026-06-11 04:29:00+00:00,161.72,161.98,161.7,161.96,29.98,32
2026-06-11 04:30:00+00:00,161.96,162.06,161.83,161.95,103.22,37
2026-06-11 04:31:00+00:00,161.95,161.99,161.86,161.86,169.3,42
2026-06-11 04:32:00+00:00,161.86,161.89,161.74,161.74,103.38,32
2026-06-11 04:33:00+00:00,161.77,161.8,161.62,161.62,35.27,36
2026-06-11 04:34:00+00:00,161.68,161.68,161.48,161.59,132.92,43
2026-06-11 04:35:00+00:00,161.6,161.7,161.24,161.4,452.54,77
2026-06-11 04:36:00+00:00,161.41,161.45,161.22,161.24,206.05,54
2026-06-11 04:37:00+00:00,161.35,161.36,161.16,161.26,154.03,47
2026-06-11 04:38:00+00:00,161.32,161.54,161.22,161.54,31.28,35
2026-06-11 04:39:00+00:00,161.61,161.68,161.55,161.68,35.13,26
2026-06-11 04:40:00+00:00,161.73,161.74,161.48,161.49,37.69,38
2026-06-11 04:41:00+00:00,161.55,161.55,161.46,161.5,20.26,26
2026-06-11 04:42:00+00:00,161.52,161.52,161.38,161.5,63.47,40
2026-06-11 04:43:00+00:00,161.52,161.67,161.52,161.61,186.19,42
2026-06-11 04:44:00+00:00,161.61,161.61,161.56,161.56,40.88,31
2026-06-11 04:45:00+00:00,161.57,161.65,161.56,161.65,38.59,32
2026-06-11 04:46:00+00:00,161.65,162.0,161.61,162.0,143.34,41
2026-06-11 04:47:00+00:00,162.0,162.05,161.73,161.83,171.83,53
2026-06-11 04:48:00+00:00,161.87,162.12,161.8,162.02,76.2,45
2026-06-11 04:49:00+00:00,162.03,162.15,161.79,161.79,217.43,63
2026-06-11 04:50:00+00:00,161.8,161.96,161.8,161.95,50.95,34
2026-06-11 04:51:00+00:00,161.94,162.1,161.9,162.03,11.85,27
2026-06-11 04:52:00+00:00,162.05,162.22,162.05,162.16,153.83,41
2026-06-11 04:53:00+00:00,162.13,162.13,161.94,161.95,14.65,27
2026-06-11 04:54:00+00:00,161.94,162.0,161.79,161.84,28.76,34
2026-06-11 04:55:00+00:00,161.86,161.89,161.81,161.89,4.19,22
2026-06-11 04:56:00+00:00,161.87,161.94,161.8,161.87,81.88,39
2026-06-11 04:57:00+00:00,161.92,162.03,161.83,162.03,29.97,34
2026-06-11 04:58:00+00:00,161.97,162.03,161.94,162.03,26.12,27
2026-06-11 04:59:00+00:00,161.97,162.14,161.94,162.05,117.31,38
2026-06-11 05:00:00+00:00,161.99,162.04,161.92,161.96,25.94,27
2026-06-11 05:01:00+00:00,161.88,161.89,161.78,161.79,7.94,23
2026-06-11 05:02:00+00:00,161.75,161.75,161.42,161.42,508.36,56
2026-06-11 05:03:00+00:00,161.41,161.51,161.36,161.51,12.69,21
2026-06-11 05:04:00+00:00,161.5,161.57,161.49,161.57,13.02,20
2026-06-11 05:05:00+00:00,161.56,161.69,161.54,161.69,103.09,27
2026-06-11 05:06:00+00:00,161.67,161.71,161.62,161.71,29.2,27
2026-06-11 05:07:00+00:00,161.73,161.76,161.6,161.66,10.68,24
2026-06-11 05:08:00+00:00,161.68,161.94,161.62,161.94,45.64,32
2026-06-11 05:09:00+00:00,161.91,162.0,161.86,161.95,25.32,27
2026-06-11 05:10:00+00:00,161.95,161.95,161.86,161.95,77.94,28
2026-06-11 05:11:00+00:00,161.95,162.02,161.9,161.95,13.72,19
2026-06-11 05:12:00+00:00,161.91,161.99,161.86,161.99,11.65,19
2026-06-11 05:13:00+00:00,161.98,162.08,161.78,161.99,49.42,32
2026-06-11 05:14:00+00:00,161.98,161.99,161.86,161.86,22.68,26
2026-06-11 05:15:00+00:00,161.8,161.88,161.73,161.73,131.88,31
2026-06-11 05:16:00+00:00,161.74,161.92,161.71,161.87,27.92,26
2026-06-11 05:17:00+00:00,161.88,161.9,161.86,161.9,15.76,22
2026-06-11 05:18:00+00:00,161.97,161.98,161.89,161.97,14.7,23
2026-06-11 05:19:00+00:00,161.97,162.05,161.93,162.0,18.18,25
2026-06-11 05:20:00+00:00,162.0,162.0,161.87,161.98,197.53,37
2026-06-11 05:21:00+00:00,161.97,162.04,161.93,162.04,16.3,24
2026-06-11 05:22:00+00:00,162.03,162.04,161.92,162.0,43.27,24
2026-06-11 05:23:00+00:00,162.02,162.02,161.87,161.88,39.69,27
2026-06-11 05:24:00+00:00,161.87,161.89,161.81,161.85,86.54,22
2026-06-11 05:25:00+00:00,161.85,161.85,161.73,161.83,123.55,39
2026-06-11 05:26:00+00:00,161.84,161.93,161.79,161.83,234.16,42
2026-06-11 05:27:00+00:00,161.8,162.02,161.79,161.85,291.85,70
2026-06-11 05:28:00+00:00,161.85,161.88,161.8,161.86,29.11,23
2026-06-11 05:29:00+00:00,161.83,161.84,161.7,161.81,141.14,42
2026-06-11 05:30:00+00:00,161.82,161.89,161.79,161.84,97.04,33
2026-06-11 05:31:00+00:00,161.83,161.84,161.73,161.84,86.89,30
2026-06-11 05:32:00+00:00,161.82,161.84,161.76,161.83,23.05,25
2026-06-11 05:33:00+00:00,161.81,161.84,161.73,161.84,53.59,29
2026-06-11 05:34:00+00:00,161.8,161.84,161.74,161.81,83.6,25
2026-06-11 05:35:00+00:00,161.8,161.84,161.7,161.73,89.01,38
2026-06-11 05:36:00+00:00,161.75,161.84,161.72,161.76,84.45,34
2026-06-11 05:37:00+00:00,161.83,161.85,161.79,161.84,12.6,23
2026-06-11 05:38:00+00:00,161.85,161.89,161.44,161.57,241.85,56
2026-06-11 05:39:00+00:00,161.62,161.64,161.48,161.6,130.3,40
2026-06-11 05:40:00+00:00,161.59,161.62,161.5,161.57,55.48,29
2026-06-11 05:41:00+00:00,161.6,161.61,161.51,161.51,25.63,26
2026-06-11 05:42:00+00:00,161.54,161.55,161.19,161.29,1096.15,78
2026-06-11 05:43:00+00:00,161.24,161.33,161.24,161.29,19.89,27
2026-06-11 05:44:00+00:00,161.26,161.27,160.94,161.01,123.68,48
2026-06-11 05:45:00+00:00,161.03,161.12,160.77,161.04,479.83,88
2026-06-11 05:46:00+00:00,161.06,161.07,160.55,160.55,55.47,30
2026-06-11 05:47:00+00:00,160.52,160.55,160.0,160.01,777.94,186
2026-06-11 05:48:00+00:00,160.01,160.1,159.97,159.97,549.9,107
2026-06-11 05:49:00+00:00,159.93,159.93,159.58,159.73,530.19,108
2026-06-11 05:50:00+00:00,159.74,159.95,159.74,159.83,151.23,51
2026-06-11 05:51:00+00:00,159.91,160.08,159.88,160.02,157.5,47
2026-06-11 05:52:00+00:00,160.02,160.1,159.8,159.96,122.76,53
2026-06-11 05:53:00+00:00,160.04,160.4,160.04,160.3,285.02,76
2026-06-11 05:54:00+00:00,160.38,160.5,160.29,160.31,129.89,41
2026-06-11 05:55:00+00:00,160.4,160.62,160.0,160.05,340.49,85
2026-06-11 05:56:00+00:00,160.17,160.4,160.12,160.39,70.75,34
2026-06-11 05:57:00+00:00,160.39,160.69,160.39,160.69,120.16,31
2026-06-11 05:58:00+00:00,160.71,161.35,160.71,161.33,55.18,50
2026-06-11 05:59:00+00:00,161.32,161.32,160.44,160.78,217.28,53
2026-06-11 06:00:00+00:00,160.86,160.86,160.78,160.79,90.79,27
2026-06-11 06:01:00+00:00,160.79,160.91,160.79,160.9,249.14,33
2026-06-11 06:02:00+00:00,160.9,160.91,160.89,160.89,67.13,37
2026-06-11 06:03:00+00:00,160.9,161.02,160.85,160.93,242.76,41
2026-06-11 06:04:00+00:00,161.02,161.16,161.0,161.1,34.55,24
2026-06-11 06:05:00+00:00,161.01,161.06,160.9,161.06,58.86,37
2026-06-11 06:06:00+00:00,161.02,161.03,160.8,160.84,192.14,48
2026-06-11 06:07:00+00:00,160.94,161.04,160.94,160.98,24.75,27
2026-06-11 06:08:00+00:00,160.99,161.08,160.9,161.04,149.15,48
2026-06-11 06:09:00+00:00,161.06,161.57,161.03,161.57,70.45,34
2026-06-11 06:10:00+00:00,161.56,161.69,161.51,161.64,100.73,31
2026-06-11 06:11:00+00:00,161.64,161.65,161.55,161.65,16.84,26
2026-06-11 06:12:00+00:00,161.67,161.89,161.46,161.84,389.93,62
2026-06-11 06:13:00+00:00,161.89,162.05,161.88,161.98,56.64,30
2026-06-11 06:14:00+00:00,162.05,162.12,161.72,161.77,58.22,28
2026-06-11 06:15:00+00:00,161.88,161.93,161.77,161.77,13.83,25
2026-06-11 06:16:00+00:00,161.81,161.83,161.7,161.71,87.35,31
2026-06-11 06:17:00+00:00,161.76,161.86,161.62,161.75,75.03,29
2026-06-11 06:18:00+00:00,161.84,161.93,161.78,161.79,56.31,29
2026-06-11 06:19:00+00:00,161.86,162.06,161.66,162.06,134.12,37
2026-06-11 06:20:00+00:00,162.11,162.15,161.9,161.9,85.7,46
2026-06-11 06:21:00+00:00,161.96,162.09,161.91,162.01,59.03,27
2026-06-11 06:22:00+00:00,162.02,162.06,161.91,161.93,14.65,22
2026-06-11 06:23:00+00:00,161.97,162.06,161.91,161.94,254.01,45
2026-06-11 06:24:00+00:00,161.96,162.06,161.5,161.62,75.62,43
2026-06-11 06:25:00+00:00,161.63,161.81,161.59,161.81,35.07,30
2026-06-11 06:26:00+00:00,161.81,161.86,161.77,161.8,101.62,34
2026-06-11 06:27:00+00:00,161.75,161.76,161.52,161.62,25.29,32
2026-06-11 06:28:00+00:00,161.57,161.62,161.5,161.53,100.16,36
2026-06-11 06:29:00+00:00,161.58,161.62,161.52,161.53,104.93,35
2026-06-11 06:30:00+00:00,161.57,161.64,161.54,161.58,28.62,30
2026-06-11 06:31:00+00:00,161.63,161.72,161.61,161.62,111.34,30
2026-06-11 06:32:00+00:00,161.64,161.64,161.56,161.58,20.92,26
2026-06-11 06:33:00+00:00,161.72,161.73,161.57,161.61,32.33,27
2026-06-11 06:34:00+00:00,161.66,161.7,161.53,161.53,160.72,40
2026-06-11 06:35:00+00:00,161.64,161.66,161.58,161.65,36.09,29
2026-06-11 06:36:00+00:00,161.63,161.67,161.61,161.62,61.21,30
2026-06-11 06:37:00+00:00,161.67,161.94,161.67,161.89,106.48,32
2026-06-11 06:38:00+00:00,161.86,161.99,161.85,161.97,93.06,42
2026-06-11 06:39:00+00:00,161.96,162.02,161.88,161.96,238.17,30
2026-06-11 06:40:00+00:00,161.96,161.99,161.84,161.84,23.42,19
2026-06-11 06:41:00+00:00,161.9,162.11,161.9,162.05,151.9,31
2026-06-11 06:42:00+00:00,162.1,162.17,161.97,162.16,51.91,39
2026-06-11 06:43:00+00:00,162.13,162.26,162.07,162.18,99.7,42
2026-06-11 06:44:00+00:00,162.22,162.24,162.14,162.15,33.07,28
2026-06-11 06:45:00+00:00,162.24,162.24,162.16,162.22,41.44,24
2026-06-11 06:46:00+00:00,162.21,162.25,162.18,162.22,152.47,44
2026-06-11 06:47:00+00:00,162.22,162.25,162.07,162.2,157.63,50
2026-06-11 06:48:00+00:00,162.2,162.27,162.16,162.26,194.87,51
2026-06-11 06:49:00+00:00,162.27,162.38,162.24,162.32,193.94,56
2026-06-11 06:50:00+00:00,162.34,162.42,162.18,162.38,323.22,76
2026-06-11 06:51:00+00:00,162.44,162.49,162.37,162.38,202.29,77
2026-06-11 06:52:00+00:00,162.44,162.53,162.38,162.53,258.99,69
2026-06-11 06:53:00+00:00,162.55,162.62,162.47,162.58,201.24,92
2026-06-11 06:54:00+00:00,162.51,162.72,162.51,162.6,481.11,83
2026-06-11 06:55:00+00:00,162.6,162.7,162.4,162.7,449.45,88
2026-06-11 06:56:00+00:00,162.71,162.76,162.59,162.7,232.74,61
2026-06-11 06:57:00+00:00,162.7,162.72,162.64,162.7,138.51,47
2026-06-11 06:58:00+00:00,162.69,162.75,162.6,162.74,147.83,41
2026-06-11 06:59:00+00:00,162.69,162.8,162.46,162.79,265.44,65
2026-06-11 07:00:00+00:00,162.77,162.84,162.72,162.82,301.53,56
2026-06-11 07:01:00+00:00,162.78,162.83,162.73,162.82,142.29,48
2026-06-11 07:02:00+00:00,162.82,162.84,162.59,162.65,308.63,84
2026-06-11 07:03:00+00:00,162.66,162.7,162.2,162.22,612.99,89
2026-06-11 07:04:00+00:00,162.24,162.38,161.87,162.3,299.89,84
2026-06-11 07:05:00+00:00,162.29,162.68,162.26,162.62,752.02,81
2026-06-11 07:06:00+00:00,162.61,162.67,162.5,162.62,280.75,48
2026-06-11 07:07:00+00:00,162.63,162.67,162.5,162.52,1568.14,98
2026-06-11 07:08:00+00:00,162.51,162.52,162.26,162.35,946.92,134
2026-06-11 07:09:00+00:00,162.24,162.37,162.1,162.37,437.19,83
2026-06-11 07:10:00+00:00,162.35,162.44,162.35,162.44,169.37,52
2026-06-11 07:11:00+00:00,162.46,162.51,162.34,162.51,215.29,57
2026-06-11 07:12:00+00:00,162.51,162.52,162.07,162.13,948.93,103
2026-06-11 07:13:00+00:00,162.12,162.23,162.07,162.18,170.89,50
2026-06-11 07:14:00+00:00,162.17,162.23,162.01,162.08,141.58,44
2026-06-11 07:15:00+00:00,162.03,162.03,161.75,161.86,311.96,52
2026-06-11 07:16:00+00:00,161.85,161.94,161.8,161.9,213.88,38
2026-06-11 07:17:00+00:00,161.9,162.07,161.86,162.02,270.79,47
2026-06-11 07:18:00+00:00,162.0,162.24,162.0,162.07,532.08,86
2026-06-11 07:19:00+00:00,162.06,162.39,162.0,162.29,310.39,55
2026-06-11 07:20:00+00:00,162.36,162.51,162.34,162.39,154.89,45
2026-06-11 07:21:00+00:00,162.39,162.39,162.18,162.27,547.23,65
2026-06-11 07:22:00+00:00,162.29,162.34,162.19,162.28,344.97,51
2026-06-11 07:23:00+00:00,162.33,162.51,162.29,162.35,359.06,54
2026-06-11 07:24:00+00:00,162.36,162.53,162.29,162.46,600.46,71
2026-06-11 07:25:00+00:00,162.38,162.46,162.1,162.31,458.27,91
2026-06-11 07:26:00+00:00,162.26,162.62,162.23,162.58,756.69,116
2026-06-11 07:27:00+00:00,162.58,162.61,162.5,162.61,328.65,58
2026-06-11 07:28:00+00:00,162.51,162.63,162.5,162.51,409.7,82
2026-06-11 07:29:00+00:00,162.5,162.66,162.5,162.6,195.44,48
2026-06-11 07:30:00+00:00,162.64,162.95,162.35,162.49,1721.24,155
2026-06-11 07:31:00+00:00,162.5,162.5,162.03,162.1,768.11,74
2026-06-11 07:32:00+00:00,162.1,162.1,162.01,162.1,229.25,51
2026-06-11 07:33:00+00:00,162.08,162.1,161.95,162.03,141.06,39
2026-06-11 07:34:00+00:00,162.03,162.05,161.79,161.8,667.95,93
2026-06-11 07:35:00+00:00,161.8,161.89,161.69,161.79,344.97,63
2026-06-11 07:36:00+00:00,161.71,161.83,161.66,161.73,164.82,44
2026-06-11 07:37:00+00:00,161.77,161.78,161.61,161.68,139.74,40
2026-06-11 07:38:00+00:00,161.66,161.75,161.61,161.71,256.7,46
2026-06-11 07:39:00+00:00,161.79,162.05,161.63,161.84,248.04,57
2026-06-11 07:40:00+00:00,161.85,161.85,161.39,161.58,304.96,68
2026-06-11 07:41:00+00:00,161.48,161.8,161.45,161.74,318.62,70
2026-06-11 07:42:00+00:00,161.74,162.0,161.74,161.99,239.26,43
2026-06-11 07:43:00+00:00,161.94,161.99,161.87,161.89,33.79,20
2026-06-11 07:44:00+00:00,161.92,162.1,161.85,161.96,338.43,51
2026-06-11 07:45:00+00:00,161.99,162.1,161.93,162.06,37.31,25
2026-06-11 07:46:00+00:00,162.09,162.15,161.96,162.11,77.72,35
2026-06-11 07:47:00+00:00,162.17,162.23,162.14,162.2,39.01,32
2026-06-11 07:48:00+00:00,162.15,162.2,162.06,162.2,160.49,38
2026-06-11 07:49:00+00:00,162.21,162.33,162.13,162.15,32.44,27
2026-06-11 07:50:00+00:00,162.22,162.24,162.07,162.2,40.56,25
2026-06-11 07:51:00+00:00,162.23,162.24,161.74,161.78,155.21,46
2026-06-11 07:52:00+00:00,161.83,161.85,161.65,161.75,40.67,29
2026-06-11 07:53:00+00:00,161.75,162.06,161.61,162.06,71.04,41
2026-06-11 07:54:00+00:00,161.96,162.11,161.96,162.06,143.45,29
2026-06-11 07:55:00+00:00,162.1,162.21,162.07,162.21,18.26,20
2026-06-11 07:56:00+00:00,162.19,162.3,162.12,162.24,337.31,37
2026-06-11 07:57:00+00:00,162.27,162.32,162.24,162.25,31.37,21
2026-06-11 07:58:00+00:00,162.3,162.35,162.15,162.34,96.03,33
2026-06-11 07:59:00+00:00,162.35,162.36,162.24,162.27,132.9,25
2026-06-11 08:00:00+00:00,162.3,162.34,162.26,162.31,114.04,29
2026-06-11 08:01:00+00:00,162.33,162.33,162.28,162.33,13.3,18
2026-06-11 08:02:00+00:00,162.33,162.42,162.33,162.42,34.59,25
2026-06-11 08:03:00+00:00,162.4,162.4,162.3,162.3,91.16,22
2026-06-11 08:04:00+00:00,162.32,162.33,162.14,162.16,146.12,37
2026-06-11 08:05:00+00:00,162.13,162.34,162.12,162.34,29.72,24
2026-06-11 08:06:00+00:00,162.33,162.4,162.29,162.4,30.16,24
2026-06-11 08:07:00+00:00,162.39,162.69,162.39,162.58,282.01,56
2026-06-11 08:08:00+00:00,162.54,162.54,162.45,162.46,12.5,18
2026-06-11 08:09:00+00:00,162.46,162.51,162.35,162.43,242.65,44
2026-06-11 08:10:00+00:00,162.41,162.53,162.41,162.53,42.91,32
2026-06-11 08:11:00+00:00,162.49,162.7,162.49,162.51,358.78,56
2026-06-11 08:12:00+00:00,162.58,162.64,162.24,162.45,172.98,31
2026-06-11 08:13:00+00:00,162.44,162.57,162.39,162.43,445.57,50
2026-06-11 08:14:00+00:00,162.52,162.55,162.42,162.49,69.63,28
2026-06-11 08:15:00+00:00,162.56,162.61,162.49,162.59,76.22,46
2026-06-11 08:16:00+00:00,162.56,162.72,162.54,162.72,148.32,35
2026-06-11 08:17:00+00:00,162.7,162.85,162.54,162.85,471.45,50
2026-06-11 08:18:00+00:00,162.77,162.91,162.65,162.74,800.2,64
2026-06-11 08:19:00+00:00,162.86,162.89,162.73,162.84,485.59,57
2026-06-11 08:20:00+00:00,162.89,162.94,162.6,162.62,91.97,35
2026-06-11 08:21:00+00:00,162.63,162.69,162.51,162.61,62.3,29
2026-06-11 08:22:00+00:00,162.7,162.73,162.58,162.59,172.82,59
2026-06-11 08:23:00+00:00,162.59,162.66,162.52,162.52,50.76,37
2026-06-11 08:24:00+00:00,162.52,162.85,162.44,162.53,155.22,46
2026-06-11 08:25:00+00:00,162.52,162.54,162.28,162.42,81.42,53
2026-06-11 08:26:00+00:00,162.41,162.48,162.32,162.39,127.14,52
2026-06-11 08:27:00+00:00,162.39,162.53,162.39,162.49,36.5,41
2026-06-11 08:28:00+00:00,162.42,162.48,162.33,162.4,48.28,42
2026-06-11 08:29:00+00:00,162.41,162.41,162.22,162.41,233.82,40
2026-06-11 08:30:00+00:00,162.36,162.41,162.22,162.36,123.89,40
2026-06-11 08:31:00+00:00,162.4,162.41,162.27,162.32,144.19,49
2026-06-11 08:32:00+00:00,162.27,162.41,162.27,162.39,97.34,36
2026-06-11 08:33:00+00:00,162.35,162.51,162.27,162.51,64.48,41
2026-06-11 08:34:00+00:00,162.51,162.85,162.51,162.73,52.72,30
2026-06-11 08:35:00+00:00,162.73,162.85,162.68,162.7,57.64,37
2026-06-11 08:36:00+00:00,162.85,162.94,162.84,162.91,116.17,34
2026-06-11 08:37:00+00:00,162.91,162.96,162.78,162.78,21.63,26
2026-06-11 08:38:00+00:00,162.82,162.84,162.72,162.84,21.89,24
2026-06-11 08:39:00+00:00,162.78,162.8,162.49,162.66,162.17,52
2026-06-11 08:40:00+00:00,162.68,162.68,162.06,162.44,1058.49,102
2026-06-11 08:41:00+00:00,162.48,162.49,162.37,162.44,76.19,35
2026-06-11 08:42:00+00:00,162.4,162.4,162.23,162.27,134.83,44
2026-06-11 08:43:00+00:00,162.25,162.25,161.7,161.92,210.04,58
2026-06-11 08:44:00+00:00,161.98,162.0,161.7,161.76,1515.9,45
2026-06-11 08:45:00+00:00,161.76,161.88,161.7,161.88,75.78,31
2026-06-11 08:46:00+00:00,161.88,161.9,161.7,161.82,42.28,32
2026-06-11 08:47:00+00:00,161.86,161.9,161.74,161.75,109.73,63
2026-06-11 08:48:00+00:00,161.75,161.85,161.68,161.74,353.77,54
2026-06-11 08:49:00+00:00,161.73,161.79,161.68,161.69,56.23,31
2026-06-11 08:50:00+00:00,161.68,162.18,161.68,162.18,186.32,47
2026-06-11 08:51:00+00:00,162.07,162.18,161.9,162.18,88.17,47
2026-06-11 08:52:00+00:00,162.09,162.21,162.01,162.09,59.47,38
2026-06-11 08:53:00+00:00,162.13,162.27,162.03,162.25,39.8,33
2026-06-11 08:54:00+00:00,162.15,162.33,162.14,162.33,117.83,46
2026-06-11 08:55:00+00:00,162.23,162.45,162.23,162.28,41.93,41
2026-06-11 08:56:00+00:00,162.31,162.39,162.05,162.1,71.07,52
2026-06-11 08:57:00+00:00,162.1,162.18,162.01,162.17,128.75,48
2026-06-11 08:58:00+00:00,162.17,162.22,162.1,162.22,23.08,31
2026-06-11 08:59:00+00:00,162.22,162.28,162.06,162.21,22.73,26
2026-06-11 09:00:00+00:00,162.24,162.32,162.16,162.2,23.3,26
2026-06-11 09:01:00+00:00,162.2,162.27,162.19,162.27,38.98,26
2026-06-11 09:02:00+00:00,162.21,162.21,162.13,162.2,22.75,25
2026-06-11 09:03:00+00:00,162.2,162.46,162.2,162.46,86.8,36
2026-06-11 09:04:00+00:00,162.46,162.46,162.35,162.35,33.23,29
2026-06-11 09:05:00+00:00,162.39,162.43,162.35,162.4,65.07,33
2026-06-11 09:06:00+00:00,162.39,162.4,162.35,162.39,62.01,35
2026-06-11 09:07:00+00:00,162.39,162.4,162.35,162.39,96.16,28
2026-06-11 09:08:00+00:00,162.37,162.4,162.35,162.36,157.49,33
2026-06-11 09:09:00+00:00,162.4,162.5,162.35,162.4,740.36,52
2026-06-11 09:10:00+00:00,162.4,162.57,162.36,162.57,551.71,47
2026-06-11 09:11:00+00:00,162.52,162.64,162.5,162.56,785.39,62
2026-06-11 09:12:00+00:00,162.55,162.6,162.52,162.6,43.12,33
2026-06-11 09:13:00+00:00,162.6,162.6,162.4,162.47,28.17,25
2026-06-11 09:14:00+00:00,162.49,162.52,162.39,162.5,93.81,38
2026-06-11 09:15:00+00:00,162.5,162.53,162.39,162.48,40.66,33
2026-06-11 09:16:00+00:00,162.48,162.5,162.41,162.48,28.84,27
2026-06-11 09:17:00+00:00,162.44,162.5,162.43,162.5,141.89,38
2026-06-11 09:18:00+00:00,162.49,162.54,162.46,162.47,161.25,41
2026-06-11 09:19:00+00:00,162.47,162.54,162.41,162.47,39.71,37
2026-06-11 09:20:00+00:00,162.47,162.54,162.41,162.46,58.77,41
2026-06-11 09:21:00+00:00,162.49,162.8,162.26,162.67,205.56,59
2026-06-11 09:22:00+00:00,162.76,164.13,162.76,164.04,962.43,158
2026-06-11 09:23:00+00:00,163.98,164.0,163.66,163.68,366.29,66
2026-06-11 09:24:00+00:00,163.74,163.74,163.32,163.58,85.38,53
2026-06-11 09:25:00+00:00,163.63,163.63,163.4,163.41,107.15,46
2026-06-11 09:26:00+00:00,163.34,163.42,163.03,163.13,363.1,73
2026-06-11 09:27:00+00:00,163.09,163.47,162.83,163.23,1404.54,103
2026-06-11 09:28:00+00:00,163.25,164.1,163.25,163.65,2266.08,131
2026-06-11 09:29:00+00:00,163.69,164.59,163.64,163.75,1380.06,195
2026-06-11 09:30:00+00:00,163.75,163.92,163.27,163.61,524.33,166
2026-06-11 09:31:00+00:00,163.63,163.7,162.79,163.08,775.04,99
2026-06-11 09:32:00+00:00,163.09,163.17,163.0,163.06,322.56,65
2026-06-11 09:33:00+00:00,163.0,163.03,162.72,162.81,132.84,48
2026-06-11 09:34:00+00:00,162.81,162.86,162.73,162.82,171.08,50
2026-06-11 09:35:00+00:00,162.82,162.95,162.82,162.91,99.32,34
2026-06-11 09:36:00+00:00,162.91,163.11,162.83,163.11,106.05,45
2026-06-11 09:37:00+00:00,163.1,163.15,162.18,162.55,1271.57,126
2026-06-11 09:38:00+00:00,162.55,162.86,162.55,162.7,169.88,66
2026-06-11 09:39:00+00:00,162.68,163.2,162.66,162.99,279.35,93
2026-06-11 09:40:00+00:00,162.99,163.43,162.99,163.16,606.8,111
2026-06-11 09:41:00+00:00,163.08,163.49,163.08,163.41,261.79,95
2026-06-11 09:42:00+00:00,163.3,163.41,163.2,163.25,511.99,54
2026-06-11 09:43:00+00:00,163.14,163.3,162.79,163.0,227.99,54
2026-06-11 09:44:00+00:00,162.94,163.11,162.94,163.11,124.18,32
2026-06-11 09:45:00+00:00,163.1,163.16,162.9,162.92,74.41,45
2026-06-11 09:46:00+00:00,162.98,163.06,162.86,162.92,186.38,56
2026-06-11 09:47:00+00:00,162.92,163.02,162.81,163.02,155.16,50
2026-06-11 09:48:00+00:00,163.02,163.18,162.9,163.17,418.98,82
2026-06-11 09:49:00+00:00,163.18,163.21,163.08,163.18,186.22,48
2026-06-11 09:50:00+00:00,163.18,163.23,163.06,163.15,189.24,57
2026-06-11 09:51:00+00:00,163.01,163.11,162.95,162.98,112.03,46
2026-06-11 09:52:00+00:00,162.98,163.12,162.96,163.09,117.25,46
2026-06-11 09:53:00+00:00,163.04,163.09,162.68,162.75,156.52,59
2026-06-11 09:54:00+00:00,162.67,162.76,162.52,162.68,2332.33,79
2026-06-11 09:55:00+00:00,162.68,162.86,162.62,162.74,6515.67,126
2026-06-11 09:56:00+00:00,162.65,162.9,162.62,162.78,12435.18,109
2026-06-11 09:57:00+00:00,162.86,163.06,162.76,162.99,6651.36,122
2026-06-11 09:58:00+00:00,163.02,163.14,162.99,163.13,207.0,51
2026-06-11 09:59:00+00:00,163.14,163.28,163.1,163.16,2311.29,112
2026-06-11 10:00:00+00:00,163.16,163.38,163.14,163.31,981.8,136
2026-06-11 10:01:00+00:00,163.31,163.55,163.31,163.51,262.89,84
2026-06-11 10:02:00+00:00,163.48,163.77,163.43,163.65,621.89,129
2026-06-11 10:03:00+00:00,163.65,163.74,163.4,163.65,466.82,123
2026-06-11 10:04:00+00:00,163.57,163.72,163.56,163.64,177.4,98
2026-06-11 10:05:00+00:00,163.65,163.73,163.08,163.45,520.44,133
2026-06-11 10:06:00+00:00,163.44,163.59,163.12,163.49,632.27,199
2026-06-11 10:07:00+00:00,163.52,163.71,163.2,163.3,2340.39,284
2026-06-11 10:08:00+00:00,163.3,163.41,163.02,163.03,402.33,134
2026-06-11 10:09:00+00:00,163.03,163.1,162.77,162.77,245.25,111
2026-06-11 10:10:00+00:00,162.77,163.12,162.77,162.89,258.73,120
2026-06-11 10:11:00+00:00,162.81,162.98,162.55,162.96,523.18,163
2026-06-11 10:12:00+00:00,162.97,163.03,162.68,162.83,206.58,113
2026-06-11 10:13:00+00:00,162.87,163.1,162.87,163.1,85.41,39
2026-06-11 10:14:00+00:00,163.1,163.1,162.85,163.08,387.26,60
2026-06-11 10:15:00+00:00,162.99,163.32,162.91,163.29,366.65,74
2026-06-11 10:16:00+00:00,163.29,163.3,163.09,163.3,433.55,74
2026-06-11 10:17:00+00:00,163.3,163.3,163.07,163.11,219.91,41
2026-06-11 10:18:00+00:00,163.1,163.13,162.91,162.98,93.39,46
2026-06-11 10:19:00+00:00,162.95,163.13,162.94,163.06,519.6,92
2026-06-11 10:20:00+00:00,162.98,163.1,162.98,163.04,60.15,29
2026-06-11 10:21:00+00:00,163.04,163.29,163.04,163.28,239.09,55
2026-06-11 10:22:00+00:00,163.28,163.31,163.02,163.14,109.29,48
2026-06-11 10:23:00+00:00,163.14,163.28,163.03,163.15,44.08,38
2026-06-11 10:24:00+00:00,163.2,163.27,162.99,163.14,221.12,47
2026-06-11 10:25:00+00:00,163.15,163.18,163.09,163.09,34.45,28
2026-06-11 10:26:00+00:00,163.07,163.15,162.96,163.03,36.5,30
2026-06-11 10:27:00+00:00,163.03,163.03,162.91,162.94,180.89,50
2026-06-11 10:28:00+00:00,162.94,162.94,162.77,162.77,41.4,31
2026-06-11 10:29:00+00:00,162.83,163.57,162.52,162.9,2384.73,304
2026-06-11 10:30:00+00:00,162.91,163.15,162.86,162.91,510.9,116
2026-06-11 10:31:00+00:00,162.91,163.13,162.91,163.05,252.56,56
2026-06-11 10:32:00+00:00,163.05,163.05,162.83,162.87,131.43,37
2026-06-11 10:33:00+00:00,162.87,162.92,162.86,162.9,91.18,31
2026-06-11 10:34:00+00:00,162.95,162.95,162.89,162.95,27.85,27
2026-06-11 10:35:00+00:00,162.95,162.98,162.82,162.93,206.95,38
2026-06-11 10:36:00+00:00,162.96,162.96,162.84,162.9,48.93,36
2026-06-11 10:37:00+00:00,162.89,162.91,162.84,162.9,51.01,38
2026-06-11 10:38:00+00:00,162.86,162.9,162.8,162.83,86.92,40
2026-06-11 10:39:00+00:00,162.78,162.88,162.77,162.83,196.37,51
2026-06-11 10:40:00+00:00,162.88,163.23,162.86,163.0,1301.09,205
2026-06-11 10:41:00+00:00,163.0,163.25,163.0,163.12,386.68,94
2026-06-11 10:42:00+00:00,163.04,163.1,162.89,162.93,165.33,57
2026-06-11 10:43:00+00:00,162.95,163.07,162.94,163.07,311.97,64
2026-06-11 10:44:00+00:00,163.06,163.21,162.87,162.87,633.95,110
2026-06-11 10:45:00+00:00,162.87,163.21,162.87,163.15,283.77,76
2026-06-11 10:46:00+00:00,163.15,163.21,163.04,163.14,280.86,49
2026-06-11 10:47:00+00:00,163.2,163.25,163.1,163.24,274.99,55
2026-06-11 10:48:00+00:00,163.22,163.23,162.97,162.97,80.83,47
2026-06-11 10:49:00+00:00,162.96,163.21,162.96,163.13,201.65,85
2026-06-11 10:50:00+00:00,163.12,163.31,163.08,163.15,8893.33,156
2026-06-11 10:51:00+00:00,163.2,163.21,163.15,163.15,20234.57,80
2026-06-11 10:52:00+00:00,163.15,163.21,162.99,163.0,1134.8,83
2026-06-11 10:53:00+00:00,163.09,163.09,162.93,163.02,195.61,48
2026-06-11 10:54:00+00:00,163.02,163.27,162.98,163.27,184.39,71
2026-06-11 10:55:00+00:00,163.27,163.46,163.27,163.42,132.69,119
2026-06-11 10:56:00+00:00,163.37,163.42,163.29,163.34,290.26,48
2026-06-11 10:57:00+00:00,163.37,163.42,163.22,163.36,369.67,57
2026-06-11 10:58:00+00:00,163.42,163.49,163.05,163.3,961.59,156
2026-06-11 10:59:00+00:00,163.31,163.39,163.2,163.21,453.3,89
2026-06-11 11:00:00+00:00,163.21,163.5,163.1,163.45,403.93,103
2026-06-11 11:01:00+00:00,163.45,163.5,163.33,163.41,359.94,68
2026-06-11 11:02:00+00:00,163.4,163.46,163.28,163.42,186.13,43
2026-06-11 11:03:00+00:00,163.41,163.5,163.37,163.46,403.31,59
2026-06-11 11:04:00+00:00,163.42,163.43,163.33,163.39,268.58,61
2026-06-11 11:05:00+00:00,163.39,163.43,163.3,163.3,347.38,55
2026-06-11 11:06:00+00:00,163.31,163.31,163.06,163.06,107.39,56
2026-06-11 11:07:00+00:00,163.07,163.1,162.99,163.03,273.25,50
2026-06-11 11:08:00+00:00,163.02,163.03,162.93,162.94,272.18,54
2026-06-11 11:09:00+00:00,162.97,163.04,162.91,162.96,128.26,47
2026-06-11 11:10:00+00:00,162.95,163.07,162.95,163.02,202.73,35
2026-06-11 11:11:00+00:00,163.02,163.07,162.96,163.04,61.98,27
2026-06-11 11:12:00+00:00,163.04,163.1,162.98,163.08,194.0,52
2026-06-11 11:13:00+00:00,163.1,163.3,163.1,163.18,396.85,117
2026-06-11 11:14:00+00:00,163.15,163.29,162.93,162.93,192.12,67
2026-06-11 11:15:00+00:00,163.04,163.05,162.96,163.0,96.74,49
2026-06-11 11:16:00+00:00,163.03,163.13,162.96,163.13,231.58,48
2026-06-11 11:17:00+00:00,163.09,163.16,163.07,163.16,57.78,24
2026-06-11 11:18:00+00:00,163.14,163.17,163.09,163.15,390.46,52
2026-06-11 11:19:00+00:00,163.15,163.17,163.04,163.04,217.27,44
2026-06-11 11:20:00+00:00,163.11,163.26,163.02,163.04,326.78,123
2026-06-11 11:21:00+00:00,163.11,163.18,163.01,163.14,355.61,88
2026-06-11 11:22:00+00:00,163.13,163.23,163.07,163.12,145.59,64
2026-06-11 11:23:00+00:00,163.08,163.1,162.89,162.98,389.77,100
2026-06-11 11:24:00+00:00,162.93,163.1,162.93,163.09,240.57,53
2026-06-11 11:25:00+00:00,163.09,163.1,162.95,162.95,56.14,29
2026-06-11 11:26:00+00:00,162.94,163.07,162.9,163.03,3917.79,59
2026-06-11 11:27:00+00:00,163.06,163.15,163.03,163.08,2102.89,58
2026-06-11 11:28:00+00:00,163.12,163.23,163.08,163.12,403.85,106
2026-06-11 11:29:00+00:00,163.14,163.29,163.11,163.23,611.83,114
2026-06-11 11:30:00+00:00,163.17,163.4,163.14,163.29,2854.24,148
2026-06-11 11:31:00+00:00,163.26,163.42,163.19,163.2,8534.48,120
2026-06-11 11:32:00+00:00,163.28,163.42,163.27,163.34,516.36,81
2026-06-11 11:33:00+00:00,163.36,163.43,163.31,163.37,421.6,74
2026-06-11 11:34:00+00:00,163.37,163.77,163.32,163.76,466.55,145
2026-06-11 11:35:00+00:00,163.76,163.8,163.67,163.69,147.41,47
2026-06-11 11:36:00+00:00,163.69,163.76,163.64,163.73,165.16,56
2026-06-11 11:37:00+00:00,163.75,163.86,163.7,163.81,674.48,81
2026-06-11 11:38:00+00:00,163.81,163.87,163.7,163.7,253.95,63
2026-06-11 11:39:00+00:00,163.71,163.78,163.55,163.67,142.02,48
2026-06-11 11:40:00+00:00,163.62,163.66,163.38,163.52,475.62,106
2026-06-11 11:41:00+00:00,163.56,163.87,163.54,163.8,749.89,89
2026-06-11 11:42:00+00:00,163.82,163.83,163.67,163.77,301.7,82
2026-06-11 11:43:00+00:00,163.79,163.83,163.74,163.83,401.44,81
2026-06-11 11:44:00+00:00,163.83,163.83,163.41,163.44,194.97,68
2026-06-11 11:45:00+00:00,163.42,163.65,163.4,163.54,178.99,53
2026-06-11 11:46:00+00:00,163.56,163.64,163.51,163.63,336.7,63
2026-06-11 11:47:00+00:00,163.61,163.7,163.52,163.6,383.36,74
2026-06-11 11:48:00+00:00,163.61,163.83,163.61,163.8,598.08,77
2026-06-11 11:49:00+00:00,163.8,163.86,163.75,163.76,467.5,88
2026-06-11 11:50:00+00:00,163.84,163.9,163.74,163.83,644.52,87
2026-06-11 11:51:00+00:00,163.83,164.03,163.82,163.93,601.72,84
2026-06-11 11:52:00+00:00,163.93,164.1,163.88,163.91,215.28,53
2026-06-11 11:53:00+00:00,163.9,164.04,163.9,163.98,354.7,54
2026-06-11 11:54:00+00:00,164.0,164.31,163.98,164.25,1605.55,148
2026-06-11 11:55:00+00:00,164.31,164.58,164.22,164.32,1217.7,170
2026-06-11 11:56:00+00:00,164.33,164.48,164.32,164.41,145.61,46
2026-06-11 11:57:00+00:00,164.4,164.55,164.4,164.5,536.9,74
2026-06-11 11:58:00+00:00,164.46,164.5,164.38,164.41,405.45,81
2026-06-11 11:59:00+00:00,164.41,164.59,164.36,164.53,912.3,113
2026-06-11 12:00:00+00:00,164.54,164.83,164.38,164.67,1043.82,174
2026-06-11 12:01:00+00:00,164.61,164.9,164.31,164.78,2170.75,273
2026-06-11 12:02:00+00:00,164.75,164.75,164.44,164.55,543.31,115
2026-06-11 12:03:00+00:00,164.55,164.57,164.28,164.47,367.15,72
2026-06-11 12:04:00+00:00,164.54,164.59,164.36,164.46,113.8,57
2026-06-11 12:05:00+00:00,164.33,164.6,164.32,164.51,752.29,103
2026-06-11 12:06:00+00:00,164.5,164.58,164.32,164.53,304.84,78
2026-06-11 12:07:00+00:00,164.51,164.65,164.51,164.6,319.17,73
2026-06-11 12:08:00+00:00,164.58,164.75,164.58,164.72,194.78,63
2026-06-11 12:09:00+00:00,164.72,164.79,164.57,164.63,209.81,71
2026-06-11 12:10:00+00:00,164.52,164.64,164.52,164.56,114.28,60
2026-06-11 12:11:00+00:00,164.62,164.75,164.53,164.63,406.11,81
2026-06-11 12:12:00+00:00,164.65,164.73,164.61,164.66,1084.39,118
2026-06-11 12:13:00+00:00,164.66,164.7,164.6,164.62,1021.44,107
2026-06-11 12:14:00+00:00,164.54,164.58,164.33,164.33,228.81,67
2026-06-11 12:15:00+00:00,164.41,164.63,164.24,164.24,407.66,88
2026-06-11 12:16:00+00:00,164.34,164.55,164.26,164.53,330.6,69
2026-06-11 12:17:00+00:00,164.56,164.64,164.51,164.6,298.28,65
2026-06-11 12:18:00+00:00,164.63,164.73,164.58,164.7,181.12,69
2026-06-11 12:19:00+00:00,164.7,164.9,164.7,164.9,422.02,78
2026-06-11 12:20:00+00:00,164.9,164.95,164.56,164.67,551.65,77
2026-06-11 12:21:00+00:00,164.68,164.7,164.54,164.58,175.64,58
2026-06-11 12:22:00+00:00,164.51,164.52,164.2,164.2,201.72,58
2026-06-11 12:23:00+00:00,164.21,164.26,164.15,164.18,665.66,59
2026-06-11 12:24:00+00:00,164.19,164.19,164.06,164.08,897.94,76
2026-06-11 12:25:00+00:00,164.07,164.07,164.05,164.06,1213.56,55
2026-06-11 12:26:00+00:00,164.07,164.53,164.06,164.46,752.03,89
2026-06-11 12:27:00+00:00,164.38,164.84,164.33,164.74,496.87,111
2026-06-11 12:28:00+00:00,164.71,165.01,164.61,164.81,1575.08,110
2026-06-11 12:29:00+00:00,164.81,165.04,164.69,164.99,477.29,90
2026-06-11 12:30:00+00:00,164.97,165.42,164.92,165.16,2326.82,294
2026-06-11 12:31:00+00:00,165.16,165.41,163.55,163.55,7221.75,386
2026-06-11 12:32:00+00:00,165.01,165.01,163.56,164.0,2027.25,307
2026-06-11 12:33:00+00:00,164.0,164.0,163.57,163.58,1278.17,205
2026-06-11 12:34:00+00:00,163.56,163.73,163.12,163.61,585.35,190
2026-06-11 12:35:00+00:00,163.53,163.65,163.04,163.28,900.25,229
2026-06-11 12:36:00+00:00,163.31,163.43,163.11,163.28,314.23,139
2026-06-11 12:37:00+00:00,163.28,163.85,163.13,163.62,2088.65,162
2026-06-11 12:38:00+00:00,163.63,163.8,163.62,163.74,342.14,73
2026-06-11 12:39:00+00:00,163.75,164.02,163.75,164.01,480.37,79
2026-06-11 12:40:00+00:00,164.01,164.4,164.01,164.24,1192.14,173
2026-06-11 12:41:00+00:00,164.24,164.5,164.23,164.36,301.66,75
2026-06-11 12:42:00+00:00,164.35,164.45,164.3,164.34,678.62,79
2026-06-11 12:43:00+00:00,164.34,164.34,164.19,164.19,276.36,42
2026-06-11 12:44:00+00:00,164.2,164.31,164.2,164.31,307.84,47
2026-06-11 12:45:00+00:00,164.33,164.39,164.29,164.38,287.69,49
2026-06-11 12:46:00+00:00,164.39,164.39,164.34,164.39,87.41,54
2026-06-11 12:47:00+00:00,164.39,164.45,164.38,164.44,174.05,64
2026-06-11 12:48:00+00:00,164.43,164.44,164.0,164.01,1386.74,84
2026-06-11 12:49:00+00:00,164.04,164.32,164.0,164.18,293.43,89
2026-06-11 12:50:00+00:00,164.18,164.23,164.0,164.01,138.8,34
2026-06-11 12:51:00+00:00,164.01,164.05,164.0,164.0,142.98,43
2026-06-11 12:52:00+00:00,164.0,164.08,164.0,164.08,390.77,107
2026-06-11 12:53:00+00:00,164.07,164.35,163.96,164.05,1313.45,187
2026-06-11 12:54:00+00:00,164.06,164.27,164.05,164.25,116.08,43
2026-06-11 12:55:00+00:00,164.25,164.34,164.1,164.19,301.23,67
2026-06-11 12:56:00+00:00,164.17,164.23,164.09,164.13,572.73,81
2026-06-11 12:57:00+00:00,164.09,164.17,163.93,164.0,480.15,102
2026-06-11 12:58:00+00:00,164.08,164.27,163.93,164.07,1641.93,180
2026-06-11 12:59:00+00:00,164.09,164.09,163.57,163.99,1548.62,211
2026-06-11 13:00:00+00:00,163.91,164.0,163.5,163.67,1397.07,216
2026-06-11 13:01:00+00:00,163.6,163.64,163.39,163.4,2196.05,112
2026-06-11 13:02:00+00:00,163.39,163.39,163.05,163.16,1169.39,124
2026-06-11 13:03:00+00:00,163.17,163.17,163.09,163.12,372.88,84
2026-06-11 13:04:00+00:00,163.11,163.17,163.0,163.16,815.83,110
2026-06-11 13:05:00+00:00,163.17,163.17,162.1,162.14,1350.94,228
2026-06-11 13:06:00+00:00,162.15,162.48,162.09,162.27,1083.59,240
2026-06-11 13:07:00+00:00,162.39,163.02,162.39,162.8,1213.03,188
2026-06-11 13:08:00+00:00,162.8,162.8,162.31,162.44,956.12,175
2026-06-11 13:09:00+00:00,162.43,162.47,162.29,162.41,305.9,72
2026-06-11 13:10:00+00:00,162.41,162.57,162.41,162.54,199.52,98
2026-06-11 13:11:00+00:00,162.52,162.88,162.48,162.88,824.2,135
2026-06-11 13:12:00+00:00,162.75,162.87,162.05,162.11,1408.73,222
2026-06-11 13:13:00+00:00,162.11,162.28,162.04,162.11,375.54,125
2026-06-11 13:14:00+00:00,162.11,162.46,162.11,162.42,191.9,91
2026-06-11 13:15:00+00:00,162.42,162.84,162.32,162.79,944.2,113
2026-06-11 13:16:00+00:00,162.81,163.92,162.76,163.92,509.51,107
2026-06-11 13:17:00+00:00,163.9,163.9,163.44,163.5,2731.11,125
2026-06-11 13:18:00+00:00,163.46,163.5,163.14,163.2,189.71,52
2026-06-11 13:19:00+00:00,163.24,163.24,162.47,162.5,391.81,107
2026-06-11 13:20:00+00:00,162.5,162.82,162.49,162.69,769.36,116
2026-06-11 13:21:00+00:00,162.69,162.76,162.56,162.58,163.11,65
2026-06-11 13:22:00+00:00,162.57,162.58,162.23,162.58,886.04,119
2026-06-11 13:23:00+00:00,162.64,162.94,162.63,162.85,187.56,90
2026-06-11 13:24:00+00:00,162.85,162.86,162.73,162.78,65.64,43
2026-06-11 13:25:00+00:00,162.8,162.85,162.68,162.83,338.47,117
2026-06-11 13:26:00+00:00,162.83,163.5,162.83,163.5,964.75,157
2026-06-11 13:27:00+00:00,163.51,163.63,163.5,163.56,535.13,160
2026-06-11 13:28:00+00:00,163.51,163.65,163.2,163.5,1887.65,205
2026-06-11 13:29:00+00:00,163.53,163.77,163.5,163.7,222.76,139
2026-06-11 13:30:00+00:00,163.66,163.81,163.51,163.81,435.21,147
2026-06-11 13:31:00+00:00,163.82,164.03,163.8,163.83,918.97,163
2026-06-11 13:32:00+00:00,163.83,164.71,163.74,164.21,925.21,241
2026-06-11 13:33:00+00:00,164.22,165.01,164.11,165.0,3006.56,245
2026-06-11 13:34:00+00:00,165.01,165.01,164.65,164.85,3426.57,249
2026-06-11 13:35:00+00:00,164.84,164.89,164.45,164.55,476.29,139
2026-06-11 13:36:00+00:00,164.55,164.55,164.07,164.2,822.32,144
2026-06-11 13:37:00+00:00,164.2,164.61,164.2,164.27,565.09,143
2026-06-11 13:38:00+00:00,164.28,165.11,164.19,164.57,5127.96,409
2026-06-11 13:39:00+00:00,164.66,164.75,164.51,164.74,1878.02,191
2026-06-11 13:40:00+00:00,164.73,165.0,164.7,164.97,327.78,110
2026-06-11 13:41:00+00:00,165.0,165.0,164.83,164.94,1273.59,120
2026-06-11 13:42:00+00:00,164.97,165.0,164.89,164.99,274.75,97
2026-06-11 13:43:00+00:00,165.0,165.09,164.93,164.98,356.07,94
2026-06-11 13:44:00+00:00,165.04,165.1,164.95,164.95,1107.38,147
2026-06-11 13:45:00+00:00,164.96,164.96,164.69,164.72,1175.06,147
2026-06-11 13:46:00+00:00,164.8,164.8,163.91,164.18,266.33,141
2026-06-11 13:47:00+00:00,164.19,164.68,164.19,164.32,670.82,127
2026-06-11 13:48:00+00:00,164.32,164.49,164.32,164.47,130.24,44
2026-06-11 13:49:00+00:00,164.47,164.6,164.46,164.59,29.33,34
2026-06-11 13:50:00+00:00,164.59,164.64,164.59,164.59,479.77,63
2026-06-11 13:51:00+00:00,164.59,164.59,164.5,164.56,568.82,71
2026-06-11 13:52:00+00:00,164.58,164.65,164.49,164.5,256.49,67
2026-06-11 13:53:00+00:00,164.5,164.55,164.49,164.5,167.37,66
2026-06-11 13:54:00+00:00,164.5,164.57,164.21,164.28,449.55,77
2026-06-11 13:55:00+00:00,164.29,164.32,163.5,163.67,345.06,110
2026-06-11 13:56:00+00:00,163.66,163.96,163.65,163.8,259.66,98
2026-06-11 13:57:00+00:00,163.87,164.3,163.74,164.2,683.46,181
2026-06-11 13:58:00+00:00,164.2,164.5,164.13,164.5,263.53,125
2026-06-11 13:59:00+00:00,164.5,164.52,164.36,164.45,772.87,120
2026-06-11 14:00:00+00:00,164.47,164.64,164.3,164.45,295.17,86
2026-06-11 14:01:00+00:00,164.43,164.5,164.33,164.49,262.55,75
2026-06-11 14:02:00+00:00,164.49,164.5,164.25,164.44,656.0,79
2026-06-11 14:03:00+00:00,164.45,164.67,164.36,164.54,584.84,105
2026-06-11 14:04:00+00:00,164.58,164.81,164.57,164.77,344.54,77
2026-06-11 14:05:00+00:00,164.77,165.01,164.72,164.94,604.59,119
2026-06-11 14:06:00+00:00,164.95,165.13,164.83,165.01,574.41,105
2026-06-11 14:07:00+00:00,165.09,165.13,164.97,164.98,193.78,101
2026-06-11 14:08:00+00:00,165.0,165.41,164.86,165.31,1053.58,171
2026-06-11 14:09:00+00:00,165.36,165.41,165.14,165.14,764.91,146
2026-06-11 14:10:00+00:00,165.27,165.41,164.61,164.74,1017.9,235
2026-06-11 14:11:00+00:00,164.78,164.91,164.67,164.86,374.42,90
2026-06-11 14:12:00+00:00,164.85,164.86,164.62,164.73,442.28,91
2026-06-11 14:13:00+00:00,164.72,164.98,164.68,164.89,369.91,87
2026-06-11 14:14:00+00:00,164.91,165.02,164.82,164.92,274.63,104
2026-06-11 14:15:00+00:00,164.92,165.3,164.85,165.12,123.3,67
2026-06-11 14:16:00+00:00,165.1,165.3,165.01,165.04,253.36,96
2026-06-11 14:17:00+00:00,165.11,165.39,164.99,165.29,321.03,109
2026-06-11 14:18:00+00:00,165.36,165.58,165.29,165.31,354.12,144
2026-06-11 14:19:00+00:00,165.47,165.7,165.29,165.58,581.59,187
2026-06-11 14:20:00+00:00,165.69,165.7,165.32,165.32,870.11,152
2026-06-11 14:21:00+00:00,165.39,165.46,165.19,165.4,634.5,195
2026-06-11 14:22:00+00:00,165.42,165.7,165.32,165.59,475.83,155
2026-06-11 14:23:00+00:00,165.59,165.7,165.55,165.62,555.13,107
2026-06-11 14:24:00+00:00,165.62,165.7,165.56,165.62,224.28,131
2026-06-11 14:25:00+00:00,165.69,165.69,165.55,165.68,169.8,154
2026-06-11 14:26:00+00:00,165.67,165.7,165.55,165.58,622.96,155
2026-06-11 14:27:00+00:00,165.58,165.64,165.45,165.59,577.66,147
2026-06-11 14:28:00+00:00,165.56,165.77,165.51,165.67,377.53,163
2026-06-11 14:29:00+00:00,165.72,165.77,165.57,165.61,216.74,161
2026-06-11 14:30:00+00:00,165.68,165.8,165.57,165.66,475.6,159
2026-06-11 14:31:00+00:00,165.69,165.83,165.65,165.8,382.67,183
2026-06-11 14:32:00+00:00,165.82,166.0,165.8,165.91,580.21,145
2026-06-11 14:33:00+00:00,165.91,166.0,165.85,165.86,811.43,121
2026-06-11 14:34:00+00:00,165.9,165.9,165.58,165.72,496.35,119
2026-06-11 14:35:00+00:00,165.69,165.73,164.76,164.94,484.28,144
2026-06-11 14:36:00+00:00,164.93,165.25,164.78,165.23,1112.55,125
2026-06-11 14:37:00+00:00,165.23,165.3,165.03,165.14,475.4,140
2026-06-11 14:38:00+00:00,165.13,165.41,165.09,165.4,1744.64,140
2026-06-11 14:39:00+00:00,165.41,165.66,165.4,165.58,409.65,162
2026-06-11 14:40:00+00:00,165.59,165.62,165.43,165.62,421.21,126
2026-06-11 14:41:00+00:00,165.57,165.85,165.56,165.78,435.93,99
2026-06-11 14:42:00+00:00,165.78,165.86,165.77,165.82,173.88,60
2026-06-11 14:43:00+00:00,165.83,165.88,165.66,165.73,387.02,87
2026-06-11 14:44:00+00:00,165.69,165.81,165.55,165.7,328.46,102
2026-06-11 14:45:00+00:00,165.7,165.78,165.58,165.78,375.65,76
2026-06-11 14:46:00+00:00,165.77,165.88,165.6,165.6,646.69,122
2026-06-11 14:47:00+00:00,165.7,165.79,165.4,165.76,317.94,100
2026-06-11 14:48:00+00:00,165.76,165.76,165.48,165.7,142.79,73
2026-06-11 14:49:00+00:00,165.69,165.7,165.57,165.66,222.07,68
2026-06-11 14:50:00+00:00,165.62,165.66,165.54,165.61,281.29,62
2026-06-11 14:51:00+00:00,165.61,165.62,165.34,165.34,180.0,69
2026-06-11 14:52:00+00:00,165.34,165.6,165.08,165.6,1048.61,173
2026-06-11 14:53:00+00:00,165.47,165.75,165.36,165.75,709.52,129
2026-06-11 14:54:00+00:00,165.75,165.8,165.68,165.8,238.89,69
2026-06-11 14:55:00+00:00,165.8,165.8,165.63,165.71,200.15,67
2026-06-11 14:56:00+00:00,165.71,165.85,165.57,165.7,286.12,102
2026-06-11 14:57:00+00:00,165.75,165.8,165.65,165.78,187.68,69
2026-06-11 14:58:00+00:00,165.79,165.85,165.74,165.8,345.55,75
2026-06-11 14:59:00+00:00,165.8,165.81,165.68,165.76,383.72,69
2026-06-11 15:00:00+00:00,165.78,165.83,165.55,165.56,680.11,140
2026-06-11 15:01:00+00:00,165.64,165.73,165.42,165.62,87.95,53
2026-06-11 15:02:00+00:00,165.69,165.75,165.56,165.67,191.0,71
2026-06-11 15:03:00+00:00,165.67,165.87,165.57,165.8,429.03,82
2026-06-11 15:04:00+00:00,165.81,165.9,165.8,165.9,667.37,69
2026-06-11 15:05:00+00:00,165.9,165.9,165.66,165.67,533.1,144
2026-06-11 15:06:00+00:00,165.68,165.9,165.68,165.87,676.53,97
2026-06-11 15:07:00+00:00,165.87,166.06,165.87,165.94,439.65,88
2026-06-11 15:08:00+00:00,165.97,165.97,165.76,165.81,833.67,89
2026-06-11 15:09:00+00:00,165.81,166.0,165.8,165.99,344.24,59
2026-06-11 15:10:00+00:00,165.96,166.08,165.96,166.08,56.69,37
2026-06-11 15:11:00+00:00,166.08,166.08,165.93,166.02,79.0,54
2026-06-11 15:12:00+00:00,166.06,166.08,166.01,166.08,337.16,64
2026-06-11 15:13:00+00:00,166.08,166.14,165.98,166.13,748.05,109
2026-06-11 15:14:00+00:00,166.13,166.16,166.02,166.16,251.1,87
2026-06-11 15:15:00+00:00,166.17,166.24,166.14,166.24,507.4,115
2026-06-11 15:16:00+00:00,166.24,166.47,166.24,166.43,511.2,158
2026-06-11 15:17:00+00:00,166.43,166.78,166.38,166.78,587.46,185
2026-06-11 15:18:00+00:00,166.72,167.1,166.69,166.81,1982.38,171
2026-06-11 15:19:00+00:00,166.81,167.5,166.81,167.45,997.97,170
2026-06-11 15:20:00+00:00,167.42,168.0,167.39,168.0,3853.68,273
2026-06-11 15:21:00+00:00,168.0,168.18,167.99,168.14,3803.83,389
2026-06-11 15:22:00+00:00,168.14,168.4,167.99,168.27,3251.68,293
2026-06-11 15:23:00+00:00,168.12,168.4,167.75,168.0,974.39,220
2026-06-11 15:24:00+00:00,168.02,168.4,167.53,167.82,1251.63,228
2026-06-11 15:25:00+00:00,167.81,168.12,167.33,167.36,686.86,226
2026-06-11 15:26:00+00:00,167.4,168.01,167.39,168.01,477.91,155
2026-06-11 15:27:00+00:00,168.01,168.26,167.4,167.71,883.28,164
2026-06-11 15:28:00+00:00,167.55,168.32,167.51,168.13,1001.5,221
2026-06-11 15:29:00+00:00,168.12,168.63,167.9,168.48,1464.68,281
2026-06-11 15:30:00+00:00,168.48,168.61,168.38,168.41,963.5,127
2026-06-11 15:31:00+00:00,168.39,168.47,167.85,167.88,414.3,113
2026-06-11 15:32:00+00:00,167.88,168.44,167.88,168.17,663.72,128
2026-06-11 15:33:00+00:00,168.24,168.43,167.58,167.58,461.96,124
2026-06-11 15:34:00+00:00,167.61,167.95,167.51,167.91,432.48,117
2026-06-11 15:35:00+00:00,167.92,168.34,167.9,168.34,242.59,79
2026-06-11 15:36:00+00:00,168.34,168.52,168.27,168.51,863.64,115
2026-06-11 15:37:00+00:00,168.51,168.66,167.81,168.14,2068.69,170
2026-06-11 15:38:00+00:00,168.13,168.37,167.88,168.23,363.38,113
2026-06-11 15:39:00+00:00,168.08,168.37,168.08,168.23,862.89,129
2026-06-11 15:40:00+00:00,168.23,168.49,168.22,168.48,411.29,100
2026-06-11 15:41:00+00:00,168.48,168.49,168.15,168.28,609.42,99
2026-06-11 15:42:00+00:00,168.28,168.28,168.0,168.12,381.48,107
2026-06-11 15:43:00+00:00,168.12,168.18,167.93,168.02,423.6,85
2026-06-11 15:44:00+00:00,168.02,168.02,167.5,167.61,974.48,151
2026-06-11 15:45:00+00:00,167.62,168.02,167.44,167.97,550.46,177
2026-06-11 15:46:00+00:00,167.98,168.37,167.58,167.99,1701.96,294
2026-06-11 15:47:00+00:00,167.99,168.1,167.42,167.65,1375.9,280
2026-06-11 15:48:00+00:00,167.59,167.82,167.42,167.74,745.39,206
2026-06-11 15:49:00+00:00,167.7,167.87,167.2,167.2,1471.8,217
2026-06-11 15:50:00+00:00,167.24,167.27,166.27,166.6,794.85,191
2026-06-11 15:51:00+00:00,166.68,167.03,166.47,167.03,509.59,153
2026-06-11 15:52:00+00:00,167.03,167.05,166.68,166.78,1047.72,184
2026-06-11 15:53:00+00:00,166.78,166.97,166.41,166.73,505.93,146
2026-06-11 15:54:00+00:00,166.73,167.48,166.72,167.26,2411.86,331
2026-06-11 15:55:00+00:00,167.23,167.76,167.06,167.29,3264.36,273
2026-06-11 15:56:00+00:00,167.29,167.29,166.98,167.04,223.85,80
2026-06-11 15:57:00+00:00,167.04,167.3,166.97,167.22,759.84,159
2026-06-11 15:58:00+00:00,167.22,167.22,167.0,167.06,426.39,101
2026-06-11 15:59:00+00:00,167.07,167.32,167.07,167.2,1336.8,176
2026-06-11 16:00:00+00:00,167.19,167.41,167.17,167.29,374.09,119
2026-06-11 16:01:00+00:00,167.28,167.28,166.96,167.11,884.02,148
2026-06-11 16:02:00+00:00,167.13,167.24,166.84,167.2,959.12,138
2026-06-11 16:03:00+00:00,167.21,167.21,166.6,166.73,568.1,143
2026-06-11 16:04:00+00:00,166.76,167.05,166.37,166.43,288.77,90
2026-06-11 16:05:00+00:00,166.43,166.46,165.8,166.24,1458.28,179
2026-06-11 16:06:00+00:00,166.37,166.37,165.8,165.8,399.29,147
2026-06-11 16:07:00+00:00,165.94,166.49,165.83,166.27,683.41,179
2026-06-11 16:08:00+00:00,166.34,166.89,166.34,166.85,408.61,123
2026-06-11 16:09:00+00:00,166.85,167.17,166.66,166.7,604.76,211
2026-06-11 16:10:00+00:00,166.77,167.02,166.72,166.94,248.57,144
2026-06-11 16:11:00+00:00,166.94,167.7,166.87,167.4,768.37,198
2026-06-11 16:12:00+00:00,167.47,167.58,167.37,167.44,381.9,173
2026-06-11 16:13:00+00:00,167.44,167.44,166.59,166.7,947.2,223
2026-06-11 16:14:00+00:00,166.73,166.87,166.62,166.83,368.01,104
2026-06-11 16:15:00+00:00,166.79,166.91,166.59,166.87,414.51,112
2026-06-11 16:16:00+00:00,166.94,167.23,166.91,167.05,160.59,109
2026-06-11 16:17:00+00:00,167.1,167.1,166.8,166.9,355.79,89
2026-06-11 16:18:00+00:00,166.82,166.96,166.59,166.81,220.0,114
2026-06-11 16:19:00+00:00,166.81,167.0,166.79,166.79,617.82,161
2026-06-11 16:20:00+00:00,166.86,167.07,166.77,167.04,417.38,123
2026-06-11 16:21:00+00:00,167.03,167.4,167.03,167.32,735.13,131
2026-06-11 16:22:00+00:00,167.31,167.35,167.01,167.09,381.11,123
2026-06-11 16:23:00+00:00,167.05,167.08,166.88,167.04,348.61,109
2026-06-11 16:24:00+00:00,167.04,167.4,166.9,167.04,590.91,189
2026-06-11 16:25:00+00:00,167.13,167.13,166.5,166.58,265.47,123
2026-06-11 16:26:00+00:00,166.59,166.94,166.59,166.91,108.92,66
2026-06-11 16:27:00+00:00,166.91,167.17,166.83,167.01,388.51,148
2026-06-11 16:28:00+00:00,167.01,167.05,166.9,167.0,298.64,125
2026-06-11 16:29:00+00:00,167.0,167.21,166.94,167.07,205.76,97
2026-06-11 16:30:00+00:00,167.04,167.19,166.85,167.12,525.27,149
2026-06-11 16:31:00+00:00,167.05,167.12,167.05,167.1,547.65,92
2026-06-11 16:32:00+00:00,167.07,167.09,166.84,167.0,225.81,92
2026-06-11 16:33:00+00:00,167.0,167.01,166.73,166.73,206.83,72
2026-06-11 16:34:00+00:00,166.73,166.73,166.33,166.41,648.64,106
2026-06-11 16:35:00+00:00,166.38,166.83,166.36,166.74,626.31,127
2026-06-11 16:36:00+00:00,166.73,167.0,166.6,167.0,520.15,152
2026-06-11 16:37:00+00:00,166.85,166.85,166.13,166.32,1254.69,232
2026-06-11 16:38:00+00:00,166.32,166.53,166.22,166.22,357.88,99
2026-06-11 16:39:00+00:00,166.2,166.42,165.9,166.33,860.67,165
2026-06-11 16:40:00+00:00,166.32,166.39,166.16,166.33,375.23,115
2026-06-11 16:41:00+00:00,166.36,166.42,166.16,166.26,641.53,104
2026-06-11 16:42:00+00:00,166.32,166.42,165.86,165.86,1503.32,209
2026-06-11 16:43:00+00:00,165.85,166.2,165.85,166.12,471.19,95
2026-06-11 16:44:00+00:00,166.12,166.12,165.85,165.89,152.91,55
2026-06-11 16:45:00+00:00,165.89,166.1,165.78,165.98,421.3,111
2026-06-11 16:46:00+00:00,166.02,166.42,166.01,166.34,341.99,75
2026-06-11 16:47:00+00:00,166.35,166.42,166.02,166.32,745.16,144
2026-06-11 16:48:00+00:00,166.35,166.91,166.35,166.86,453.6,87
2026-06-11 16:49:00+00:00,166.94,167.06,166.75,166.87,467.01,137
2026-06-11 16:50:00+00:00,166.95,167.1,166.71,166.95,874.8,191
2026-06-11 16:51:00+00:00,166.94,167.37,166.94,167.24,642.71,169
2026-06-11 16:52:00+00:00,167.25,167.5,167.2,167.38,754.86,217
2026-06-11 16:53:00+00:00,167.35,167.5,167.27,167.34,414.18,138
2026-06-11 16:54:00+00:00,167.34,167.6,167.27,167.5,767.96,190
2026-06-11 16:55:00+00:00,167.51,167.67,167.5,167.54,731.81,155
2026-06-11 16:56:00+00:00,167.51,167.69,167.5,167.51,588.77,130
2026-06-11 16:57:00+00:00,167.51,167.77,167.5,167.65,2137.66,198
2026-06-11 16:58:00+00:00,167.66,167.99,167.63,167.81,953.39,192
2026-06-11 16:59:00+00:00,167.81,167.97,167.5,167.5,574.37,213
2026-06-11 17:00:00+00:00,167.5,167.72,167.46,167.52,202.0,110
2026-06-11 17:01:00+00:00,167.51,167.7,167.39,167.46,658.22,150
2026-06-11 17:02:00+00:00,167.45,167.52,167.21,167.37,479.21,134
2026-06-11 17:03:00+00:00,167.37,167.43,167.17,167.28,303.53,111
2026-06-11 17:04:00+00:00,167.25,167.47,167.25,167.35,294.41,131
2026-06-11 17:05:00+00:00,167.35,167.53,167.3,167.5,224.84,110
2026-06-11 17:06:00+00:00,167.34,167.62,167.34,167.54,617.37,156
2026-06-11 17:07:00+00:00,167.53,167.9,167.47,167.83,1036.24,172
2026-06-11 17:08:00+00:00,167.83,167.9,167.63,167.71,660.92,157
2026-06-11 17:09:00+00:00,167.69,168.1,167.69,168.05,775.03,180
2026-06-11 17:10:00+00:00,168.03,168.2,167.96,168.16,647.89,151
2026-06-11 17:11:00+00:00,168.15,168.2,167.95,168.09,874.47,186
2026-06-11 17:12:00+00:00,168.14,168.22,168.12,168.18,492.75,103
2026-06-11 17:13:00+00:00,168.1,168.3,168.1,168.2,383.5,95
2026-06-11 17:14:00+00:00,168.25,168.45,168.19,168.45,828.24,181
2026-06-11 17:15:00+00:00,168.37,168.6,168.34,168.44,733.73,212
2026-06-11 17:16:00+00:00,168.44,168.75,168.43,168.65,902.26,212
2026-06-11 17:17:00+00:00,168.6,168.76,168.35,168.61,1093.55,253
2026-06-11 17:18:00+00:00,168.59,168.72,167.82,167.98,890.33,142
2026-06-11 17:19:00+00:00,167.87,167.94,167.37,167.41,928.23,170
2026-06-11 17:20:00+00:00,167.44,167.5,166.94,167.0,3329.49,267
2026-06-11 17:21:00+00:00,166.96,167.0,166.6,166.8,1443.79,334
2026-06-11 17:22:00+00:00,166.8,167.0,166.67,166.87,1559.18,225
2026-06-11 17:23:00+00:00,166.87,167.09,166.83,167.06,938.47,191
2026-06-11 17:24:00+00:00,167.09,167.58,166.92,167.32,2541.74,287
2026-06-11 17:25:00+00:00,167.32,167.98,167.32,167.85,1460.76,236
2026-06-11 17:26:00+00:00,167.85,168.01,167.84,167.92,355.79,99
2026-06-11 17:27:00+00:00,167.91,168.12,167.65,167.7,415.65,151
2026-06-11 17:28:00+00:00,167.7,167.9,167.47,167.84,368.75,104
2026-06-11 17:29:00+00:00,167.87,168.1,167.85,167.99,328.62,98
2026-06-11 17:30:00+00:00,167.99,168.24,167.95,168.18,322.52,113
2026-06-11 17:31:00+00:00,168.18,168.5,168.18,168.33,834.69,176
2026-06-11 17:32:00+00:00,168.39,168.59,168.22,168.38,813.8,169
2026-06-11 17:33:00+00:00,168.48,168.62,168.21,168.29,449.74,135
2026-06-11 17:34:00+00:00,168.31,168.39,167.89,167.93,1074.01,167
2026-06-11 17:35:00+00:00,168.03,168.07,167.72,167.83,854.23,152
2026-06-11 17:36:00+00:00,167.82,167.98,167.68,167.97,956.25,147
2026-06-11 17:37:00+00:00,167.97,168.1,167.86,168.09,663.76,143
2026-06-11 17:38:00+00:00,168.05,168.07,167.96,168.0,1217.87,164
2026-06-11 17:39:00+00:00,168.0,168.7,167.97,168.2,1943.71,235
2026-06-11 17:40:00+00:00,168.2,168.36,168.02,168.2,556.72,134
2026-06-11 17:41:00+00:00,168.2,168.49,168.19,168.36,493.56,172
2026-06-11 17:42:00+00:00,168.35,168.56,168.32,168.41,890.63,152
2026-06-11 17:43:00+00:00,168.41,168.66,168.28,168.46,902.7,132
2026-06-11 17:44:00+00:00,168.49,168.6,168.35,168.54,394.28,138
2026-06-11 17:45:00+00:00,168.59,168.6,168.29,168.45,779.08,209
2026-06-11 17:46:00+00:00,168.57,168.64,168.4,168.46,543.47,157
2026-06-11 17:47:00+00:00,168.47,168.8,168.38,168.55,1619.26,242
2026-06-11 17:48:00+00:00,168.58,168.8,168.49,168.64,1229.98,201
2026-06-11 17:49:00+00:00,168.73,168.81,168.61,168.66,626.83,156
2026-06-11 17:50:00+00:00,168.71,168.8,168.61,168.7,577.31,137
2026-06-11 17:51:00+00:00,168.76,168.91,168.7,168.78,789.04,201
2026-06-11 17:52:00+00:00,168.81,169.0,168.79,168.99,345.78,160
2026-06-11 17:53:00+00:00,169.0,169.1,168.94,168.95,650.76,194
2026-06-11 17:54:00+00:00,169.08,169.11,168.96,169.02,480.68,128
2026-06-11 17:55:00+00:00,169.03,169.2,168.86,168.97,703.67,211
2026-06-11 17:56:00+00:00,168.98,170.0,168.98,169.3,6792.27,408
2026-06-11 17:57:00+00:00,169.3,169.8,169.15,169.65,1375.16,313
2026-06-11 17:58:00+00:00,169.67,169.8,169.31,169.57,1101.6,257
2026-06-11 17:59:00+00:00,169.58,169.6,169.44,169.45,430.49,151
2026-06-11 18:00:00+00:00,169.51,169.6,169.22,169.27,1131.76,167
2026-06-11 18:01:00+00:00,169.32,169.32,168.97,169.16,531.66,174
2026-06-11 18:02:00+00:00,169.28,169.44,169.14,169.38,720.48,130
2026-06-11 18:03:00+00:00,169.38,169.44,169.29,169.32,478.47,110
2026-06-11 18:04:00+00:00,169.4,169.4,168.64,168.7,1398.08,227
2026-06-11 18:05:00+00:00,168.7,168.7,168.11,168.13,215.14,141
2026-06-11 18:06:00+00:00,168.23,168.48,168.12,168.17,766.08,121
2026-06-11 18:07:00+00:00,168.25,168.37,167.81,167.88,781.7,168
2026-06-11 18:08:00+00:00,167.79,168.0,167.65,167.87,130.09,79
2026-06-11 18:09:00+00:00,167.87,167.9,167.51,167.51,233.38,77
2026-06-11 18:10:00+00:00,167.73,167.73,167.51,167.66,1146.12,135
2026-06-11 18:11:00+00:00,167.66,167.8,167.51,167.7,255.57,84
2026-06-11 18:12:00+00:00,167.7,167.7,167.51,167.52,937.29,119
2026-06-11 18:13:00+00:00,167.52,167.7,167.52,167.62,590.78,158
2026-06-11 18:14:00+00:00,167.7,167.7,167.65,167.7,606.86,76
2026-06-11 18:15:00+00:00,167.7,167.8,167.59,167.59,264.17,94
2026-06-11 18:16:00+00:00,167.64,167.8,167.59,167.71,302.11,88
2026-06-11 18:17:00+00:00,167.8,167.8,167.61,167.61,334.09,98
2026-06-11 18:18:00+00:00,167.7,167.9,167.64,167.89,521.1,90
2026-06-11 18:19:00+00:00,167.88,168.0,167.81,168.0,346.57,67
2026-06-11 18:20:00+00:00,167.98,168.11,167.88,167.98,850.43,89
2026-06-11 18:21:00+00:00,168.09,168.52,168.0,168.3,486.02,132
2026-06-11 18:22:00+00:00,168.37,168.43,168.12,168.23,512.87,148
2026-06-11 18:23:00+00:00,168.25,168.25,168.01,168.05,383.12,112
2026-06-11 18:24:00+00:00,168.12,168.46,168.01,168.41,893.45,164
2026-06-11 18:25:00+00:00,168.41,168.56,168.37,168.39,438.91,134
2026-06-11 18:26:00+00:00,168.42,168.63,168.18,168.18,2192.98,277
2026-06-11 18:27:00+00:00,168.19,168.61,168.01,168.25,1418.17,263
2026-06-11 18:28:00+00:00,168.21,168.25,168.08,168.12,443.71,118
2026-06-11 18:29:00+00:00,168.18,168.5,168.15,168.36,552.22,139
2026-06-11 18:30:00+00:00,168.36,168.63,168.2,168.2,734.39,197
2026-06-11 18:31:00+00:00,168.21,168.21,168.01,168.01,1562.75,168
2026-06-11 18:32:00+00:00,168.09,168.75,168.01,168.41,1492.02,316
2026-06-11 18:33:00+00:00,168.48,168.72,168.31,168.34,578.01,188
2026-06-11 18:34:00+00:00,168.39,168.64,168.34,168.34,598.08,201
2026-06-11 18:35:00+00:00,168.34,168.45,167.8,167.8,893.44,204
2026-06-11 18:36:00+00:00,167.86,167.99,167.5,167.59,521.23,162
2026-06-11 18:37:00+00:00,167.63,167.88,167.5,167.66,437.67,167
2026-06-11 18:38:00+00:00,167.75,168.38,167.64,167.86,1201.58,268
2026-06-11 18:39:00+00:00,167.85,167.85,167.48,167.48,494.89,147
2026-06-11 18:40:00+00:00,167.55,167.73,167.43,167.6,449.94,117
2026-06-11 18:41:00+00:00,167.71,167.71,167.19,167.19,470.1,142
2026-06-11 18:42:00+00:00,167.23,167.23,166.76,166.76,1028.07,162
2026-06-11 18:43:00+00:00,166.76,166.89,166.6,166.67,285.75,144
2026-06-11 18:44:00+00:00,166.71,166.83,166.57,166.69,313.99,115
2026-06-11 18:45:00+00:00,166.72,167.22,166.58,166.89,891.66,244
2026-06-11 18:46:00+00:00,166.84,167.4,166.81,166.91,541.7,223
2026-06-11 18:47:00+00:00,166.93,167.12,166.68,166.92,590.62,168
2026-06-11 18:48:00+00:00,166.89,167.25,166.89,167.22,340.15,119
2026-06-11 18:49:00+00:00,167.23,167.28,167.04,167.16,492.09,150
2026-06-11 18:50:00+00:00,167.13,167.27,166.75,166.75,235.86,91
2026-06-11 18:51:00+00:00,166.89,167.07,166.75,166.76,282.67,112
2026-06-11 18:52:00+00:00,166.85,167.0,166.71,166.79,426.15,139
2026-06-11 18:53:00+00:00,167.0,167.08,166.82,166.82,393.44,105
2026-06-11 18:54:00+00:00,166.88,167.49,166.82,167.11,1059.23,206
2026-06-11 18:55:00+00:00,166.95,167.22,166.92,167.09,465.64,174
2026-06-11 18:56:00+00:00,167.08,167.67,167.01,167.21,920.6,244
2026-06-11 18:57:00+00:00,167.32,167.32,167.06,167.23,300.4,103
2026-06-11 18:58:00+00:00,167.18,167.25,167.07,167.07,445.12,92
2026-06-11 18:59:00+00:00,167.18,167.18,167.03,167.06,109.5,69
2026-06-11 19:00:00+00:00,167.04,167.11,166.84,166.85,329.19,111
2026-06-11 19:01:00+00:00,166.95,167.11,166.83,167.07,322.8,103
2026-06-11 19:02:00+00:00,167.07,167.21,167.03,167.03,171.59,71
2026-06-11 19:03:00+00:00,167.1,167.25,166.82,166.82,803.44,173
2026-06-11 19:04:00+00:00,166.82,167.25,166.63,166.75,926.79,176
2026-06-11 19:05:00+00:00,166.75,166.92,166.72,166.91,222.49,60
2026-06-11 19:06:00+00:00,166.98,167.26,166.9,167.1,658.24,129
2026-06-11 19:07:00+00:00,167.23,167.43,167.0,167.23,671.87,189
2026-06-11 19:08:00+00:00,167.35,167.35,167.2,167.2,454.38,142
2026-06-11 19:09:00+00:00,167.23,167.48,167.21,167.24,332.46,147
2026-06-11 19:10:00+00:00,167.35,167.5,167.2,167.37,645.08,173
2026-06-11 19:11:00+00:00,167.32,167.37,166.8,166.81,1087.02,176
2026-06-11 19:12:00+00:00,166.94,167.18,166.55,166.66,891.64,213
2026-06-11 19:13:00+00:00,166.75,166.88,166.5,166.56,321.34,97
2026-06-11 19:14:00+00:00,166.56,166.7,166.5,166.5,506.69,123
2026-06-11 19:15:00+00:00,166.5,166.55,166.07,166.07,1035.2,204
2026-06-11 19:16:00+00:00,166.07,166.07,164.68,164.79,3000.82,427
2026-06-11 19:17:00+00:00,164.8,165.22,164.53,164.55,1645.24,323
2026-06-11 19:18:00+00:00,164.72,165.15,164.52,164.78,905.41,248
2026-06-11 19:19:00+00:00,164.78,164.8,164.01,164.22,1811.02,202
2026-06-11 19:20:00+00:00,164.25,164.64,164.0,164.2,1638.18,149
2026-06-11 19:21:00+00:00,164.3,164.88,164.2,164.84,480.75,88
2026-06-11 19:22:00+00:00,164.75,165.36,164.75,165.21,941.95,167
2026-06-11 19:23:00+00:00,165.21,165.35,164.99,165.09,1081.7,136
2026-06-11 19:24:00+00:00,165.01,165.2,165.0,165.04,133.19,64
2026-06-11 19:25:00+00:00,165.03,165.27,164.99,165.1,304.89,92
2026-06-11 19:26:00+00:00,165.15,165.59,165.07,165.59,675.98,119
2026-06-11 19:27:00+00:00,165.59,165.8,165.54,165.79,428.39,88
2026-06-11 19:28:00+00:00,165.79,165.97,165.69,165.94,843.19,123
2026-06-11 19:29:00+00:00,165.82,166.04,165.82,166.02,219.99,70
2026-06-11 19:30:00+00:00,165.9,166.13,165.81,165.9,721.83,120
2026-06-11 19:31:00+00:00,165.85,166.15,165.81,166.05,470.57,116
2026-06-11 19:32:00+00:00,166.05,166.28,165.91,166.03,655.52,140
2026-06-11 19:33:00+00:00,166.03,166.5,165.89,166.5,185.66,90
2026-06-11 19:34:00+00:00,166.37,166.68,166.31,166.31,473.76,106
2026-06-11 19:35:00+00:00,166.27,166.45,166.11,166.21,379.37,131
2026-06-11 19:36:00+00:00,166.21,166.62,166.1,166.62,232.25,95
2026-06-11 19:37:00+00:00,166.53,167.49,166.33,167.01,1553.99,274
2026-06-11 19:38:00+00:00,167.06,167.5,166.97,167.27,918.57,271
2026-06-11 19:39:00+00:00,167.14,167.5,166.77,166.94,602.03,179
2026-06-11 19:40:00+00:00,167.01,167.14,166.85,166.97,335.0,123
2026-06-11 19:41:00+00:00,166.97,167.37,166.85,167.17,433.23,162
2026-06-11 19:42:00+00:00,167.17,167.34,167.06,167.17,444.42,133
2026-06-11 19:43:00+00:00,167.08,167.27,166.99,167.0,421.85,142
2026-06-11 19:44:00+00:00,167.0,167.06,166.79,166.89,457.75,97
2026-06-11 19:45:00+00:00,166.79,166.9,166.53,166.53,411.42,98
2026-06-11 19:46:00+00:00,166.63,166.89,166.53,166.89,251.93,79
2026-06-11 19:47:00+00:00,166.86,166.9,166.49,166.55,273.08,83
2026-06-11 19:48:00+00:00,166.62,166.67,166.48,166.64,42.45,45
2026-06-11 19:49:00+00:00,166.73,166.79,166.52,166.6,272.9,94
2026-06-11 19:50:00+00:00,166.71,166.78,166.55,166.64,149.88,85
2026-06-11 19:51:00+00:00,166.5,166.9,166.44,166.72,772.53,182
2026-06-11 19:52:00+00:00,166.67,166.9,166.65,166.88,230.37,71
2026-06-11 19:53:00+00:00,166.87,166.9,166.73,166.87,144.15,54
2026-06-11 19:54:00+00:00,166.88,167.0,166.76,166.9,609.74,87
2026-06-11 19:55:00+00:00,166.9,167.07,166.72,167.04,234.62,98
2026-06-11 19:56:00+00:00,167.14,167.14,166.57,166.78,221.29,89
2026-06-11 19:57:00+00:00,166.77,166.82,166.49,166.75,291.46,99
2026-06-11 19:58:00+00:00,166.74,167.41,166.59,167.06,1959.58,257
2026-06-11 19:59:00+00:00,167.1,167.43,167.05,167.34,1201.06,339
2026-06-11 20:00:00+00:00,167.35,167.57,166.84,167.06,1214.0,271
2026-06-11 20:01:00+00:00,166.87,167.59,166.84,167.47,978.05,178
2026-06-11 20:02:00+00:00,167.45,167.59,167.32,167.39,272.8,91
2026-06-11 20:03:00+00:00,167.3,167.52,167.25,167.44,315.78,100
2026-06-11 20:04:00+00:00,167.37,167.56,167.26,167.36,305.66,126
2026-06-11 20:05:00+00:00,167.4,167.49,167.32,167.44,172.02,98
2026-06-11 20:06:00+00:00,167.42,167.58,167.4,167.52,98.15,85
2026-06-11 20:07:00+00:00,167.54,167.81,167.52,167.77,285.96,107
2026-06-11 20:08:00+00:00,167.61,167.83,167.59,167.76,354.71,143
2026-06-11 20:09:00+00:00,167.66,167.83,167.62,167.68,309.28,131
2026-06-11 20:10:00+00:00,167.68,167.93,167.61,167.75,311.63,143
2026-06-11 20:11:00+00:00,167.68,167.92,167.6,167.73,254.44,119
2026-06-11 20:12:00+00:00,167.71,167.82,167.55,167.72,395.53,134
2026-06-11 20:13:00+00:00,167.68,168.37,167.63,168.13,656.75,169
2026-06-11 20:14:00+00:00,168.22,168.35,167.86,167.88,437.96,136
2026-06-11 20:15:00+00:00,167.85,167.95,167.75,167.84,129.55,62
2026-06-11 20:16:00+00:00,167.84,168.09,167.8,168.01,418.01,127
2026-06-11 20:17:00+00:00,167.88,168.11,167.61,167.66,363.23,137
2026-06-11 20:18:00+00:00,167.66,167.92,167.45,167.91,531.92,152
2026-06-11 20:19:00+00:00,167.81,168.0,167.72,168.0,353.23,124
2026-06-11 20:20:00+00:00,167.95,168.13,167.84,167.92,236.94,88
2026-06-11 20:21:00+00:00,167.85,168.13,167.84,168.03,279.89,98
2026-06-11 20:22:00+00:00,168.04,168.5,167.99,168.28,564.36,139
2026-06-11 20:23:00+00:00,168.2,168.36,168.07,168.16,596.84,124
2026-06-11 20:24:00+00:00,168.14,168.38,167.74,168.02,985.6,178
2026-06-11 20:25:00+00:00,168.01,168.23,168.01,168.17,117.9,72
2026-06-11 20:26:00+00:00,168.11,168.46,168.11,168.36,230.43,91
2026-06-11 20:27:00+00:00,168.23,168.38,168.15,168.34,134.04,64
2026-06-11 20:28:00+00:00,168.34,168.47,168.23,168.47,104.13,72
2026-06-11 20:29:00+00:00,168.44,168.49,168.28,168.48,199.38,85
2026-06-11 20:30:00+00:00,168.43,168.5,168.07,168.18,246.12,94
2026-06-11 20:31:00+00:00,168.16,168.43,168.11,168.38,364.84,109
2026-06-11 20:32:00+00:00,168.42,168.5,168.28,168.46,415.34,97
2026-06-11 20:33:00+00:00,168.42,168.61,168.4,168.41,709.85,161
2026-06-11 20:34:00+00:00,168.45,168.5,168.37,168.46,222.85,60
2026-06-11 20:35:00+00:00,168.38,168.53,168.29,168.41,530.5,109
2026-06-11 20:36:00+00:00,168.3,168.43,168.11,168.2,98.05,56
2026-06-11 20:37:00+00:00,168.18,168.31,167.66,167.69,762.19,134
2026-06-11 20:38:00+00:00,167.62,167.87,167.57,167.71,305.29,108
2026-06-11 20:39:00+00:00,167.57,167.74,167.55,167.72,89.47,57
2026-06-11 20:40:00+00:00,167.72,167.8,167.69,167.8,194.71,59
2026-06-11 20:41:00+00:00,167.8,168.0,167.78,167.96,312.49,66
2026-06-11 20:42:00+00:00,167.87,167.9,167.51,167.65,239.93,109
2026-06-11 20:43:00+00:00,167.67,167.9,167.36,167.42,183.75,99
2026-06-11 20:44:00+00:00,167.49,167.6,167.4,167.54,294.42,88
2026-06-11 20:45:00+00:00,167.54,167.88,167.44,167.52,398.13,104
2026-06-11 20:46:00+00:00,167.58,167.59,167.19,167.31,449.17,123
2026-06-11 20:47:00+00:00,167.31,167.49,167.1,167.1,648.16,175
2026-06-11 20:48:00+00:00,167.1,167.2,166.92,167.01,477.12,128
2026-06-11 20:49:00+00:00,166.99,167.03,166.81,166.85,255.97,109
2026-06-11 20:50:00+00:00,166.85,167.21,166.7,167.15,321.55,155
2026-06-11 20:51:00+00:00,167.15,167.39,167.13,167.25,331.38,135
2026-06-11 20:52:00+00:00,167.24,167.32,166.95,167.08,447.58,154
2026-06-11 20:53:00+00:00,167.01,167.3,167.0,167.03,202.0,105
2026-06-11 20:54:00+00:00,167.01,167.49,167.01,167.44,471.92,163
2026-06-11 20:55:00+00:00,167.39,167.48,167.0,167.11,701.0,218
2026-06-11 20:56:00+00:00,167.11,167.37,166.94,166.99,370.24,137
2026-06-11 20:57:00+00:00,167.0,167.22,166.99,167.05,226.76,102
2026-06-11 20:58:00+00:00,166.99,167.16,166.99,167.14,407.4,130
2026-06-11 20:59:00+00:00,167.11,167.33,167.11,167.18,454.69,107
2026-06-11 21:00:00+00:00,167.14,167.43,167.11,167.4,655.95,143
2026-06-11 21:01:00+00:00,167.4,167.95,167.39,167.93,882.65,149
2026-06-11 21:02:00+00:00,167.92,168.0,167.6,167.72,1282.05,173
2026-06-11 21:03:00+00:00,167.74,167.83,167.31,167.31,477.84,123
2026-06-11 21:04:00+00:00,167.34,167.47,167.21,167.45,243.87,118
2026-06-11 21:05:00+00:00,167.35,167.84,167.35,167.73,187.11,105
2026-06-11 21:06:00+00:00,167.67,168.18,167.67,168.0,1146.26,159
2026-06-11 21:07:00+00:00,168.01,168.24,167.96,167.96,797.37,164
2026-06-11 21:08:00+00:00,167.94,168.29,167.92,168.08,599.81,167
2026-06-11 21:09:00+00:00,168.05,168.28,167.98,168.14,317.36,124
2026-06-11 21:10:00+00:00,168.07,168.28,168.06,168.2,338.8,106
2026-06-11 21:11:00+00:00,168.14,168.19,168.04,168.04,220.35,79
2026-06-11 21:12:00+00:00,168.04,168.19,167.97,167.99,338.11,84
2026-06-11 21:13:00+00:00,168.07,168.27,167.96,168.13,491.52,130
2026-06-11 21:14:00+00:00,168.16,168.3,168.11,168.18,338.43,99
2026-06-11 21:15:00+00:00,168.18,168.34,168.13,168.15,280.44,96
2026-06-11 21:16:00+00:00,168.22,168.29,168.08,168.08,243.08,80
2026-06-11 21:17:00+00:00,168.09,168.23,168.05,168.14,202.49,86
2026-06-11 21:18:00+00:00,168.05,168.25,168.0,168.11,231.96,101
2026-06-11 21:19:00+00:00,168.06,168.24,168.01,168.05,253.3,120
2026-06-11 21:20:00+00:00,168.05,168.42,167.96,168.08,353.21,148
2026-06-11 21:21:00+00:00,167.88,168.09,167.85,167.95,248.73,119
2026-06-11 21:22:00+00:00,167.95,168.1,167.88,168.05,221.84,114
2026-06-11 21:23:00+00:00,167.96,168.16,167.72,167.9,327.23,129
2026-06-11 21:24:00+00:00,167.83,168.93,167.75,168.66,2572.32,383
2026-06-11 21:25:00+00:00,168.66,169.64,168.59,168.83,3288.14,599
2026-06-11 21:26:00+00:00,168.83,169.1,168.74,168.97,516.75,211
2026-06-11 21:27:00+00:00,168.92,169.69,168.77,169.14,3231.51,503
2026-06-11 21:28:00+00:00,169.14,169.65,169.12,169.47,1583.96,351
2026-06-11 21:29:00+00:00,169.45,169.62,169.36,169.47,539.33,157
2026-06-11 21:30:00+00:00,169.45,169.87,169.27,169.55,1004.43,265
2026-06-11 21:31:00+00:00,169.55,169.74,169.52,169.68,423.78,173
2026-06-11 21:32:00+00:00,169.56,169.9,169.53,169.54,1082.07,280
2026-06-11 21:33:00+00:00,169.58,169.67,169.49,169.52,697.34,181
2026-06-11 21:34:00+00:00,169.52,169.8,169.49,169.72,449.24,173
2026-06-11 21:35:00+00:00,169.72,169.79,169.61,169.7,452.89,132
2026-06-11 21:36:00+00:00,169.7,169.76,169.7,169.73,760.85,156
2026-06-11 21:37:00+00:00,169.73,169.74,169.59,169.64,801.26,161
2026-06-11 21:38:00+00:00,169.64,169.99,169.53,169.58,1007.73,212
2026-06-11 21:39:00+00:00,169.63,169.79,169.52,169.59,736.09,229
2026-06-11 21:40:00+00:00,169.53,169.76,169.47,169.47,463.93,186
2026-06-11 21:41:00+00:00,169.47,169.5,169.21,169.29,714.45,169
2026-06-11 21:42:00+00:00,169.28,169.29,169.18,169.19,420.51,143
2026-06-11 21:43:00+00:00,169.22,169.22,169.03,169.07,577.2,168
2026-06-11 21:44:00+00:00,169.03,169.07,168.82,169.07,638.1,196
2026-06-11 21:45:00+00:00,169.06,169.26,168.96,169.06,365.16,116
2026-06-11 21:46:00+00:00,169.07,169.25,169.04,169.11,507.66,101
2026-06-11 21:47:00+00:00,169.1,169.14,169.07,169.14,272.38,83
2026-06-11 21:48:00+00:00,169.2,169.56,169.11,169.53,880.75,168
2026-06-11 21:49:00+00:00,169.52,169.91,169.38,169.77,1239.41,199
2026-06-11 21:50:00+00:00,169.77,170.0,169.73,170.0,1430.31,264
2026-06-11 21:51:00+00:00,169.86,170.0,169.83,169.88,763.7,144
2026-06-11 21:52:00+00:00,169.88,170.0,169.69,169.9,1305.28,201
2026-06-11 21:53:00+00:00,169.89,170.01,169.55,169.88,1489.43,205
2026-06-11 21:54:00+00:00,169.77,169.87,169.5,169.71,975.94,201
2026-06-11 21:55:00+00:00,169.73,170.05,169.69,169.93,591.67,206
2026-06-11 21:56:00+00:00,169.91,170.04,169.84,169.95,413.65,172
2026-06-11 21:57:00+00:00,169.95,170.05,169.89,169.94,331.3,137
2026-06-11 21:58:00+00:00,169.97,170.08,169.87,170.0,362.58,150
2026-06-11 21:59:00+00:00,170.04,170.09,169.63,169.88,997.69,225
2026-06-11 22:00:00+00:00,169.88,170.02,169.75,169.87,259.6,128
2026-06-11 22:01:00+00:00,169.81,169.91,169.72,169.87,236.53,112
2026-06-11 22:02:00+00:00,169.86,169.91,169.72,169.88,289.55,115
2026-06-11 22:03:00+00:00,169.86,169.92,169.6,169.77,439.4,169
2026-06-11 22:04:00+00:00,169.77,170.09,169.71,169.93,804.49,195
2026-06-11 22:05:00+00:00,169.93,170.25,169.9,170.22,766.28,196
2026-06-11 22:06:00+00:00,170.22,170.83,170.22,170.57,2745.29,415
2026-06-11 22:07:00+00:00,170.57,170.85,170.51,170.81,758.08,280
2026-06-11 22:08:00+00:00,170.73,170.95,170.65,170.73,661.37,211
2026-06-11 22:09:00+00:00,170.73,170.8,170.63,170.7,383.21,129
2026-06-11 22:10:00+00:00,170.69,170.73,170.52,170.56,470.91,127
2026-06-11 22:11:00+00:00,170.67,170.76,170.54,170.59,390.1,135
2026-06-11 22:12:00+00:00,170.62,170.67,170.46,170.58,367.4,115
2026-06-11 22:13:00+00:00,170.58,170.9,170.58,170.68,494.38,138
2026-06-11 22:14:00+00:00,170.68,170.96,170.61,170.62,607.56,156
2026-06-11 22:15:00+00:00,170.75,170.89,170.58,170.71,263.17,123
2026-06-11 22:16:00+00:00,170.68,170.82,170.45,170.65,991.28,188
2026-06-11 22:17:00+00:00,170.65,170.89,170.6,170.79,588.69,123
2026-06-11 22:18:00+00:00,170.88,170.98,170.78,170.86,272.82,96
2026-06-11 22:19:00+00:00,170.86,171.49,170.85,171.15,2125.9,367
2026-06-11 22:20:00+00:00,171.15,171.36,171.02,171.22,695.75,183
2026-06-11 22:21:00+00:00,171.24,171.42,171.18,171.34,544.18,166
2026-06-11 22:22:00+00:00,171.33,171.51,171.19,171.25,723.58,222
2026-06-11 22:23:00+00:00,171.34,171.62,171.17,171.44,997.4,248
2026-06-11 22:24:00+00:00,171.56,171.78,171.4,171.63,843.81,251
2026-06-11 22:25:00+00:00,171.67,172.27,171.63,171.87,1806.51,448
2026-06-11 22:26:00+00:00,171.88,172.5,171.87,172.34,2397.54,802
2026-06-11 22:27:00+00:00,172.34,174.46,172.33,174.32,5875.06,925
2026-06-11 22:28:00+00:00,174.32,174.56,173.74,174.2,3390.76,556
2026-06-11 22:29:00+00:00,174.2,174.66,173.72,174.06,3185.47,712
2026-06-11 22:30:00+00:00,173.91,174.13,172.93,173.54,2508.37,512
2026-06-11 22:31:00+00:00,173.47,173.63,172.0,172.32,3204.26,719
2026-06-11 22:32:00+00:00,172.31,172.48,171.3,172.19,4608.61,542
2026-06-11 22:33:00+00:00,172.19,172.42,172.0,172.05,830.37,294
2026-06-11 22:34:00+00:00,172.09,172.26,171.97,172.17,505.59,174
2026-06-11 22:35:00+00:00,172.22,172.71,172.17,172.49,931.59,284
2026-06-11 22:36:00+00:00,172.58,172.66,172.47,172.63,403.66,196
2026-06-11 22:37:00+00:00,172.64,172.75,172.14,172.15,783.12,227
2026-06-11 22:38:00+00:00,172.22,172.22,171.64,172.07,1026.81,338
2026-06-11 22:39:00+00:00,172.04,172.43,171.92,172.33,683.02,178
2026-06-11 22:40:00+00:00,172.22,172.27,171.79,171.94,612.46,252
2026-06-11 22:41:00+00:00,171.99,172.05,171.13,171.34,2171.34,569
2026-06-11 22:42:00+00:00,171.35,172.4,171.27,172.25,1111.48,336
2026-06-11 22:43:00+00:00,172.12,172.58,172.12,172.23,733.28,226
2026-06-11 22:44:00+00:00,172.32,173.25,172.32,173.24,751.39,217
2026-06-11 22:45:00+00:00,173.24,173.73,173.2,173.42,511.12,214
2026-06-11 22:46:00+00:00,173.53,173.86,173.35,173.84,2143.51,243
2026-06-11 22:47:00+00:00,173.84,173.92,173.4,173.71,908.55,194
2026-06-11 22:48:00+00:00,173.71,173.94,173.61,173.94,814.39,140
2026-06-11 22:49:00+00:00,173.87,174.44,173.86,174.04,1841.39,326
2026-06-11 22:50:00+00:00,174.02,174.06,173.48,173.67,805.08,257
2026-06-11 22:51:00+00:00,173.71,174.13,173.71,174.13,561.54,249
2026-06-11 22:52:00+00:00,173.92,174.1,173.53,173.53,1116.38,222
2026-06-11 22:53:00+00:00,173.54,173.79,173.43,173.72,754.16,171
2026-06-11 22:54:00+00:00,173.71,173.73,172.85,172.85,512.03,172
2026-06-11 22:55:00+00:00,172.95,172.95,171.92,172.04,1741.96,369
2026-06-11 22:56:00+00:00,172.04,172.04,171.43,172.0,1443.74,332
2026-06-11 22:57:00+00:00,171.92,172.21,171.91,172.05,656.81,156
2026-06-11 22:58:00+00:00,172.19,172.4,172.07,172.39,215.31,148
2026-06-11 22:59:00+00:00,172.31,172.59,172.31,172.44,434.91,136
2026-06-11 23:00:00+00:00,172.41,173.03,172.41,173.01,776.68,208
2026-06-11 23:01:00+00:00,172.91,173.02,172.4,172.69,429.54,169
2026-06-11 23:02:00+00:00,172.69,172.86,171.8,171.89,1307.2,314
2026-06-11 23:03:00+00:00,171.88,172.13,171.41,172.03,963.63,275
2026-06-11 23:04:00+00:00,172.0,172.3,171.85,172.17,355.43,174
2026-06-11 23:05:00+00:00,172.25,172.48,171.64,171.68,665.94,219
2026-06-11 23:06:00+00:00,171.69,171.8,171.49,171.59,407.89,171
2026-06-11 23:07:00+00:00,171.55,171.77,171.33,171.33,564.34,195
2026-06-11 23:08:00+00:00,171.44,171.51,171.33,171.46,484.23,143
2026-06-11 23:09:00+00:00,171.43,171.76,171.42,171.61,254.67,152
2026-06-11 23:10:00+00:00,171.56,171.67,171.52,171.66,152.42,111
2026-06-11 23:11:00+00:00,171.63,171.99,171.61,171.82,225.47,156
2026-06-11 23:12:00+00:00,171.9,171.93,171.67,171.68,282.17,141
2026-06-11 23:13:00+00:00,171.76,171.94,171.73,171.89,169.81,108
2026-06-11 23:14:00+00:00,171.89,172.21,171.8,171.98,1369.73,166
2026-06-11 23:15:00+00:00,171.97,172.21,171.5,171.97,786.47,219
2026-06-11 23:16:00+00:00,171.94,172.0,171.71,171.78,535.84,166
2026-06-11 23:17:00+00:00,171.78,171.91,171.78,171.86,742.64,150
2026-06-11 23:18:00+00:00,171.89,171.95,171.72,171.85,303.39,128
2026-06-11 23:19:00+00:00,171.89,171.94,171.51,171.54,375.26,138
2026-06-11 23:20:00+00:00,171.59,171.78,171.53,171.62,213.85,117
2026-06-11 23:21:00+00:00,171.69,171.75,171.34,171.47,451.82,139
2026-06-11 23:22:00+00:00,171.49,171.6,171.0,171.13,714.83,186
2026-06-11 23:23:00+00:00,171.08,171.15,169.99,170.08,2704.75,426
2026-06-11 23:24:00+00:00,170.08,171.34,170.0,170.76,2078.08,397
2026-06-11 23:25:00+00:00,170.83,171.1,170.8,170.97,288.35,155
2026-06-11 23:26:00+00:00,170.97,171.79,170.95,171.48,873.23,369
2026-06-11 23:27:00+00:00,171.48,171.72,171.31,171.57,847.32,238
2026-06-11 23:28:00+00:00,171.65,171.85,171.57,171.64,281.14,165
2026-06-11 23:29:00+00:00,171.76,172.12,171.47,172.11,1073.2,244
2026-06-11 23:30:00+00:00,172.09,172.16,171.82,172.05,767.04,189
2026-06-11 23:31:00+00:00,172.05,172.28,172.04,172.25,432.57,176
2026-06-11 23:32:00+00:00,172.25,173.0,172.24,172.89,634.37,222
2026-06-11 23:33:00+00:00,172.97,173.31,172.86,173.09,969.22,280
2026-06-11 23:34:00+00:00,173.21,173.32,172.85,172.94,393.57,233
2026-06-11 23:35:00+00:00,173.01,173.12,172.49,172.6,949.1,286
2026-06-11 23:36:00+00:00,172.5,173.06,172.48,172.9,614.92,245
2026-06-11 23:37:00+00:00,172.91,173.28,172.88,173.02,565.3,268
2026-06-11 23:38:00+00:00,173.14,173.32,172.87,173.15,485.23,254
2026-06-11 23:39:00+00:00,173.28,173.8,173.13,173.8,517.74,233
2026-06-11 23:40:00+00:00,173.73,173.8,173.37,173.68,325.71,198
2026-06-11 23:41:00+00:00,173.61,173.78,173.49,173.54,263.35,173
2026-06-11 23:42:00+00:00,173.55,173.66,172.92,173.13,971.62,224
2026-06-11 23:43:00+00:00,173.12,173.52,173.12,173.27,214.9,117
2026-06-11 23:44:00+00:00,173.27,173.52,173.27,173.32,321.02,134
2026-06-11 23:45:00+00:00,173.41,173.46,173.1,173.23,562.85,183
2026-06-11 23:46:00+00:00,173.33,173.39,172.31,172.88,394.44,150
2026-06-11 23:47:00+00:00,172.76,172.82,171.39,171.65,719.26,219
2026-06-11 23:48:00+00:00,171.6,171.94,171.56,171.77,593.37,141
2026-06-11 23:49:00+00:00,171.77,171.77,171.39,171.4,469.49,137
2026-06-11 23:50:00+00:00,171.39,171.48,170.45,170.96,1993.74,344
2026-06-11 23:51:00+00:00,171.06,171.23,170.58,171.22,689.36,201
2026-06-11 23:52:00+00:00,171.22,171.51,171.05,171.33,391.08,187
2026-06-11 23:53:00+00:00,171.25,171.35,171.0,171.23,180.1,135
2026-06-11 23:54:00+00:00,171.15,172.0,171.15,171.94,423.07,235
2026-06-11 23:55:00+00:00,171.97,172.55,171.94,172.42,224.51,174
2026-06-11 23:56:00+00:00,172.43,172.65,172.35,172.47,251.98,176
2026-06-11 23:57:00+00:00,172.52,172.71,172.41,172.63,423.6,174
2026-06-11 23:58:00+00:00,172.63,172.81,172.53,172.77,336.59,168
2026-06-11 23:59:00+00:00,172.77,173.04,172.74,172.84,462.66,224
2026-06-12 00:00:00+00:00,172.85,173.06,172.55,172.58,503.94,198
2026-06-12 00:01:00+00:00,172.68,172.7,172.38,172.49,97.68,100
2026-06-12 00:02:00+00:00,172.39,172.5,172.3,172.4,154.44,109
2026-06-12 00:03:00+00:00,172.45,172.5,172.33,172.46,355.22,93
2026-06-12 00:04:00+00:00,172.5,172.5,172.33,172.42,458.92,132
2026-06-12 00:05:00+00:00,172.42,172.57,172.32,172.33,397.82,140
2026-06-12 00:06:00+00:00,172.4,172.4,172.12,172.19,359.56,114
2026-06-12 00:07:00+00:00,172.17,172.25,171.89,171.92,249.17,121
2026-06-12 00:08:00+00:00,171.89,172.06,171.82,171.97,140.32,88
2026-06-12 00:09:00+00:00,172.06,172.17,171.37,171.63,620.09,213
2026-06-12 00:10:00+00:00,171.65,171.72,171.36,171.46,574.03,202
2026-06-12 00:11:00+00:00,171.39,171.89,171.35,171.84,886.48,230
2026-06-12 00:12:00+00:00,171.84,172.16,171.84,171.92,730.51,177
2026-06-12 00:13:00+00:00,171.91,171.91,171.55,171.84,225.41,103
2026-06-12 00:14:00+00:00,171.77,172.0,171.2,171.2,346.96,142
2026-06-12 00:15:00+00:00,171.36,171.63,171.25,171.26,505.41,176
2026-06-12 00:16:00+00:00,171.27,171.64,171.22,171.39,426.67,169
2026-06-12 00:17:00+00:00,171.39,171.54,171.2,171.32,268.11,121
2026-06-12 00:18:00+00:00,171.29,171.34,171.12,171.12,359.39,137
2026-06-12 00:19:00+00:00,171.21,171.21,170.77,170.88,235.31,104
2026-06-12 00:20:00+00:00,170.88,171.34,170.79,171.27,248.55,93
2026-06-12 00:21:00+00:00,171.28,171.4,170.99,171.17,208.12,116
2026-06-12 00:22:00+00:00,171.15,171.33,171.01,171.1,221.87,97
2026-06-12 00:23:00+00:00,171.02,171.21,170.99,171.05,272.09,126
2026-06-12 00:24:00+00:00,171.06,171.25,170.99,170.99,191.4,114
2026-06-12 00:25:00+00:00,171.04,171.13,170.7,170.7,315.67,134
2026-06-12 00:26:00+00:00,170.7,170.89,170.51,170.84,2885.78,271
2026-06-12 00:27:00+00:00,170.71,170.84,170.5,170.57,1248.27,283
2026-06-12 00:28:00+00:00,170.64,171.06,170.6,170.82,372.26,219
2026-06-12 00:29:00+00:00,170.82,171.02,170.75,170.95,275.76,124
2026-06-12 00:30:00+00:00,170.93,170.96,170.58,170.58,221.64,134
2026-06-12 00:31:00+00:00,170.59,170.7,170.5,170.7,410.84,152
2026-06-12 00:32:00+00:00,170.69,171.14,170.67,171.14,614.78,170
2026-06-12 00:33:00+00:00,171.12,171.26,171.02,171.18,157.97,98
2026-06-12 00:34:00+00:00,171.26,172.63,171.19,172.4,674.83,265
2026-06-12 00:35:00+00:00,172.54,172.62,172.15,172.18,639.4,236
2026-06-12 00:36:00+00:00,172.18,172.35,171.86,172.23,233.66,134
2026-06-12 00:37:00+00:00,172.38,172.68,172.11,172.32,454.69,208
2026-06-12 00:38:00+00:00,172.27,172.94,172.15,172.73,589.17,232
2026-06-12 00:39:00+00:00,172.72,172.82,172.09,172.24,710.39,232
2026-06-12 00:40:00+00:00,172.24,172.73,172.13,172.55,571.5,268
2026-06-12 00:41:00+00:00,172.55,172.92,172.17,172.92,1093.25,254
2026-06-12 00:42:00+00:00,172.8,173.22,172.56,173.21,1124.67,250
2026-06-12 00:43:00+00:00,173.17,173.3,173.1,173.1,1008.15,204
2026-06-12 00:44:00+00:00,173.1,173.11,172.67,172.95,1425.79,240
2026-06-12 00:45:00+00:00,173.02,173.3,172.69,173.16,1482.02,265
2026-06-12 00:46:00+00:00,173.3,174.0,173.3,173.9,862.79,197
2026-06-12 00:47:00+00:00,173.96,174.0,173.34,173.51,576.29,179
2026-06-12 00:48:00+00:00,173.42,173.96,173.42,173.95,596.37,210
2026-06-12 00:49:00+00:00,173.94,174.0,173.44,173.6,634.55,197
2026-06-12 00:50:00+00:00,173.61,173.72,173.36,173.72,971.72,218
2026-06-12 00:51:00+00:00,173.59,173.67,173.2,173.42,602.64,190
2026-06-12 00:52:00+00:00,173.49,173.96,173.41,173.84,1101.1,236
2026-06-12 00:53:00+00:00,173.7,174.24,173.69,174.1,1477.42,243
2026-06-12 00:54:00+00:00,174.17,174.2,173.96,174.06,600.64,192
2026-06-12 00:55:00+00:00,174.01,174.17,173.67,173.68,593.28,161
2026-06-12 00:56:00+00:00,173.76,174.11,173.67,173.86,262.02,134
2026-06-12 00:57:00+00:00,173.99,173.99,173.5,173.64,504.1,205
2026-06-12 00:58:00+00:00,173.6,173.65,173.41,173.45,351.6,170
2026-06-12 00:59:00+00:00,173.46,173.58,173.34,173.35,374.6,166
2026-06-12 01:00:00+00:00,173.32,173.45,172.8,172.85,640.95,245
2026-06-12 01:01:00+00:00,172.92,172.95,172.46,172.47,483.01,218
2026-06-12 01:02:00+00:00,172.59,173.32,172.45,173.32,932.93,319
2026-06-12 01:03:00+00:00,173.29,174.22,173.13,173.86,847.77,262
2026-06-12 01:04:00+00:00,173.94,174.21,173.73,174.02,1087.57,231
2026-06-12 01:05:00+00:00,174.02,174.03,173.72,173.73,333.18,145
2026-06-12 01:06:00+00:00,173.73,173.87,173.61,173.78,362.86,132
2026-06-12 01:07:00+00:00,173.79,173.99,173.0,173.04,493.53,209
2026-06-12 01:08:00+00:00,173.04,173.11,172.87,172.87,661.41,178
2026-06-12 01:09:00+00:00,172.94,173.16,172.87,173.07,833.27,209
2026-06-12 01:10:00+00:00,173.05,173.22,172.87,172.87,532.23,182
2026-06-12 01:11:00+00:00,172.88,172.96,172.62,172.82,1015.25,262
2026-06-12 01:12:00+00:00,172.8,173.06,172.72,172.94,244.42,163
2026-06-12 01:13:00+00:00,173.08,173.08,172.8,172.82,94.56,105
2026-06-12 01:14:00+00:00,172.82,173.34,172.79,172.84,808.57,226
2026-06-12 01:15:00+00:00,172.93,173.04,172.6,172.67,396.33,168
2026-06-12 01:16:00+00:00,172.73,172.96,172.63,172.64,326.59,149
2026-06-12 01:17:00+00:00,172.64,173.29,172.4,172.8,2048.56,396
2026-06-12 01:18:00+00:00,172.77,173.03,172.6,172.76,987.69,303
2026-06-12 01:19:00+00:00,172.94,173.0,172.65,172.75,262.13,144
2026-06-12 01:20:00+00:00,172.85,172.95,172.46,172.71,1229.55,274
2026-06-12 01:21:00+00:00,172.71,173.36,172.65,173.13,920.07,274
2026-06-12 01:22:00+00:00,173.4,173.49,172.97,172.97,402.02,185
2026-06-12 01:23:00+00:00,172.98,173.16,172.9,172.91,268.94,137
2026-06-12 01:24:00+00:00,172.9,173.18,172.9,173.18,290.87,122
2026-06-12 01:25:00+00:00,173.15,173.7,173.03,173.33,809.13,221
2026-06-12 01:26:00+00:00,173.34,173.88,173.32,173.69,976.51,332
2026-06-12 01:27:00+00:00,173.69,173.96,173.35,173.52,1080.12,407
2026-06-12 01:28:00+00:00,173.55,173.97,173.45,173.97,437.7,235
2026-06-12 01:29:00+00:00,173.81,173.99,173.81,173.83,450.91,193
2026-06-12 01:30:00+00:00,173.94,173.99,173.53,173.93,1829.6,357
2026-06-12 01:31:00+00:00,173.86,173.99,173.29,173.29,467.96,290
2026-06-12 01:32:00+00:00,173.29,173.46,172.9,172.9,463.01,261
2026-06-12 01:33:00+00:00,172.9,173.03,172.63,172.83,562.36,185
2026-06-12 01:34:00+00:00,172.85,172.93,172.44,172.44,562.04,295
2026-06-12 01:35:00+00:00,172.46,172.67,172.26,172.27,470.43,246
2026-06-12 01:36:00+00:00,172.25,172.67,172.23,172.58,201.27,183
2026-06-12 01:37:00+00:00,172.58,172.67,171.5,171.97,5082.23,449
2026-06-12 01:38:00+00:00,171.97,172.17,171.81,171.83,508.69,170
2026-06-12 01:39:00+00:00,171.92,172.0,171.0,171.63,3633.18,470
2026-06-12 01:40:00+00:00,171.62,171.95,171.47,171.61,338.63,149
2026-06-12 01:41:00+00:00,171.6,171.7,171.14,171.14,623.66,174
2026-06-12 01:42:00+00:00,171.33,171.38,171.0,171.13,926.76,200
2026-06-12 01:43:00+00:00,171.11,171.35,171.1,171.35,224.74,129
2026-06-12 01:44:00+00:00,171.35,171.74,171.35,171.58,657.26,137
2026-06-12 01:45:00+00:00,171.68,172.0,171.64,171.68,664.29,136
2026-06-12 01:46:00+00:00,171.73,171.96,171.61,171.8,664.51,180
2026-06-12 01:47:00+00:00,171.8,171.99,171.78,171.89,134.94,99
2026-06-12 01:48:00+00:00,172.03,172.47,172.0,172.04,1052.55,237
2026-06-12 01:49:00+00:00,172.06,172.11,171.9,172.02,200.58,156
2026-06-12 01:50:00+00:00,172.03,172.36,171.99,172.23,491.57,246
2026-06-12 01:51:00+00:00,172.23,172.5,171.97,171.97,313.63,195
2026-06-12 01:52:00+00:00,171.97,172.0,170.95,171.02,5060.92,290
2026-06-12 01:53:00+00:00,171.24,171.62,170.66,170.67,982.02,267
2026-06-12 01:54:00+00:00,170.77,170.85,170.33,170.4,508.59,163
2026-06-12 01:55:00+00:00,170.39,170.62,170.2,170.3,1033.12,185
2026-06-12 01:56:00+00:00,170.32,170.87,170.22,170.63,268.14,173
2026-06-12 01:57:00+00:00,170.59,170.82,170.0,170.07,1389.22,281
2026-06-12 01:58:00+00:00,170.18,170.65,170.11,170.22,751.43,158
2026-06-12 01:59:00+00:00,170.23,170.3,170.0,170.16,405.59,148
2026-06-12 02:00:00+00:00,170.24,170.64,170.11,170.49,328.56,135
2026-06-12 02:01:00+00:00,170.51,170.54,170.22,170.42,135.95,94
2026-06-12 02:02:00+00:00,170.59,170.86,170.48,170.64,49.76,76
2026-06-12 02:03:00+00:00,170.69,171.27,170.55,171.27,349.41,146
2026-06-12 02:04:00+00:00,171.13,171.19,170.68,170.68,246.98,111
2026-06-12 02:05:00+00:00,170.75,171.04,170.68,170.99,111.65,80
2026-06-12 02:06:00+00:00,171.03,171.22,170.98,171.14,187.73,86
2026-06-12 02:07:00+00:00,171.14,171.53,171.05,171.5,867.92,205
2026-06-12 02:08:00+00:00,171.5,171.9,171.16,171.2,1351.89,277
2026-06-12 02:09:00+00:00,171.2,171.33,171.15,171.18,108.85,165
2026-06-12 02:10:00+00:00,171.19,171.27,170.9,170.93,267.25,175
2026-06-12 02:11:00+00:00,170.93,171.21,170.8,171.21,321.96,145
2026-06-12 02:12:00+00:00,171.19,171.51,171.13,171.29,443.78,234
2026-06-12 02:13:00+00:00,171.34,171.39,171.1,171.15,207.49,169
2026-06-12 02:14:00+00:00,171.15,171.25,170.77,171.13,469.84,135
2026-06-12 02:15:00+00:00,171.13,171.33,171.07,171.12,89.42,126
2026-06-12 02:16:00+00:00,171.12,171.28,171.04,171.15,200.71,122
2026-06-12 02:17:00+00:00,171.15,171.19,171.03,171.12,249.31,117
2026-06-12 02:18:00+00:00,171.14,171.4,171.11,171.36,265.12,129
2026-06-12 02:19:00+00:00,171.33,171.55,171.29,171.29,442.71,162
2026-06-12 02:20:00+00:00,171.33,171.42,171.13,171.36,238.79,93
2026-06-12 02:21:00+00:00,171.45,171.69,171.32,171.65,161.06,109
2026-06-12 02:22:00+00:00,171.65,171.93,171.58,171.89,326.35,136
2026-06-12 02:23:00+00:00,171.84,172.48,171.84,172.29,376.12,206
2026-06-12 02:24:00+00:00,172.29,172.48,171.95,172.48,173.24,156
2026-06-12 02:25:00+00:00,172.4,172.61,172.26,172.5,210.63,149
2026-06-12 02:26:00+00:00,172.55,172.57,172.06,172.06,155.19,111
2026-06-12 02:27:00+00:00,172.06,172.5,171.92,172.36,231.5,124
2026-06-12 02:28:00+00:00,172.33,172.34,172.09,172.23,116.96,106
2026-06-12 02:29:00+00:00,172.22,172.56,172.2,172.42,97.4,96
2026-06-12 02:30:00+00:00,172.39,172.61,172.39,172.52,53.83,82
2026-06-12 02:31:00+00:00,172.63,172.77,172.52,172.73,240.5,136
2026-06-12 02:32:00+00:00,172.64,172.94,172.62,172.83,360.49,220
2026-06-12 02:33:00+00:00,172.82,172.93,172.72,172.76,230.14,174
2026-06-12 02:34:00+00:00,172.77,172.9,172.62,172.9,206.83,115
2026-06-12 02:35:00+00:00,172.83,173.0,172.69,172.8,832.36,131
2026-06-12 02:36:00+00:00,172.78,172.89,172.62,172.82,598.9,119
2026-06-12 02:37:00+00:00,172.81,173.0,172.81,172.99,334.24,91
2026-06-12 02:38:00+00:00,172.99,173.36,172.97,173.28,746.0,145
2026-06-12 02:39:00+00:00,173.27,173.45,173.22,173.35,340.95,169
2026-06-12 02:40:00+00:00,173.35,173.39,172.81,173.06,461.1,145
2026-06-12 02:41:00+00:00,173.11,173.12,172.31,172.31,706.01,189
2026-06-12 02:42:00+00:00,172.31,172.46,172.17,172.28,348.13,122
2026-06-12 02:43:00+00:00,172.36,172.51,172.12,172.51,41.2,76
2026-06-12 02:44:00+00:00,172.55,172.63,172.22,172.42,838.43,205
2026-06-12 02:45:00+00:00,172.42,172.52,172.1,172.17,270.58,120
2026-06-12 02:46:00+00:00,172.1,172.18,171.97,172.13,202.49,123
2026-06-12 02:47:00+00:00,172.09,172.47,172.09,172.41,312.59,117
2026-06-12 02:48:00+00:00,172.41,172.62,172.16,172.38,438.62,170
2026-06-12 02:49:00+00:00,172.36,172.38,171.99,172.11,108.41,85
2026-06-12 02:50:00+00:00,172.16,172.39,172.15,172.3,292.76,97
2026-06-12 02:51:00+00:00,172.34,172.4,172.3,172.32,143.03,66
2026-06-12 02:52:00+00:00,172.39,172.85,172.37,172.62,762.31,106
2026-06-12 02:53:00+00:00,172.65,172.8,172.63,172.65,182.85,83
2026-06-12 02:54:00+00:00,172.73,172.92,172.57,172.92,95.8,84
2026-06-12 02:55:00+00:00,172.91,173.0,172.82,172.97,149.54,94
2026-06-12 02:56:00+00:00,172.92,173.06,172.77,172.77,259.77,83
2026-06-12 02:57:00+00:00,172.71,172.74,172.45,172.49,216.89,87
2026-06-12 02:58:00+00:00,172.51,172.52,172.41,172.43,89.24,58
2026-06-12 02:59:00+00:00,172.43,172.84,172.29,172.69,173.57,96
2026-06-12 03:00:00+00:00,172.8,173.12,172.73,173.05,117.88,75
2026-06-12 03:01:00+00:00,173.04,173.04,172.3,172.52,568.97,175
2026-06-12 03:02:00+00:00,172.57,172.91,172.57,172.76,540.12,158
2026-06-12 03:03:00+00:00,172.92,173.02,172.39,172.54,253.9,115
2026-06-12 03:04:00+00:00,172.45,172.79,172.44,172.61,197.68,95
2026-06-12 03:05:00+00:00,172.53,172.71,172.46,172.59,355.27,136
2026-06-12 03:06:00+00:00,172.59,172.6,172.49,172.59,214.35,102
2026-06-12 03:07:00+00:00,172.58,172.58,172.36,172.5,147.37,107
2026-06-12 03:08:00+00:00,172.49,172.53,172.39,172.43,32.4,49
2026-06-12 03:09:00+00:00,172.51,172.54,172.24,172.41,167.6,94
2026-06-12 03:10:00+00:00,172.35,172.6,172.35,172.6,201.67,83
2026-06-12 03:11:00+00:00,172.59,172.6,172.53,172.6,87.12,65
2026-06-12 03:12:00+00:00,172.59,172.6,172.33,172.46,75.79,62
2026-06-12 03:13:00+00:00,172.46,172.48,172.25,172.39,178.88,78
2026-06-12 03:14:00+00:00,172.39,172.5,172.25,172.46,52.75,87
2026-06-12 03:15:00+00:00,172.43,172.43,172.19,172.26,439.54,108
2026-06-12 03:16:00+00:00,172.26,172.37,172.23,172.36,41.4,65
2026-06-12 03:17:00+00:00,172.36,172.47,172.33,172.47,117.01,69
2026-06-12 03:18:00+00:00,172.41,172.5,172.34,172.45,70.55,62
2026-06-12 03:19:00+00:00,172.42,172.5,172.38,172.49,223.83,74
2026-06-12 03:20:00+00:00,172.48,172.48,172.41,172.44,107.0,74
2026-06-12 03:21:00+00:00,172.42,172.48,172.26,172.48,719.61,118
2026-06-12 03:22:00+00:00,172.47,172.48,172.26,172.48,277.82,75
2026-06-12 03:23:00+00:00,172.42,172.48,172.29,172.4,400.66,128
2026-06-12 03:24:00+00:00,172.39,172.48,172.29,172.45,39.3,66
2026-06-12 03:25:00+00:00,172.4,172.44,172.26,172.31,79.44,78
2026-06-12 03:26:00+00:00,172.33,172.33,171.98,172.14,806.8,123
2026-06-12 03:27:00+00:00,172.19,172.24,171.3,171.4,1115.93,196
2026-06-12 03:28:00+00:00,171.39,172.25,171.3,172.07,237.19,141
2026-06-12 03:29:00+00:00,172.18,172.26,171.95,172.14,159.66,100
2026-06-12 03:30:00+00:00,172.13,172.46,172.06,172.43,458.42,126
2026-06-12 03:31:00+00:00,172.48,172.5,172.39,172.39,421.32,87
2026-06-12 03:32:00+00:00,172.4,172.4,172.19,172.4,150.01,78
2026-06-12 03:33:00+00:00,172.42,172.5,172.33,172.5,159.17,85
2026-06-12 03:34:00+00:00,172.46,173.0,172.4,172.78,409.26,142
2026-06-12 03:35:00+00:00,172.79,172.89,172.52,172.72,316.9,212
2026-06-12 03:36:00+00:00,172.75,172.93,172.62,172.87,120.94,112
2026-06-12 03:37:00+00:00,172.9,173.14,172.81,173.11,266.66,143
2026-06-12 03:38:00+00:00,173.05,173.28,172.95,173.09,308.37,112
2026-06-12 03:39:00+00:00,173.02,173.05,172.18,172.49,2173.58,335
2026-06-12 03:40:00+00:00,172.62,172.62,172.28,172.47,339.7,95
2026-06-12 03:41:00+00:00,172.52,172.52,172.25,172.33,186.45,87
2026-06-12 03:42:00+00:00,172.33,172.46,172.29,172.32,80.83,67
2026-06-12 03:43:00+00:00,172.36,173.39,172.36,173.39,2209.84,337
2026-06-12 03:44:00+00:00,173.05,173.73,172.85,173.32,1691.55,386
2026-06-12 03:45:00+00:00,173.36,174.17,173.23,173.77,2587.93,610
2026-06-12 03:46:00+00:00,173.85,174.79,173.64,174.21,2873.89,560
2026-06-12 03:47:00+00:00,174.21,174.9,174.2,174.7,2849.54,495
2026-06-12 03:48:00+00:00,174.71,174.87,174.04,174.54,2425.68,440
2026-06-12 03:49:00+00:00,174.63,174.8,174.26,174.6,1138.54,304
2026-06-12 03:50:00+00:00,174.59,174.7,174.56,174.57,556.0,149
2026-06-12 03:51:00+00:00,174.67,174.77,174.04,174.17,469.93,192
2026-06-12 03:52:00+00:00,174.1,174.9,173.79,174.22,1682.97,322
2026-06-12 03:53:00+00:00,174.13,175.0,173.93,174.6,2207.45,406
2026-06-12 03:54:00+00:00,174.68,174.98,174.21,174.47,579.54,306
2026-06-12 03:55:00+00:00,174.47,174.95,174.44,174.57,682.08,299
2026-06-12 03:56:00+00:00,174.57,174.57,173.52,173.52,1548.13,210
2026-06-12 03:57:00+00:00,173.7,175.0,173.69,174.7,1195.36,232
2026-06-12 03:58:00+00:00,174.51,174.78,174.37,174.51,446.8,195
2026-06-12 03:59:00+00:00,174.46,174.48,174.13,174.13,128.7,132
2026-06-12 04:00:00+00:00,174.16,174.53,174.01,174.36,252.66,133
2026-06-12 04:01:00+00:00,174.42,175.09,174.35,174.75,1115.08,219
2026-06-12 04:02:00+00:00,174.91,174.91,174.62,174.76,233.63,172
2026-06-12 04:03:00+00:00,174.76,174.81,174.47,174.59,299.8,163
2026-06-12 04:04:00+00:00,174.6,174.91,174.51,174.6,556.13,273
2026-06-12 04:05:00+00:00,174.6,174.72,174.5,174.51,245.2,217
2026-06-12 04:06:00+00:00,174.51,174.79,174.27,174.49,1461.69,447
2026-06-12 04:07:00+00:00,174.49,174.5,174.08,174.08,493.93,193
2026-06-12 04:08:00+00:00,174.08,174.23,173.68,173.76,884.79,270
2026-06-12 04:09:00+00:00,173.77,174.18,173.03,173.21,1528.48,599
2026-06-12 04:10:00+00:00,173.13,173.42,173.08,173.19,424.2,180
2026-06-12 04:11:00+00:00,173.19,173.27,172.37,172.37,2483.95,309
2026-06-12 04:12:00+00:00,172.4,173.27,172.09,172.78,1304.64,365
2026-06-12 04:13:00+00:00,172.86,173.73,172.86,173.59,1280.3,368
2026-06-12 04:14:00+00:00,173.61,174.11,173.12,173.67,1138.05,414
2026-06-12 04:15:00+00:00,173.8,174.37,173.67,173.93,1243.96,471
2026-06-12 04:16:00+00:00,174.06,174.34,173.82,174.1,1512.55,335
2026-06-12 04:17:00+00:00,174.1,174.1,174.0,174.1,169.97,157
2026-06-12 04:18:00+00:00,174.1,174.1,173.52,173.52,422.62,166
2026-06-12 04:19:00+00:00,173.56,173.7,173.4,173.5,257.46,163
2026-06-12 04:20:00+00:00,173.5,173.62,172.65,172.74,628.31,164
2026-06-12 04:21:00+00:00,172.77,173.15,172.61,172.65,250.67,117
2026-06-12 04:22:00+00:00,172.7,173.11,172.46,172.9,1189.99,193
2026-06-12 04:23:00+00:00,172.9,172.9,172.79,172.79,712.24,101
2026-06-12 04:24:00+00:00,172.8,173.29,172.79,173.29,351.1,101
2026-06-12 04:25:00+00:00,173.2,173.61,173.19,173.52,89.08,72
2026-06-12 04:26:00+00:00,173.51,173.72,173.34,173.51,359.57,114
2026-06-12 04:27:00+00:00,173.45,173.94,173.44,173.9,52.23,77
2026-06-12 04:28:00+00:00,173.76,174.1,173.75,174.04,208.66,124
2026-06-12 04:29:00+00:00,173.95,174.04,173.75,173.87,71.89,73
2026-06-12 04:30:00+00:00,173.88,173.88,173.39,173.64,773.56,167
2026-06-12 04:31:00+00:00,173.57,174.2,173.5,173.89,409.31,137
2026-06-12 04:32:00+00:00,174.0,174.34,173.91,174.14,66.46,82
2026-06-12 04:33:00+00:00,173.99,174.37,173.94,174.22,71.02,106
2026-06-12 04:34:00+00:00,174.22,174.51,174.16,174.18,374.61,190
2026-06-12 04:35:00+00:00,174.13,174.6,174.13,174.56,386.67,192
2026-06-12 04:36:00+00:00,174.57,174.6,174.38,174.4,325.86,148
2026-06-12 04:37:00+00:00,174.4,174.46,173.96,174.28,204.81,178
2026-06-12 04:38:00+00:00,174.28,174.47,174.11,174.47,433.59,169
2026-06-12 04:39:00+00:00,174.65,174.9,174.59,174.77,720.87,173
2026-06-12 04:40:00+00:00,174.76,174.77,174.46,174.46,544.31,105
2026-06-12 04:41:00+00:00,174.51,174.6,174.37,174.5,349.02,81
2026-06-12 04:42:00+00:00,174.4,174.52,174.34,174.52,629.36,104
2026-06-12 04:43:00+00:00,174.52,174.9,174.49,174.65,1133.08,233
2026-06-12 04:44:00+00:00,174.65,175.0,174.6,174.9,1039.23,247
2026-06-12 04:45:00+00:00,174.88,175.0,174.79,174.92,1105.47,153
2026-06-12 04:46:00+00:00,174.92,175.0,174.84,174.89,1147.08,175
2026-06-12 04:47:00+00:00,174.89,175.0,174.4,175.0,1926.36,304
2026-06-12 04:48:00+00:00,174.95,175.0,173.99,174.09,2627.6,332
2026-06-12 04:49:00+00:00,174.34,174.61,173.99,174.49,1081.25,254
2026-06-12 04:50:00+00:00,174.49,174.7,174.4,174.7,268.69,99
2026-06-12 04:51:00+00:00,174.7,174.91,174.59,174.78,267.68,114
2026-06-12 04:52:00+00:00,174.87,174.95,174.56,174.6,433.96,182
2026-06-12 04:53:00+00:00,174.75,175.21,174.5,174.84,1420.97,344
2026-06-12 04:54:00+00:00,174.84,175.05,174.75,174.94,366.85,167
2026-06-12 04:55:00+00:00,174.94,175.25,174.93,175.04,693.57,187
2026-06-12 04:56:00+00:00,175.02,175.23,174.97,174.98,594.4,140
2026-06-12 04:57:00+00:00,175.03,175.19,174.5,175.02,1009.75,242
2026-06-12 04:58:00+00:00,175.0,175.31,174.93,175.0,930.18,195
2026-06-12 04:59:00+00:00,174.99,175.0,174.87,174.93,78.93,69
2026-06-12 05:00:00+00:00,174.93,175.3,174.93,175.3,833.56,192
2026-06-12 05:01:00+00:00,175.27,175.32,174.72,175.0,851.35,201
2026-06-12 05:02:00+00:00,174.96,175.19,174.83,175.03,299.48,128
2026-06-12 05:03:00+00:00,175.03,175.33,174.99,175.2,1102.83,400
2026-06-12 05:04:00+00:00,175.21,175.21,174.8,174.96,361.28,241
2026-06-12 05:05:00+00:00,174.97,175.11,174.3,174.97,1844.59,371
2026-06-12 05:06:00+00:00,174.95,175.02,174.46,175.0,1106.41,285
2026-06-12 05:07:00+00:00,174.96,175.23,174.79,175.07,1049.79,311
2026-06-12 05:08:00+00:00,175.07,175.31,174.99,175.04,953.21,424
2026-06-12 05:09:00+00:00,175.04,175.49,175.0,175.41,864.93,375
2026-06-12 05:10:00+00:00,175.49,175.64,175.28,175.45,538.44,157
2026-06-12 05:11:00+00:00,175.45,175.75,175.45,175.45,427.25,126
2026-06-12 05:12:00+00:00,175.4,175.56,175.21,175.31,341.56,109
2026-06-12 05:13:00+00:00,175.23,176.14,175.2,175.98,1885.11,239
2026-06-12 05:14:00+00:00,175.97,176.1,175.5,175.91,687.13,187
2026-06-12 05:15:00+00:00,175.88,176.2,175.81,176.03,396.96,125
2026-06-12 05:16:00+00:00,175.92,176.76,175.85,176.76,1365.74,194
2026-06-12 05:17:00+00:00,176.76,177.16,176.7,176.83,1516.59,243
2026-06-12 05:18:00+00:00,176.84,177.59,176.51,177.59,1240.13,245
2026-06-12 05:19:00+00:00,177.59,178.08,177.59,177.9,2719.55,294
2026-06-12 05:20:00+00:00,177.89,178.08,177.4,177.91,1609.2,338
2026-06-12 05:21:00+00:00,177.9,178.08,177.3,177.73,1508.01,307
2026-06-12 05:22:00+00:00,177.78,178.5,177.69,178.36,2166.18,331
2026-06-12 05:23:00+00:00,178.36,179.8,177.95,179.06,4729.15,817
2026-06-12 05:24:00+00:00,179.06,179.82,178.43,178.9,3711.03,717
2026-06-12 05:25:00+00:00,179.11,179.52,178.54,179.48,3015.24,800
2026-06-12 05:26:00+00:00,179.48,180.0,178.99,179.9,4109.66,840
2026-06-12 05:27:00+00:00,179.9,181.0,179.51,180.91,5935.59,1015
2026-06-12 05:28:00+00:00,180.92,182.17,180.65,182.17,5965.25,918
2026-06-12 05:29:00+00:00,182.08,183.11,181.43,182.94,4402.03,634
2026-06-12 05:30:00+00:00,182.94,184.86,182.94,183.95,8008.46,759
2026-06-12 05:31:00+00:00,183.95,184.01,181.3,183.6,4759.5,693
2026-06-12 05:32:00+00:00,183.69,184.29,183.47,183.99,3147.63,504
2026-06-12 05:33:00+00:00,184.14,184.99,183.49,184.84,3666.11,678
2026-06-12 05:34:00+00:00,184.89,185.0,184.21,184.35,3072.39,494
2026-06-12 05:35:00+00:00,184.35,184.76,183.67,183.71,2043.71,404
2026-06-12 05:36:00+00:00,183.81,184.39,183.33,183.5,5165.07,406
2026-06-12 05:37:00+00:00,183.43,183.6,181.55,182.0,3892.43,626
2026-06-12 05:38:00+00:00,182.02,183.69,182.0,183.16,1580.38,406
2026-06-12 05:39:00+00:00,183.25,183.83,182.95,183.67,1343.58,356
2026-06-12 05:40:00+00:00,183.78,183.78,182.71,182.76,2155.79,403
2026-06-12 05:41:00+00:00,183.01,183.01,182.15,182.15,2540.88,387
2026-06-12 05:42:00+00:00,182.16,182.59,181.49,181.88,1850.9,379
2026-06-12 05:43:00+00:00,182.03,182.23,181.14,181.15,1266.71,370
2026-06-12 05:44:00+00:00,181.15,181.26,178.39,180.63,3983.68,804
2026-06-12 05:45:00+00:00,180.53,181.74,179.73,179.73,2212.42,480
2026-06-12 05:46:00+00:00,179.79,180.46,179.0,180.4,2649.36,513
2026-06-12 05:47:00+00:00,180.39,181.61,180.37,181.5,1288.1,299
2026-06-12 05:48:00+00:00,181.5,181.73,180.75,180.75,953.68,283
2026-06-12 05:49:00+00:00,180.98,181.58,180.62,181.52,1187.41,361
2026-06-12 05:50:00+00:00,181.5,181.88,181.14,181.69,966.85,269
2026-06-12 05:51:00+00:00,181.69,182.83,181.29,182.72,3538.83,908
2026-06-12 05:52:00+00:00,182.72,183.6,182.65,183.05,2199.07,809
2026-06-12 05:53:00+00:00,183.25,183.37,182.31,182.33,4036.55,575
2026-06-12 05:54:00+00:00,182.33,182.35,180.68,181.41,2822.85,658
2026-06-12 05:55:00+00:00,181.48,182.0,181.39,181.79,1718.09,419
2026-06-12 05:56:00+00:00,181.79,182.26,181.11,181.19,1481.74,349
2026-06-12 05:57:00+00:00,181.18,182.44,181.13,181.8,1865.1,446
2026-06-12 05:58:00+00:00,181.92,182.06,181.6,182.06,1011.55,244
2026-06-12 05:59:00+00:00,181.99,182.05,181.6,181.72,1326.84,250
2026-06-12 06:00:00+00:00,181.71,181.97,181.14,181.14,1746.25,295
2026-06-12 06:01:00+00:00,181.32,181.33,179.51,180.55,2317.76,514
2026-06-12 06:02:00+00:00,180.55,180.62,179.89,180.21,1187.56,340
2026-06-12 06:03:00+00:00,180.2,180.88,180.04,180.54,1546.17,294
2026-06-12 06:04:00+00:00,180.71,180.96,179.81,180.29,1033.82,358
2026-06-12 06:05:00+00:00,180.23,181.39,179.97,180.66,1715.86,424
2026-06-12 06:06:00+00:00,180.66,180.9,180.2,180.52,717.72,221
2026-06-12 06:07:00+00:00,180.52,180.52,179.62,180.31,957.37,277
2026-06-12 06:08:00+00:00,180.4,180.85,180.4,180.85,492.15,158
2026-06-12 06:09:00+00:00,180.84,182.11,180.81,181.91,1315.9,314
2026-06-12 06:10:00+00:00,181.96,181.96,181.26,181.81,556.86,189
2026-06-12 06:11:00+00:00,181.81,181.81,181.38,181.5,401.66,146
2026-06-12 06:12:00+00:00,181.5,181.59,181.04,181.41,524.64,170
2026-06-12 06:13:00+00:00,181.37,181.64,181.01,181.18,548.66,159
2026-06-12 06:14:00+00:00,181.08,181.3,181.02,181.2,557.1,182
2026-06-12 06:15:00+00:00,181.19,181.3,180.0,180.13,1848.7,288
2026-06-12 06:16:00+00:00,180.11,180.14,179.5,180.03,1858.89,322
2026-06-12 06:17:00+00:00,179.94,180.15,179.8,179.98,903.5,220
2026-06-12 06:18:00+00:00,179.97,180.98,179.94,180.88,903.11,249
2026-06-12 06:19:00+00:00,180.86,182.11,180.76,181.24,2158.28,505
2026-06-12 06:20:00+00:00,181.35,182.12,180.5,181.19,1817.73,301
2026-06-12 06:21:00+00:00,181.19,181.43,180.57,181.06,1712.62,224
2026-06-12 06:22:00+00:00,181.26,181.43,180.8,181.4,355.68,181
2026-06-12 06:23:00+00:00,181.39,181.4,180.59,180.98,750.16,310
2026-06-12 06:24:00+00:00,180.98,181.38,180.65,181.16,1191.93,270
2026-06-12 06:25:00+00:00,181.15,181.16,180.19,180.51,1169.98,257
2026-06-12 06:26:00+00:00,180.5,180.62,180.21,180.37,924.5,215
2026-06-12 06:27:00+00:00,180.37,180.54,180.26,180.3,996.77,226
2026-06-12 06:28:00+00:00,180.3,180.42,179.7,179.77,1063.05,203
2026-06-12 06:29:00+00:00,179.76,180.44,179.4,180.06,1379.82,288
2026-06-12 06:30:00+00:00,180.06,180.09,179.23,179.4,1679.22,296
2026-06-12 06:31:00+00:00,179.43,180.18,179.12,180.1,2819.6,528
2026-06-12 06:32:00+00:00,180.1,180.49,179.82,180.16,864.82,264
2026-06-12 06:33:00+00:00,180.07,180.1,179.57,179.61,598.54,278
2026-06-12 06:34:00+00:00,179.55,179.97,179.32,179.71,1017.05,378
2026-06-12 06:35:00+00:00,179.73,180.33,179.69,180.11,810.92,276
2026-06-12 06:36:00+00:00,180.29,180.33,180.0,180.19,397.59,183
2026-06-12 06:37:00+00:00,180.17,180.21,179.74,179.99,868.07,260
2026-06-12 06:38:00+00:00,179.91,180.02,179.32,179.9,831.57,243
2026-06-12 06:39:00+00:00,179.92,180.3,179.84,179.92,1241.92,298
2026-06-12 06:40:00+00:00,179.96,180.49,179.91,180.27,1041.41,278
2026-06-12 06:41:00+00:00,180.32,180.4,179.98,180.38,901.05,281
2026-06-12 06:42:00+00:00,180.31,180.4,179.92,179.93,617.84,187
2026-06-12 06:43:00+00:00,179.98,180.1,179.52,179.8,735.03,204
2026-06-12 06:44:00+00:00,179.8,179.91,179.6,179.75,815.62,285
2026-06-12 06:45:00+00:00,179.74,179.89,179.44,179.51,1127.18,274
2026-06-12 06:46:00+00:00,179.71,179.71,178.75,178.91,1481.47,306
2026-06-12 06:47:00+00:00,179.0,179.32,178.75,178.75,2411.64,311
2026-06-12 06:48:00+00:00,178.8,179.52,178.13,178.35,1961.4,358
2026-06-12 06:49:00+00:00,178.49,178.54,176.59,177.53,3955.93,580
2026-06-12 06:50:00+00:00,177.86,178.61,177.7,178.54,976.36,276
2026-06-12 06:51:00+00:00,178.54,178.89,177.99,178.1,1431.5,289
2026-06-12 06:52:00+00:00,178.2,178.43,176.79,177.18,2033.55,466
2026-06-12 06:53:00+00:00,177.18,178.62,177.13,177.92,1664.79,440
2026-06-12 06:54:00+00:00,177.92,178.0,177.49,177.59,712.34,230
2026-06-12 06:55:00+00:00,177.63,177.97,176.0,176.98,1649.29,367
2026-06-12 06:56:00+00:00,177.02,177.32,176.64,176.64,960.69,226
2026-06-12 06:57:00+00:00,176.71,177.21,175.47,175.83,3704.4,694
2026-06-12 06:58:00+00:00,175.78,175.86,174.07,174.98,4502.08,535
2026-06-12 06:59:00+00:00,175.09,175.6,174.02,175.53,3226.36,518
2026-06-12 07:00:00+00:00,175.53,176.53,175.53,176.26,1110.09,339
2026-06-12 07:01:00+00:00,176.32,176.87,176.15,176.87,996.13,221
2026-06-12 07:02:00+00:00,176.8,177.55,176.12,176.36,1593.69,306
2026-06-12 07:03:00+00:00,176.33,176.77,175.32,176.56,1822.05,352
2026-06-12 07:04:00+00:00,176.51,176.66,175.87,175.99,871.28,163
2026-06-12 07:05:00+00:00,175.93,176.52,175.93,176.4,601.52,159
2026-06-12 07:06:00+00:00,176.5,177.42,176.4,176.89,1306.62,236
2026-06-12 07:07:00+00:00,176.92,177.19,176.43,176.49,630.16,247
2026-06-12 07:08:00+00:00,176.59,176.66,176.4,176.58,859.99,217
2026-06-12 07:09:00+00:00,176.61,176.74,176.4,176.42,914.02,186
2026-06-12 07:10:00+00:00,176.54,176.75,176.0,176.11,903.06,236
2026-06-12 07:11:00+00:00,176.11,176.61,175.86,176.13,789.47,237
2026-06-12 07:12:00+00:00,176.28,176.29,175.83,175.91,256.52,132
2026-06-12 07:13:00+00:00,175.92,176.91,175.77,175.81,1700.02,363
2026-06-12 07:14:00+00:00,175.87,175.87,174.0,174.0,1758.94,395
2026-06-12 07:15:00+00:00,174.01,175.1,173.0,174.71,3614.38,767
2026-06-12 07:16:00+00:00,174.66,175.77,174.41,175.51,1141.33,461
2026-06-12 07:17:00+00:00,175.43,175.5,174.62,174.78,618.76,213
2026-06-12 07:18:00+00:00,174.94,175.47,174.72,175.24,436.77,194
2026-06-12 07:19:00+00:00,175.26,175.7,174.84,175.55,1352.61,189
2026-06-12 07:20:00+00:00,175.56,177.63,175.56,177.08,1427.15,413
2026-06-12 07:21:00+00:00,177.06,177.06,176.21,176.61,1254.39,319
2026-06-12 07:22:00+00:00,176.71,176.87,176.52,176.71,1191.0,263
2026-06-12 07:23:00+00:00,176.67,176.8,176.36,176.54,1577.31,292
2026-06-12 07:24:00+00:00,176.54,176.65,176.19,176.41,1683.49,215
2026-06-12 07:25:00+00:00,176.43,176.46,176.0,176.0,926.85,174
2026-06-12 07:26:00+00:00,176.0,176.22,175.55,176.0,1195.2,244
2026-06-12 07:27:00+00:00,175.94,176.23,175.51,175.95,2113.73,334
2026-06-12 07:28:00+00:00,176.16,176.39,176.0,176.12,1123.62,224
2026-06-12 07:29:00+00:00,176.1,176.31,176.0,176.16,524.76,119
2026-06-12 07:30:00+00:00,176.1,176.78,176.1,176.2,2030.26,324
2026-06-12 07:31:00+00:00,176.33,176.93,176.22,176.75,810.2,216
2026-06-12 07:32:00+00:00,176.84,177.1,176.56,176.56,1114.78,322
2026-06-12 07:33:00+00:00,176.52,177.19,176.5,177.05,2065.03,428
2026-06-12 07:34:00+00:00,177.01,177.52,176.6,176.7,1326.05,317
2026-06-12 07:35:00+00:00,176.71,177.0,176.55,176.78,1374.05,337
2026-06-12 07:36:00+00:00,176.8,176.89,176.48,176.5,727.73,173
2026-06-12 07:37:00+00:00,176.45,177.57,176.45,176.66,2233.06,333
2026-06-12 07:38:00+00:00,176.65,176.91,176.48,176.69,666.09,210
2026-06-12 07:39:00+00:00,176.67,177.3,176.57,176.72,1746.26,373
2026-06-12 07:40:00+00:00,176.73,176.98,176.64,176.64,1420.39,268
2026-06-12 07:41:00+00:00,176.65,177.11,176.46,176.67,1172.38,284
2026-06-12 07:42:00+00:00,176.8,177.15,176.63,176.81,788.0,263
2026-06-12 07:43:00+00:00,176.84,177.19,176.75,176.94,710.42,228
2026-06-12 07:44:00+00:00,176.84,176.89,176.62,176.76,237.83,148
2026-06-12 07:45:00+00:00,176.83,177.32,176.69,176.76,1035.46,243
2026-06-12 07:46:00+00:00,176.76,177.18,176.63,176.91,885.03,217
2026-06-12 07:47:00+00:00,176.88,176.97,176.69,176.79,520.25,163
2026-06-12 07:48:00+00:00,176.79,176.79,176.46,176.47,383.35,147
2026-06-12 07:49:00+00:00,176.47,176.73,176.46,176.58,730.36,200
2026-06-12 07:50:00+00:00,176.68,176.99,176.58,176.8,556.17,174
2026-06-12 07:51:00+00:00,176.71,177.45,176.71,177.07,777.16,203
2026-06-12 07:52:00+00:00,177.1,177.11,176.67,176.9,496.49,160
2026-06-12 07:53:00+00:00,176.86,177.01,176.67,176.67,807.24,175
2026-06-12 07:54:00+00:00,176.73,177.13,176.69,176.7,488.21,136
2026-06-12 07:55:00+00:00,176.68,177.03,176.68,176.81,733.67,227
2026-06-12 07:56:00+00:00,176.78,177.03,176.77,176.94,377.42,159
2026-06-12 07:57:00+00:00,176.93,177.1,176.67,176.99,568.02,180
2026-06-12 07:58:00+00:00,176.94,177.03,176.6,176.66,463.42,164
2026-06-12 07:59:00+00:00,176.69,176.91,176.69,176.73,525.19,170
2026-06-12 08:00:00+00:00,176.72,177.07,176.69,176.81,743.88,201
2026-06-12 08:01:00+00:00,176.72,176.86,176.6,176.86,262.53,138
2026-06-12 08:02:00+00:00,176.72,177.0,176.65,176.86,1012.55,172
2026-06-12 08:03:00+00:00,176.86,177.0,176.57,177.0,496.12,142
2026-06-12 08:04:00+00:00,176.9,177.15,176.76,176.98,1259.89,230
2026-06-12 08:05:00+00:00,176.85,177.12,176.76,176.76,762.34,199
2026-06-12 08:06:00+00:00,176.78,176.9,176.62,176.76,2009.42,231
2026-06-12 08:07:00+00:00,176.76,176.76,176.52,176.52,520.28,162
2026-06-12 08:08:00+00:00,176.54,176.54,175.2,175.23,4893.65,484
2026-06-12 08:09:00+00:00,175.2,175.6,175.0,175.22,2826.39,317
2026-06-12 08:10:00+00:00,175.2,175.69,175.2,175.5,1039.43,205
2026-06-12 08:11:00+00:00,175.49,175.7,175.07,175.66,3729.06,311
2026-06-12 08:12:00+00:00,175.65,175.74,175.25,175.31,347.28,140
2026-06-12 08:13:00+00:00,175.39,175.47,175.1,175.32,625.42,138
2026-06-12 08:14:00+00:00,175.14,175.67,175.11,175.5,839.77,189
2026-06-12 08:15:00+00:00,175.5,176.27,175.47,176.22,626.72,169
2026-06-12 08:16:00+00:00,176.11,176.19,175.2,175.41,1174.52,267
2026-06-12 08:17:00+00:00,175.37,175.55,175.14,175.42,1103.36,207
2026-06-12 08:18:00+00:00,175.41,175.9,175.36,175.5,1172.34,182
2026-06-12 08:19:00+00:00,175.54,175.81,175.07,175.39,1588.4,212
2026-06-12 08:20:00+00:00,175.23,175.33,174.0,174.11,3307.39,377
2026-06-12 08:21:00+00:00,174.08,174.28,173.93,174.02,2390.06,247
2026-06-12 08:22:00+00:00,174.06,174.13,173.2,173.2,4370.69,468
2026-06-12 08:23:00+00:00,173.2,173.81,173.1,173.65,1072.4,352
2026-06-12 08:24:00+00:00,173.7,174.2,173.18,173.76,846.28,301
2026-06-12 08:25:00+00:00,173.76,174.0,173.39,173.8,531.63,169
2026-06-12 08:26:00+00:00,173.8,174.0,173.76,173.87,211.39,100
2026-06-12 08:27:00+00:00,173.82,174.43,173.53,173.88,606.61,212
2026-06-12 08:28:00+00:00,173.95,174.26,173.61,173.86,682.0,248
2026-06-12 08:29:00+00:00,173.79,174.11,173.0,173.14,3091.99,426
2026-06-12 08:30:00+00:00,173.22,173.78,172.83,173.32,1301.43,279
2026-06-12 08:31:00+00:00,173.32,173.5,172.86,173.04,1597.18,215
2026-06-12 08:32:00+00:00,173.06,173.71,172.76,172.81,764.33,231
2026-06-12 08:33:00+00:00,172.76,173.25,172.62,172.78,1264.12,245
2026-06-12 08:34:00+00:00,172.78,173.1,172.53,172.83,2341.91,289
2026-06-12 08:35:00+00:00,172.81,172.87,172.0,172.17,2614.4,353
2026-06-12 08:36:00+00:00,172.25,172.41,171.41,172.25,5264.05,516
2026-06-12 08:37:00+00:00,172.28,172.95,172.14,172.92,3761.01,428
2026-06-12 08:38:00+00:00,172.87,174.59,172.85,174.59,1277.34,282
2026-06-12 08:39:00+00:00,174.61,175.95,174.49,174.86,2962.77,441
2026-06-12 08:40:00+00:00,174.71,174.98,174.05,174.69,1669.9,344
2026-06-12 08:41:00+00:00,174.8,177.2,174.78,176.76,2410.33,495
2026-06-12 08:42:00+00:00,176.96,176.97,176.03,176.23,1293.31,329
2026-06-12 08:43:00+00:00,176.23,177.59,176.13,176.9,2092.17,475
2026-06-12 08:44:00+00:00,176.93,176.93,176.19,176.26,1033.3,332
2026-06-12 08:45:00+00:00,176.25,176.75,175.63,176.54,2440.56,344
2026-06-12 08:46:00+00:00,176.64,176.96,176.14,176.43,1731.52,193
2026-06-12 08:47:00+00:00,176.43,176.93,176.18,176.42,1710.62,452
2026-06-12 08:48:00+00:00,176.37,176.76,176.19,176.65,588.38,235
2026-06-12 08:49:00+00:00,176.66,176.9,175.6,175.72,1480.18,327
2026-06-12 08:50:00+00:00,175.76,176.02,174.82,176.0,2571.35,452
2026-06-12 08:51:00+00:00,176.13,176.81,175.96,176.21,1377.86,413
2026-06-12 08:52:00+00:00,176.12,176.27,175.63,175.83,1092.74,311
2026-06-12 08:53:00+00:00,175.78,175.91,175.05,175.64,1257.62,181
2026-06-12 08:54:00+00:00,175.65,176.17,175.17,175.84,4257.38,611
2026-06-12 08:55:00+00:00,175.85,176.27,175.54,175.79,1164.16,363
2026-06-12 08:56:00+00:00,175.78,175.86,175.09,175.24,1188.83,323
2026-06-12 08:57:00+00:00,175.09,175.29,174.39,174.59,1063.83,257
2026-06-12 08:58:00+00:00,174.54,175.27,174.44,174.87,805.78,267
2026-06-12 08:59:00+00:00,174.87,175.28,174.83,174.91,555.16,236
2026-06-12 09:00:00+00:00,174.93,176.42,174.93,175.8,2247.55,474
2026-06-12 09:01:00+00:00,175.83,176.24,175.28,175.47,712.26,257
2026-06-12 09:02:00+00:00,175.52,176.01,175.49,175.98,596.04,129
2026-06-12 09:03:00+00:00,175.98,176.63,175.96,176.1,971.24,268
2026-06-12 09:04:00+00:00,176.06,176.67,176.01,176.46,697.05,194
2026-06-12 09:05:00+00:00,176.46,176.86,176.24,176.35,1372.98,250
2026-06-12 09:06:00+00:00,176.3,177.0,176.16,176.54,2015.79,309
2026-06-12 09:07:00+00:00,176.51,177.16,176.51,177.0,1049.31,243
2026-06-12 09:08:00+00:00,177.0,177.02,176.46,176.82,1722.27,357
2026-06-12 09:09:00+00:00,176.81,177.94,176.71,176.71,2462.82,491
2026-06-12 09:10:00+00:00,176.78,177.19,176.66,176.98,933.89,296
2026-06-12 09:11:00+00:00,176.98,177.16,176.62,176.69,827.57,207
2026-06-12 09:12:00+00:00,176.65,176.74,175.85,176.19,3445.77,452
2026-06-12 09:13:00+00:00,176.19,176.39,175.97,176.2,756.76,216
2026-06-12 09:14:00+00:00,176.19,176.29,175.96,176.25,1116.77,204
2026-06-12 09:15:00+00:00,176.29,176.83,176.21,176.41,1368.27,212
2026-06-12 09:16:00+00:00,176.32,176.42,175.32,175.44,1606.85,378
2026-06-12 09:17:00+00:00,175.46,175.93,175.36,175.85,1760.55,279
2026-06-12 09:18:00+00:00,175.85,175.89,175.49,175.75,1660.5,222
2026-06-12 09:19:00+00:00,175.7,176.07,175.65,175.91,752.71,182
2026-06-12 09:20:00+00:00,175.91,176.28,175.9,176.19,965.81,230
2026-06-12 09:21:00+00:00,176.21,176.76,176.17,176.69,1668.65,245
2026-06-12 09:22:00+00:00,176.68,176.87,176.43,176.47,1315.34,248
2026-06-12 09:23:00+00:00,176.45,176.64,176.18,176.3,770.8,258
2026-06-12 09:24:00+00:00,176.3,177.73,176.3,176.87,3621.0,429
2026-06-12 09:25:00+00:00,176.84,177.34,176.41,176.5,722.93,249
2026-06-12 09:26:00+00:00,176.49,176.91,176.25,176.7,1029.72,307
2026-06-12 09:27:00+00:00,176.77,176.9,176.53,176.76,598.99,201
2026-06-12 09:28:00+00:00,176.79,177.0,176.45,176.47,769.82,243
2026-06-12 09:29:00+00:00,176.46,176.71,176.28,176.42,446.64,216
2026-06-12 09:30:00+00:00,176.39,176.56,176.25,176.35,539.46,187
2026-06-12 09:31:00+00:00,176.34,176.98,176.27,176.77,959.1,298
2026-06-12 09:32:00+00:00,176.74,177.1,176.62,176.86,853.96,254
2026-06-12 09:33:00+00:00,176.86,177.11,176.69,176.98,1439.27,206
2026-06-12 09:34:00+00:00,177.02,177.44,176.99,177.39,1177.03,314
2026-06-12 09:35:00+00:00,177.38,177.71,177.37,177.64,1086.48,278
2026-06-12 09:36:00+00:00,177.65,178.41,177.64,178.07,1274.45,309
2026-06-12 09:37:00+00:00,178.08,178.08,177.67,178.07,728.34,257
2026-06-12 09:38:00+00:00,178.06,178.39,177.9,178.03,1221.0,272
2026-06-12 09:39:00+00:00,177.97,177.97,177.64,177.84,2376.48,229
2026-06-12 09:40:00+00:00,177.82,178.9,177.73,178.71,1353.78,320
2026-06-12 09:41:00+00:00,178.72,179.85,178.61,179.49,1819.64,345
2026-06-12 09:42:00+00:00,179.49,180.0,178.87,178.88,1878.26,418
2026-06-12 09:43:00+00:00,178.88,179.37,178.8,178.85,1626.75,227
2026-06-12 09:44:00+00:00,178.92,179.29,178.65,179.12,1663.92,291
2026-06-12 09:45:00+00:00,179.12,179.3,178.5,178.59,1492.27,261
2026-06-12 09:46:00+00:00,178.59,178.86,178.18,178.73,1193.32,308
2026-06-12 09:47:00+00:00,178.81,179.15,178.43,178.85,1064.56,274
2026-06-12 09:48:00+00:00,178.85,179.29,178.85,179.1,725.54,189
2026-06-12 09:49:00+00:00,179.09,179.2,177.76,177.87,1374.62,278
2026-06-12 09:50:00+00:00,177.85,178.41,177.78,178.37,1909.33,255
2026-06-12 09:51:00+00:00,178.2,178.5,178.06,178.5,1422.99,241
2026-06-12 09:52:00+00:00,178.3,178.5,178.1,178.1,1107.7,266
2026-06-12 09:53:00+00:00,178.08,178.14,177.51,177.64,1860.15,368
2026-06-12 09:54:00+00:00,177.81,177.99,177.55,177.73,1915.38,248
2026-06-12 09:55:00+00:00,177.74,177.89,177.56,177.56,1846.38,269
2026-06-12 09:56:00+00:00,177.53,178.33,177.46,177.85,1537.02,318
2026-06-12 09:57:00+00:00,177.92,178.34,177.5,177.79,2359.41,341
2026-06-12 09:58:00+00:00,177.78,178.0,177.56,177.72,611.61,198
2026-06-12 09:59:00+00:00,177.73,177.93,177.46,177.46,1129.7,278
2026-06-12 10:00:00+00:00,177.45,177.85,177.37,177.79,997.59,222
2026-06-12 10:01:00+00:00,177.9,178.13,177.63,178.03,852.13,192
2026-06-12 10:02:00+00:00,178.05,178.47,178.05,178.17,652.13,251
2026-06-12 10:03:00+00:00,178.16,178.3,177.75,177.85,1035.71,264
2026-06-12 10:04:00+00:00,177.91,178.4,177.71,178.4,745.8,209
2026-06-12 10:05:00+00:00,178.22,179.51,178.07,178.48,4554.4,505
2026-06-12 10:06:00+00:00,178.38,178.38,177.94,178.06,1232.71,258
2026-06-12 10:07:00+00:00,178.09,178.26,177.94,177.95,1122.5,261
2026-06-12 10:08:00+00:00,177.95,178.32,177.84,177.99,1302.3,294
2026-06-12 10:09:00+00:00,177.98,178.08,177.75,177.86,1415.73,285
2026-06-12 10:10:00+00:00,177.88,178.02,176.93,176.93,2329.36,428
2026-06-12 10:11:00+00:00,177.15,177.62,176.82,177.57,1108.4,304
2026-06-12 10:12:00+00:00,177.56,177.85,177.43,177.61,2534.38,369
2026-06-12 10:13:00+00:00,177.65,177.71,177.17,177.18,615.61,219
2026-06-12 10:14:00+00:00,177.2,177.27,177.0,177.0,773.13,269
2026-06-12 10:15:00+00:00,177.0,177.22,176.62,176.96,1115.87,369
2026-06-12 10:16:00+00:00,176.97,177.41,176.95,177.31,1288.66,327
2026-06-12 10:17:00+00:00,177.39,178.08,177.31,177.44,1089.33,232
2026-06-12 10:18:00+00:00,177.48,178.0,177.43,177.72,834.82,284
2026-06-12 10:19:00+00:00,177.75,177.97,177.43,177.83,724.25,271
2026-06-12 10:20:00+00:00,177.84,178.26,177.84,178.17,749.18,240
2026-06-12 10:21:00+00:00,178.08,178.47,177.82,177.85,2553.19,352
2026-06-12 10:22:00+00:00,177.85,178.29,177.72,178.29,841.66,218
2026-06-12 10:23:00+00:00,178.29,178.78,177.98,177.99,2033.99,466
2026-06-12 10:24:00+00:00,177.98,178.13,177.51,177.64,430.71,169
2026-06-12 10:25:00+00:00,177.65,177.75,176.63,176.63,1662.12,274
2026-06-12 10:26:00+00:00,176.58,176.77,173.96,174.1,7173.81,1080
2026-06-12 10:27:00+00:00,174.1,174.98,173.95,174.71,2827.0,560
2026-06-12 10:28:00+00:00,174.71,175.35,174.11,175.35,3501.7,661
2026-06-12 10:29:00+00:00,175.35,175.45,174.2,174.44,3664.42,579
2026-06-12 10:30:00+00:00,174.31,174.88,173.59,174.5,2682.08,543
2026-06-12 10:31:00+00:00,174.55,174.55,173.56,173.98,2065.76,426
2026-06-12 10:32:00+00:00,174.01,175.47,173.86,175.18,1363.38,406
2026-06-12 10:33:00+00:00,175.19,176.0,174.82,175.21,2078.26,506
2026-06-12 10:34:00+00:00,175.15,176.09,175.14,175.97,2146.58,371
2026-06-12 10:35:00+00:00,175.97,176.75,175.79,176.54,1655.36,398
2026-06-12 10:36:00+00:00,176.48,176.62,176.11,176.59,1299.6,352
2026-06-12 10:37:00+00:00,176.62,176.8,176.25,176.56,1723.03,404
2026-06-12 10:38:00+00:00,176.56,176.8,176.11,176.23,774.5,284
2026-06-12 10:39:00+00:00,176.16,176.8,176.04,176.53,2020.81,340
2026-06-12 10:40:00+00:00,176.54,176.59,175.5,175.56,1719.09,282
2026-06-12 10:41:00+00:00,175.63,176.07,175.2,175.57,1714.51,326
2026-06-12 10:42:00+00:00,175.57,176.0,175.01,175.88,1734.0,319
2026-06-12 10:43:00+00:00,175.87,176.33,175.87,176.15,990.57,250
2026-06-12 10:44:00+00:00,176.05,176.65,175.7,176.31,2832.88,332
2026-06-12 10:45:00+00:00,176.31,176.67,176.06,176.58,1261.5,203
2026-06-12 10:46:00+00:00,176.57,176.65,175.91,176.0,1295.9,206
2026-06-12 10:47:00+00:00,175.99,176.45,175.85,176.12,1375.06,279
2026-06-12 10:48:00+00:00,176.04,176.49,175.39,175.82,2258.19,432
2026-06-12 10:49:00+00:00,175.84,176.32,175.66,176.05,1824.8,373
2026-06-12 10:50:00+00:00,176.04,176.23,175.56,175.58,1003.54,229
2026-06-12 10:51:00+00:00,175.58,175.59,174.99,175.16,3159.09,358
2026-06-12 10:52:00+00:00,175.12,175.71,175.11,175.68,980.97,261
2026-06-12 10:53:00+00:00,175.67,175.74,174.94,175.0,1325.63,257
2026-06-12 10:54:00+00:00,175.0,175.7,174.9,175.58,1735.98,277
2026-06-12 10:55:00+00:00,175.59,175.79,175.35,175.41,839.59,215
2026-06-12 10:56:00+00:00,175.36,175.73,175.35,175.57,586.41,255
2026-06-12 10:57:00+00:00,175.62,175.64,175.3,175.56,1244.6,316
2026-06-12 10:58:00+00:00,175.56,175.56,174.8,175.43,2924.31,468
2026-06-12 10:59:00+00:00,175.45,175.56,175.23,175.5,1404.08,265
2026-06-12 11:00:00+00:00,175.59,176.31,175.49,175.99,1692.46,286
2026-06-12 11:01:00+00:00,175.99,176.5,175.3,175.59,3183.52,428
2026-06-12 11:02:00+00:00,175.67,176.11,175.01,175.8,2990.95,436
2026-06-12 11:03:00+00:00,175.74,175.87,174.87,175.29,2229.66,405
2026-06-12 11:04:00+00:00,175.29,175.81,174.92,175.58,2430.68,408
2026-06-12 11:05:00+00:00,175.57,175.66,174.72,175.04,2976.53,604
2026-06-12 11:06:00+00:00,175.06,175.46,174.17,174.81,2678.34,573
2026-06-12 11:07:00+00:00,174.81,174.96,174.25,174.59,2206.45,542
2026-06-12 11:08:00+00:00,174.58,175.13,174.55,174.81,1723.65,271
2026-06-12 11:09:00+00:00,174.79,175.51,174.69,175.13,832.81,277
2026-06-12 11:10:00+00:00,175.11,175.19,174.61,174.94,2770.88,419
2026-06-12 11:11:00+00:00,174.94,175.06,174.5,174.85,3551.09,528
2026-06-12 11:12:00+00:00,174.84,175.06,174.79,174.95,880.85,239
2026-06-12 11:13:00+00:00,174.95,175.13,174.59,174.63,1180.61,292
2026-06-12 11:14:00+00:00,174.91,175.17,174.79,175.1,922.62,215
2026-06-12 11:15:00+00:00,175.18,175.92,175.1,175.26,3376.76,457
2026-06-12 11:16:00+00:00,175.3,175.95,175.26,175.89,1033.05,291
2026-06-12 11:17:00+00:00,175.88,175.99,175.67,175.92,877.33,189
2026-06-12 11:18:00+00:00,175.87,176.12,175.64,175.93,999.03,201
2026-06-12 11:19:00+00:00,175.92,176.08,175.72,175.99,636.33,167
2026-06-12 11:20:00+00:00,176.02,176.36,175.84,176.14,1819.86,292
2026-06-12 11:21:00+00:00,176.1,176.12,175.45,175.63,2255.24,246
2026-06-12 11:22:00+00:00,175.65,176.08,175.49,176.06,1216.6,193
2026-06-12 11:23:00+00:00,176.01,177.55,175.93,177.29,2394.14,344
2026-06-12 11:24:00+00:00,177.48,177.86,176.63,176.91,2261.26,448
2026-06-12 11:25:00+00:00,176.77,177.58,175.95,177.25,3207.96,672
2026-06-12 11:26:00+00:00,177.24,177.7,176.92,177.44,4864.04,548
2026-06-12 11:27:00+00:00,177.37,177.6,176.53,176.66,2437.51,426
2026-06-12 11:28:00+00:00,176.6,177.3,176.54,176.94,2666.74,406
2026-06-12 11:29:00+00:00,176.93,177.0,176.51,177.0,1807.15,291
2026-06-12 11:30:00+00:00,176.99,177.86,176.89,177.6,4043.28,419
2026-06-12 11:31:00+00:00,177.6,178.14,177.33,178.1,1653.98,245
2026-06-12 11:32:00+00:00,178.04,178.4,177.82,178.13,1026.3,231
2026-06-12 11:33:00+00:00,178.12,178.21,177.6,178.0,1418.73,228
2026-06-12 11:34:00+00:00,178.0,178.19,177.76,177.95,751.85,171
2026-06-12 11:35:00+00:00,177.95,178.26,177.75,177.98,872.7,237
2026-06-12 11:36:00+00:00,177.86,178.22,177.76,177.98,1093.36,201
2026-06-12 11:37:00+00:00,177.9,178.53,177.87,178.49,1792.92,244
2026-06-12 11:38:00+00:00,178.46,178.6,177.84,178.24,2022.3,286
2026-06-12 11:39:00+00:00,178.12,178.26,177.23,177.38,854.14,175
2026-06-12 11:40:00+00:00,177.36,177.8,177.0,177.32,1942.92,372
2026-06-12 11:41:00+00:00,177.32,178.4,177.32,178.13,2245.68,293
2026-06-12 11:42:00+00:00,178.08,178.59,178.07,178.34,2110.52,311
2026-06-12 11:43:00+00:00,178.3,178.48,177.65,177.75,509.82,166
2026-06-12 11:44:00+00:00,177.78,178.16,177.66,177.9,1286.53,208
2026-06-12 11:45:00+00:00,177.88,178.15,177.5,177.65,1171.03,157
2026-06-12 11:46:00+00:00,177.7,178.24,177.54,177.83,1384.88,271
2026-06-12 11:47:00+00:00,177.81,178.12,177.5,177.97,1417.06,220
2026-06-12 11:48:00+00:00,177.98,178.41,177.87,178.02,1433.13,189
2026-06-12 11:49:00+00:00,178.04,178.24,177.53,178.0,928.37,240
2026-06-12 11:50:00+00:00,178.0,178.09,177.67,177.87,1015.29,203
2026-06-12 11:51:00+00:00,177.94,177.94,177.39,177.63,1234.71,207
2026-06-12 11:52:00+00:00,177.62,177.65,177.02,177.42,1619.75,214
2026-06-12 11:53:00+00:00,177.4,177.5,176.99,177.48,1291.89,193
2026-06-12 11:54:00+00:00,177.42,177.5,177.23,177.47,592.8,152
2026-06-12 11:55:00+00:00,177.39,177.62,176.67,176.67,1538.47,227
2026-06-12 11:56:00+00:00,176.64,176.64,176.24,176.59,1706.06,202
2026-06-12 11:57:00+00:00,176.59,177.0,176.42,176.98,1400.84,246
2026-06-12 11:58:00+00:00,176.97,176.98,176.59,176.64,706.25,163
2026-06-12 11:59:00+00:00,176.6,177.44,176.54,177.25,2634.66,276
2026-06-12 12:00:00+00:00,177.22,177.45,176.91,177.06,1903.18,212
2026-06-12 12:01:00+00:00,176.94,176.94,176.35,176.59,973.67,194
2026-06-12 12:02:00+00:00,176.47,176.98,176.33,176.89,1222.8,216
2026-06-12 12:03:00+00:00,176.9,177.13,176.57,176.99,1031.01,187
2026-06-12 12:04:00+00:00,176.99,177.48,176.9,177.48,1526.1,208
2026-06-12 12:05:00+00:00,177.45,177.47,177.05,177.28,776.26,146
2026-06-12 12:06:00+00:00,177.24,177.56,177.24,177.55,917.35,195
2026-06-12 12:07:00+00:00,177.52,177.68,177.25,177.63,1804.85,296
2026-06-12 12:08:00+00:00,177.52,177.81,177.47,177.62,1395.41,190
2026-06-12 12:09:00+00:00,177.65,177.95,177.47,177.84,1548.46,299
2026-06-12 12:10:00+00:00,177.79,177.82,177.47,177.65,1404.93,242
2026-06-12 12:11:00+00:00,177.66,178.0,177.53,177.83,1750.81,310
2026-06-12 12:12:00+00:00,177.8,178.22,177.68,178.07,1834.66,320
2026-06-12 12:13:00+00:00,178.04,178.24,177.74,177.89,1377.88,285
2026-06-12 12:14:00+00:00,177.86,177.89,177.38,177.57,1299.17,220
2026-06-12 12:15:00+00:00,177.56,177.69,177.39,177.54,1110.4,174
2026-06-12 12:16:00+00:00,177.54,177.6,177.35,177.41,1095.75,178
2026-06-12 12:17:00+00:00,177.39,177.39,177.08,177.23,780.31,168
2026-06-12 12:18:00+00:00,177.22,177.62,177.18,177.6,1485.34,207
2026-06-12 12:19:00+00:00,177.59,177.67,177.44,177.49,777.22,167
2026-06-12 12:20:00+00:00,177.47,177.78,177.29,177.68,680.06,169
2026-06-12 12:21:00+00:00,177.67,177.86,177.62,177.84,1231.64,159
2026-06-12 12:22:00+00:00,177.81,178.28,177.78,178.25,947.93,174
2026-06-12 12:23:00+00:00,178.28,178.65,178.27,178.37,1313.13,235
2026-06-12 12:24:00+00:00,178.43,178.71,177.9,178.21,2382.06,356
2026-06-12 12:25:00+00:00,178.22,178.45,178.14,178.28,1423.37,253
2026-06-12 12:26:00+00:00,178.26,178.32,178.06,178.27,1645.95,214
2026-06-12 12:27:00+00:00,178.27,178.63,178.24,178.49,2038.8,267
2026-06-12 12:28:00+00:00,178.43,178.89,178.4,178.89,985.27,210
2026-06-12 12:29:00+00:00,178.88,179.82,178.71,179.17,2684.02,464
2026-06-12 12:30:00+00:00,179.15,179.3,178.54,178.92,1960.56,374
2026-06-12 12:31:00+00:00,178.88,179.23,178.77,179.2,2211.38,371
2026-06-12 12:32:00+00:00,179.2,179.45,178.65,178.95,2820.95,344
2026-06-12 12:33:00+00:00,179.07,179.41,179.07,179.32,2158.67,274
2026-06-12 12:34:00+00:00,179.33,179.65,179.23,179.65,1315.45,254
2026-06-12 12:35:00+00:00,179.62,180.0,179.53,179.94,3567.43,339
2026-06-12 12:36:00+00:00,179.94,180.44,179.94,180.32,3422.33,385
2026-06-12 12:37:00+00:00,180.32,180.71,179.8,179.88,6749.2,546
2026-06-12 12:38:00+00:00,179.82,179.93,175.46,176.01,6215.26,903
2026-06-12 12:39:00+00:00,175.81,177.9,174.79,177.46,6019.32,903
2026-06-12 12:40:00+00:00,177.57,178.02,175.18,175.73,4632.94,792
2026-06-12 12:41:00+00:00,175.65,176.06,175.0,176.04,2240.56,609
2026-06-12 12:42:00+00:00,176.03,176.16,175.5,175.82,2516.43,413
2026-06-12 12:43:00+00:00,175.77,176.99,175.71,176.4,5987.98,937
2026-06-12 12:44:00+00:00,176.39,176.92,176.1,176.32,2715.51,505
2026-06-12 12:45:00+00:00,176.19,176.9,175.92,176.49,1852.14,352
2026-06-12 12:46:00+00:00,176.49,176.65,175.86,176.08,2895.2,386
2026-06-12 12:47:00+00:00,176.05,176.08,175.12,175.66,3755.01,598
2026-06-12 12:48:00+00:00,175.71,175.81,175.0,175.06,2412.53,406
2026-06-12 12:49:00+00:00,175.08,176.33,175.0,175.97,5243.31,489
2026-06-12 12:50:00+00:00,175.95,176.22,175.52,175.74,1779.85,320
2026-06-12 12:51:00+00:00,175.69,176.26,175.61,175.61,1416.49,274
2026-06-12 12:52:00+00:00,175.61,176.12,175.5,175.72,1852.41,300
2026-06-12 12:53:00+00:00,175.77,176.22,175.76,176.05,1663.42,308
2026-06-12 12:54:00+00:00,176.13,176.24,175.0,175.27,7284.86,667
2026-06-12 12:55:00+00:00,175.18,175.51,174.79,175.43,3837.65,492
2026-06-12 12:56:00+00:00,175.36,175.39,174.15,174.54,2747.32,461
2026-06-12 12:57:00+00:00,174.56,174.97,173.0,173.11,5259.9,642
2026-06-12 12:58:00+00:00,173.16,173.67,171.62,173.03,12879.97,1388
2026-06-12 12:59:00+00:00,173.12,173.31,172.35,172.55,5116.09,745
2026-06-12 13:00:00+00:00,172.5,174.78,172.0,174.52,6384.33,705
2026-06-12 13:01:00+00:00,174.62,174.66,173.81,173.99,5063.93,590
2026-06-12 13:02:00+00:00,173.95,174.07,173.0,173.25,2814.63,407
2026-06-12 13:03:00+00:00,173.25,173.63,172.22,173.58,5137.77,539
2026-06-12 13:04:00+00:00,173.61,173.65,172.65,173.11,2430.23,402
2026-06-12 13:05:00+00:00,173.1,173.43,172.84,173.3,2877.71,328
2026-06-12 13:06:00+00:00,173.31,173.72,173.18,173.44,1510.86,324
2026-06-12 13:07:00+00:00,173.45,173.71,173.2,173.58,2148.06,274
2026-06-12 13:08:00+00:00,173.62,175.05,173.62,174.61,4945.83,614
2026-06-12 13:09:00+00:00,174.61,175.33,174.04,174.27,5010.45,566
2026-06-12 13:10:00+00:00,174.37,175.31,174.27,175.0,6232.74,701
2026-06-12 13:11:00+00:00,175.01,175.11,174.06,174.38,2967.77,419
2026-06-12 13:12:00+00:00,174.33,174.34,173.17,173.38,3778.57,455
2026-06-12 13:13:00+00:00,173.35,173.52,173.0,173.06,2911.0,371
2026-06-12 13:14:00+00:00,173.05,173.29,172.92,173.12,2410.27,358
2026-06-12 13:15:00+00:00,173.12,173.39,172.91,173.39,4909.14,426
2026-06-12 13:16:00+00:00,173.34,174.02,173.33,174.01,2546.51,349
2026-06-12 13:17:00+00:00,173.99,174.02,173.25,173.58,3030.06,436
2026-06-12 13:18:00+00:00,173.58,173.93,173.02,173.93,2820.78,316
2026-06-12 13:19:00+00:00,173.93,174.19,173.16,173.85,5306.23,667
2026-06-12 13:20:00+00:00,173.85,173.97,172.9,172.9,3939.72,687
2026-06-12 13:21:00+00:00,173.03,173.25,172.61,172.85,3634.29,607
2026-06-12 13:22:00+00:00,172.84,173.47,172.77,172.82,1720.43,463
2026-06-12 13:23:00+00:00,172.82,172.82,171.92,172.0,3013.75,473
2026-06-12 13:24:00+00:00,172.06,172.21,166.89,167.03,29259.49,2330
2026-06-12 13:25:00+00:00,167.14,170.62,166.69,168.54,26761.67,2068
2026-06-12 13:26:00+00:00,168.64,170.47,168.54,170.26,8640.23,1048
2026-06-12 13:27:00+00:00,170.26,171.84,169.72,171.72,6193.59,766
2026-06-12 13:28:00+00:00,171.83,172.0,171.0,172.0,5291.66,717
2026-06-12 13:29:00+00:00,172.0,173.06,171.5,172.69,12722.71,1108
2026-06-12 13:30:00+00:00,172.8,173.06,170.0,171.99,21548.9,1336
2026-06-12 13:31:00+00:00,172.11,173.15,170.5,170.75,11779.67,1108
2026-06-12 13:32:00+00:00,170.63,171.87,169.04,169.74,16822.03,1446
2026-06-12 13:33:00+00:00,169.74,171.0,169.0,170.67,10705.56,1346
2026-06-12 13:34:00+00:00,170.76,171.22,168.99,168.99,10828.49,847
2026-06-12 13:35:00+00:00,169.0,170.63,168.88,169.48,8958.23,967
2026-06-12 13:36:00+00:00,169.55,170.09,168.65,169.64,10213.14,901
2026-06-12 13:37:00+00:00,169.64,169.92,168.62,169.52,6059.22,667
2026-06-12 13:38:00+00:00,169.57,169.98,169.07,169.57,6095.31,592
2026-06-12 13:39:00+00:00,169.56,171.0,169.48,170.66,4502.75,668
2026-06-12 13:40:00+00:00,170.71,172.5,170.24,171.87,9917.96,960
2026-06-12 13:41:00+00:00,171.87,172.34,170.44,170.98,6931.78,779
2026-06-12 13:42:00+00:00,170.91,171.8,170.5,171.12,5823.47,637
2026-06-12 13:43:00+00:00,171.12,172.4,170.62,170.89,6051.08,664
2026-06-12 13:44:00+00:00,170.87,171.31,170.81,171.14,3481.92,454
2026-06-12 13:45:00+00:00,171.15,171.33,170.52,171.13,3074.09,477
2026-06-12 13:46:00+00:00,171.13,173.04,170.98,173.04,8170.34,821
2026-06-12 13:47:00+00:00,173.03,173.66,172.23,172.53,7797.58,1465
2026-06-12 13:48:00+00:00,172.79,173.2,172.4,172.91,3652.73,660
2026-06-12 13:49:00+00:00,172.94,172.94,170.71,171.05,7451.7,802
2026-06-12 13:50:00+00:00,171.04,178.75,166.0,173.47,67443.4,4552
2026-06-12 13:51:00+00:00,173.42,177.69,171.84,174.9,38386.32,1974
2026-06-12 13:52:00+00:00,174.9,177.77,173.18,173.76,30630.44,2462
2026-06-12 13:53:00+00:00,174.27,175.58,172.27,174.74,20197.42,1602
2026-06-12 13:54:00+00:00,174.75,174.8,173.44,174.31,13765.17,1158
2026-06-12 13:55:00+00:00,174.37,175.51,174.0,175.03,9215.36,908
2026-06-12 13:56:00+00:00,174.9,175.21,174.03,174.86,8396.93,935
2026-06-12 13:57:00+00:00,174.96,176.08,174.8,175.51,8275.24,906
2026-06-12 13:58:00+00:00,175.56,175.64,174.9,175.64,7726.73,783
2026-06-12 13:59:00+00:00,175.65,177.07,175.49,176.76,21355.0,1484
2026-06-12 14:00:00+00:00,176.84,178.66,176.33,176.76,25274.5,1531
2026-06-12 14:01:00+00:00,176.81,178.51,175.99,177.57,17283.72,1203
2026-06-12 14:02:00+00:00,177.57,178.66,177.22,178.0,12006.13,996
2026-06-12 14:03:00+00:00,178.0,178.43,177.22,178.26,13764.43,963
2026-06-12 14:04:00+00:00,178.27,179.32,177.49,177.66,16972.14,1273
2026-06-12 14:05:00+00:00,177.69,178.49,175.32,176.22,16929.8,1445
2026-06-12 14:06:00+00:00,176.36,176.78,176.11,176.4,4530.0,638
2026-06-12 14:07:00+00:00,176.41,177.15,176.2,177.07,3909.17,511
2026-06-12 14:08:00+00:00,176.99,178.13,176.97,177.16,9660.77,788
2026-06-12 14:09:00+00:00,177.16,177.5,176.28,176.45,7618.46,766
2026-06-12 14:10:00+00:00,176.47,177.24,176.45,176.98,6714.85,491
2026-06-12 14:11:00+00:00,176.88,177.3,176.5,176.95,3414.63,527
2026-06-12 14:12:00+00:00,176.92,177.8,176.64,177.62,4593.6,580
2026-06-12 14:13:00+00:00,177.65,178.2,177.26,178.06,4021.99,507
2026-06-12 14:14:00+00:00,178.03,178.29,177.35,178.22,3947.67,539
2026-06-12 14:15:00+00:00,178.23,179.59,178.23,179.1,9064.94,943
2026-06-12 14:16:00+00:00,179.08,179.74,178.27,179.0,6374.52,772
2026-06-12 14:17:00+00:00,179.01,179.57,178.65,179.26,5810.39,554
2026-06-12 14:18:00+00:00,179.26,179.35,176.6,177.3,9574.25,893
2026-06-12 14:19:00+00:00,177.36,177.83,176.66,177.51,8276.24,853
2026-06-12 14:20:00+00:00,177.51,177.78,176.8,176.99,3085.35,480
2026-06-12 14:21:00+00:00,177.07,177.78,176.7,177.53,4496.56,725
2026-06-12 14:22:00+00:00,177.46,178.06,177.01,177.22,3778.12,570
2026-06-12 14:23:00+00:00,177.46,177.77,176.6,176.86,6599.24,657
2026-06-12 14:24:00+00:00,176.88,177.35,176.57,176.58,4142.95,470
2026-06-12 14:25:00+00:00,176.58,176.96,176.57,176.76,3125.14,306
2026-06-12 14:26:00+00:00,176.76,177.18,176.56,176.61,6512.96,504
2026-06-12 14:27:00+00:00,176.61,176.91,176.2,176.2,4498.53,516
2026-06-12 14:28:00+00:00,176.21,176.23,174.72,174.94,17116.28,1184
2026-06-12 14:29:00+00:00,174.99,175.84,174.94,175.69,4573.9,510
2026-06-12 14:30:00+00:00,175.71,176.14,175.56,175.93,5527.41,477
2026-06-12 14:31:00+00:00,175.94,176.37,175.78,175.93,4575.28,362
2026-06-12 14:32:00+00:00,175.99,176.15,174.35,174.5,8118.28,768
2026-06-12 14:33:00+00:00,174.5,174.8,171.43,172.11,25518.69,1953
2026-06-12 14:34:00+00:00,172.11,173.11,171.3,172.05,23635.0,1639
2026-06-12 14:35:00+00:00,172.05,173.4,171.59,172.63,18946.87,1168
2026-06-12 14:36:00+00:00,172.86,173.89,172.63,173.03,14214.17,757
2026-06-12 14:37:00+00:00,173.07,173.71,172.5,172.5,8308.48,652
2026-06-12 14:38:00+00:00,172.52,172.61,171.1,172.46,15294.45,1210
2026-06-12 14:39:00+00:00,172.46,172.46,171.45,171.79,10542.33,685
2026-06-12 14:40:00+00:00,171.79,172.5,171.28,172.3,23672.54,980
2026-06-12 14:41:00+00:00,172.3,172.75,172.01,172.11,12640.23,704
2026-06-12 14:42:00+00:00,172.2,173.2,172.0,172.79,7313.18,698
2026-06-12 14:43:00+00:00,172.9,173.12,172.38,172.5,4119.58,516
2026-06-12 14:44:00+00:00,172.51,172.59,171.84,172.43,11037.68,631
2026-06-12 14:45:00+00:00,172.43,172.5,171.9,172.21,8436.15,562
2026-06-12 14:46:00+00:00,172.34,172.68,172.1,172.11,8167.24,531
2026-06-12 14:47:00+00:00,172.11,172.17,170.1,170.26,22942.14,1157
2026-06-12 14:48:00+00:00,170.36,170.45,169.0,169.19,28180.15,1658
2026-06-12 14:49:00+00:00,169.21,169.23,167.55,168.01,27628.31,1622
2026-06-12 14:50:00+00:00,168.15,169.77,167.66,168.7,32538.13,1722
2026-06-12 14:51:00+00:00,168.71,169.68,168.24,169.05,12373.21,1138
2026-06-12 14:52:00+00:00,169.05,170.0,168.84,169.27,10071.77,993
2026-06-12 14:53:00+00:00,169.32,170.84,169.27,170.25,16828.65,950
2026-06-12 14:54:00+00:00,170.25,170.5,169.1,169.1,13199.78,905
2026-06-12 14:55:00+00:00,169.71,170.05,169.02,169.39,7179.4,811
2026-06-12 14:56:00+00:00,169.4,169.6,169.0,169.18,6765.85,610
2026-06-12 14:57:00+00:00,169.18,170.25,168.21,168.85,13641.05,1050
2026-06-12 14:58:00+00:00,168.8,169.0,166.98,167.04,18340.37,1311
2026-06-12 14:59:00+00:00,167.09,167.58,166.41,166.72,25505.06,1304
2026-06-12 15:00:00+00:00,166.67,167.5,165.88,166.37,22641.22,1449
2026-06-12 15:01:00+00:00,166.37,166.5,165.75,165.81,23413.45,1488
2026-06-12 15:02:00+00:00,165.81,167.1,165.6,166.87,15159.24,965
2026-06-12 15:03:00+00:00,166.87,167.13,166.34,166.59,7272.37,618
2026-06-12 15:04:00+00:00,166.62,167.15,166.43,166.62,14031.54,814
2026-06-12 15:05:00+00:00,166.69,168.5,166.36,166.92,11355.03,863
2026-06-12 15:06:00+00:00,166.92,167.75,166.78,167.09,11635.33,774
2026-06-12 15:07:00+00:00,167.09,168.5,167.01,167.93,14305.18,837
2026-06-12 15:08:00+00:00,167.9,169.12,167.61,168.15,12994.49,813
2026-06-12 15:09:00+00:00,168.15,168.25,166.1,166.92,58622.49,1452
2026-06-12 15:10:00+00:00,166.92,167.29,165.9,166.94,10527.47,705
2026-06-12 15:11:00+00:00,167.02,167.22,166.8,166.95,8771.7,416
2026-06-12 15:12:00+00:00,166.88,167.0,166.69,166.77,5376.18,370
2026-06-12 15:13:00+00:00,166.71,167.4,166.52,167.23,6581.08,478
2026-06-12 15:14:00+00:00,167.31,168.25,167.16,167.89,7052.01,579
2026-06-12 15:15:00+00:00,167.89,167.89,167.16,167.18,3773.0,424
2026-06-12 15:16:00+00:00,167.15,167.5,166.99,166.99,11651.3,436
2026-06-12 15:17:00+00:00,167.0,167.5,166.75,167.1,8985.42,536
2026-06-12 15:18:00+00:00,167.1,167.21,166.75,167.16,3484.23,337
2026-06-12 15:19:00+00:00,167.17,167.17,166.8,166.92,3147.77,293
2026-06-12 15:20:00+00:00,166.95,167.52,166.9,167.5,6403.95,452
2026-06-12 15:21:00+00:00,167.52,168.75,167.41,168.42,15290.51,778
2026-06-12 15:22:00+00:00,168.42,168.43,167.24,167.53,6761.43,480
2026-06-12 15:23:00+00:00,167.54,167.99,167.14,167.14,4114.69,446
2026-06-12 15:24:00+00:00,167.19,167.32,166.9,166.94,8216.09,481
2026-06-12 15:25:00+00:00,166.93,167.23,166.69,166.79,6103.78,396
2026-06-12 15:26:00+00:00,166.79,166.94,166.45,166.56,11133.36,547
2026-06-12 15:27:00+00:00,166.56,166.57,162.83,163.04,43095.34,2716
2026-06-12 15:28:00+00:00,163.06,163.76,162.68,162.92,24447.85,1579
2026-06-12 15:29:00+00:00,162.92,163.25,162.12,162.18,12880.48,1382
2026-06-12 15:30:00+00:00,162.25,162.55,161.61,161.7,18482.9,1290
2026-06-12 15:31:00+00:00,161.73,162.14,158.83,160.55,54944.24,3178
2026-06-12 15:32:00+00:00,160.5,160.59,156.2,156.95,64097.51,3089
2026-06-12 15:33:00+00:00,156.95,159.49,156.68,158.62,41417.46,2547
2026-06-12 15:34:00+00:00,158.77,159.56,158.2,158.51,15296.64,1243
2026-06-12 15:35:00+00:00,158.48,159.5,158.01,158.66,26704.9,1558
2026-06-12 15:36:00+00:00,158.69,159.25,157.67,158.4,27145.33,1368
2026-06-12 15:37:00+00:00,158.51,158.73,157.97,158.7,16738.55,1186
2026-06-12 15:38:00+00:00,158.7,159.91,158.57,159.5,20124.68,1044
2026-06-12 15:39:00+00:00,159.49,160.0,156.3,156.65,25751.38,1419
2026-06-12 15:40:00+00:00,156.48,156.75,155.32,156.55,41507.13,2589
2026-06-12 15:41:00+00:00,156.75,157.38,156.29,156.98,28461.61,1563
2026-06-12 15:42:00+00:00,156.95,157.76,156.31,157.25,26862.08,1577
2026-06-12 15:43:00+00:00,157.26,158.45,156.72,157.53,18979.54,1243
2026-06-12 15:44:00+00:00,157.63,159.3,157.32,157.59,21595.72,1413
2026-06-12 15:45:00+00:00,157.93,159.03,157.1,158.88,20534.16,1166
2026-06-12 15:46:00+00:00,158.91,159.44,154.0,154.98,47855.48,2483
2026-06-12 15:47:00+00:00,155.0,157.48,152.34,156.31,115750.65,5346
2026-06-12 15:48:00+00:00,156.34,161.69,155.21,161.4,76530.3,3604
2026-06-12 15:49:00+00:00,161.41,164.35,160.58,163.87,89060.03,4635
2026-06-12 15:50:00+00:00,163.87,165.84,160.0,160.34,83933.63,3881
2026-06-12 15:51:00+00:00,160.59,161.53,158.0,159.45,56172.8,2904
2026-06-12 15:52:00+00:00,159.49,162.92,158.04,162.75,38045.92,2597
2026-06-12 15:53:00+00:00,162.68,164.84,161.98,164.75,34064.37,2298
2026-06-12 15:54:00+00:00,164.75,167.4,164.0,167.4,73760.25,2899
2026-06-12 15:55:00+00:00,167.4,167.75,163.77,167.49,67957.31,3270
2026-06-12 15:56:00+00:00,167.47,167.9,165.0,166.51,44651.45,2116
2026-06-12 15:57:00+00:00,166.51,166.98,164.74,164.8,32208.81,1743
2026-06-12 15:58:00+00:00,164.74,164.76,161.7,164.6,35390.27,2024
2026-06-12 15:59:00+00:00,164.5,164.73,161.8,161.8,27666.83,1486
2026-06-12 16:00:00+00:00,161.8,163.5,161.03,163.03,26134.65,1611
2026-06-12 16:01:00+00:00,162.96,163.98,160.62,160.62,22993.21,1298
2026-06-12 16:02:00+00:00,160.77,160.84,158.54,160.6,45530.1,2595
2026-06-12 16:03:00+00:00,160.6,160.81,156.01,156.69,49672.41,2650
2026-06-12 16:04:00+00:00,156.69,158.16,155.38,158.16,46603.64,3220
2026-06-12 16:05:00+00:00,158.16,160.0,157.63,159.65,30042.64,1888
2026-06-12 16:06:00+00:00,159.83,160.52,158.66,160.05,22266.08,1683
2026-06-12 16:07:00+00:00,160.11,162.4,159.93,161.33,30561.04,1711
2026-06-12 16:08:00+00:00,161.33,163.99,161.0,163.96,23198.4,1592
2026-06-12 16:09:00+00:00,163.89,163.9,162.39,163.26,20053.54,1232
2026-06-12 16:10:00+00:00,163.26,163.32,161.69,162.02,15709.1,1148
2026-06-12 16:11:00+00:00,162.08,164.85,161.7,164.8,18671.79,1265
2026-06-12 16:12:00+00:00,164.77,165.2,163.87,164.16,18830.95,1261
2026-06-12 16:13:00+00:00,164.14,165.18,163.8,164.74,14516.93,926
2026-06-12 16:14:00+00:00,164.74,165.25,163.0,164.5,24700.94,1486
2026-06-12 16:15:00+00:00,164.52,165.27,164.0,164.63,16156.3,1086
2026-06-12 16:16:00+00:00,164.64,166.17,164.16,165.83,25614.31,1197
2026-06-12 16:17:00+00:00,165.98,166.95,165.49,166.66,25384.2,1410
2026-06-12 16:18:00+00:00,166.66,166.97,164.88,165.4,14351.42,1082
2026-06-12 16:19:00+00:00,165.36,166.1,164.96,165.54,9781.51,909
2026-06-12 16:20:00+00:00,165.54,166.93,165.35,166.92,17272.92,1204
2026-06-12 16:21:00+00:00,166.87,167.5,166.0,166.22,30532.82,1508
2026-06-12 16:22:00+00:00,166.18,166.19,161.28,161.39,44983.5,2371
2026-06-12 16:23:00+00:00,161.65,164.36,161.23,164.36,30906.7,1631
2026-06-12 16:24:00+00:00,164.36,165.27,164.17,164.88,17827.84,1082
2026-06-12 16:25:00+00:00,164.82,165.36,164.56,164.81,5165.83,710
2026-06-12 16:26:00+00:00,164.8,165.66,164.0,164.76,19030.98,1107
2026-06-12 16:27:00+00:00,164.79,165.26,163.46,164.84,28494.03,1619
2026-06-12 16:28:00+00:00,164.86,166.0,164.68,165.3,17204.17,1051
2026-06-12 16:29:00+00:00,165.3,165.4,164.6,164.93,13536.46,704
2026-06-12 16:30:00+00:00,165.04,165.14,164.78,164.99,8294.37,531
2026-06-12 16:31:00+00:00,164.98,165.22,164.1,164.24,6862.77,587
2026-06-12 16:32:00+00:00,164.2,165.1,164.2,164.75,8891.08,733
2026-06-12 16:33:00+00:00,164.76,165.34,164.64,164.98,5702.9,504
2026-06-12 16:34:00+00:00,165.02,165.3,164.75,164.82,18777.45,724
2026-06-12 16:35:00+00:00,164.9,165.03,163.57,164.5,15666.82,921
2026-06-12 16:36:00+00:00,164.55,164.86,163.52,163.75,16699.35,954
2026-06-12 16:37:00+00:00,163.75,163.93,162.88,163.86,19671.46,951
2026-06-12 16:38:00+00:00,163.86,165.05,163.85,164.82,17390.51,926
2026-06-12 16:39:00+00:00,164.98,167.88,164.84,167.83,32699.34,1582
2026-06-12 16:40:00+00:00,167.81,168.0,166.64,167.95,44411.92,1714
2026-06-12 16:41:00+00:00,167.95,168.25,166.69,166.89,19690.79,1284
2026-06-12 16:42:00+00:00,166.93,167.12,165.51,166.06,32577.2,1187
2026-06-12 16:43:00+00:00,166.06,166.62,165.84,166.5,18407.29,860
2026-06-12 16:44:00+00:00,166.35,167.8,166.18,167.73,19137.36,849
2026-06-12 16:45:00+00:00,167.72,168.2,167.21,168.0,16218.95,986
2026-06-12 16:46:00+00:00,168.0,168.2,166.84,167.86,15452.31,978
2026-06-12 16:47:00+00:00,167.85,168.32,167.25,167.95,11646.98,973
2026-06-12 16:48:00+00:00,168.01,168.84,168.01,168.74,23537.86,1112
2026-06-12 16:49:00+00:00,168.74,168.94,168.46,168.74,11862.73,808
2026-06-12 16:50:00+00:00,168.73,169.5,168.58,169.36,24593.33,1123
2026-06-12 16:51:00+00:00,169.28,169.77,168.95,169.68,22128.5,1021
2026-06-12 16:52:00+00:00,169.72,170.0,169.31,169.92,21019.26,1150
2026-06-12 16:53:00+00:00,169.96,171.96,169.57,171.94,38453.86,1770
2026-06-12 16:54:00+00:00,171.97,172.37,168.82,169.23,38738.07,1830
2026-06-12 16:55:00+00:00,169.12,169.81,167.59,168.94,25031.72,1639
2026-06-12 16:56:00+00:00,169.05,172.37,169.0,171.26,26941.35,1447
2026-06-12 16:57:00+00:00,171.25,172.35,171.05,172.17,16377.4,933
2026-06-12 16:58:00+00:00,172.21,173.45,172.16,173.45,33271.61,1417
2026-06-12 16:59:00+00:00,173.39,173.89,173.11,173.55,24743.95,1032
2026-06-12 17:00:00+00:00,173.57,173.89,172.53,173.16,20179.74,1096
2026-06-12 17:01:00+00:00,173.14,173.42,171.88,171.88,28706.75,1316
2026-06-12 17:02:00+00:00,171.87,173.74,170.44,173.69,30772.54,1516
2026-06-12 17:03:00+00:00,173.64,173.77,172.95,173.66,18834.09,939
2026-06-12 17:04:00+00:00,173.73,174.6,173.28,174.45,27056.48,1319
2026-06-12 17:05:00+00:00,174.55,174.65,173.98,174.55,20767.42,851
2026-06-12 17:06:00+00:00,174.61,174.87,174.47,174.8,14832.45,611
2026-06-12 17:07:00+00:00,174.82,175.0,173.78,174.94,25520.93,1255
2026-06-12 17:08:00+00:00,174.91,175.32,174.62,175.02,18004.15,897
2026-06-12 17:09:00+00:00,174.99,176.18,174.95,175.89,23712.06,1368
2026-06-12 17:10:00+00:00,175.91,176.38,175.33,175.58,25522.48,1093
2026-06-12 17:11:00+00:00,175.58,175.58,173.22,173.62,36614.57,1703
2026-06-12 17:12:00+00:00,173.61,174.01,172.17,172.4,22921.19,1160
2026-06-12 17:13:00+00:00,172.17,172.59,170.58,170.7,35897.54,1456
2026-06-12 17:14:00+00:00,170.66,172.05,169.35,171.64,45740.68,1820
2026-06-12 17:15:00+00:00,171.46,173.77,171.22,173.05,29314.27,1416
2026-06-12 17:16:00+00:00,173.07,173.12,171.88,172.39,10986.16,880
2026-06-12 17:17:00+00:00,172.27,173.8,172.22,173.5,21237.7,843
2026-06-12 17:18:00+00:00,173.53,173.93,173.25,173.69,13632.79,578
2026-06-12 17:19:00+00:00,173.69,174.17,172.77,173.72,13610.77,711
2026-06-12 17:20:00+00:00,173.65,173.76,171.95,172.33,14545.63,706
2026-06-12 17:21:00+00:00,172.39,172.85,171.29,171.56,17916.39,754
2026-06-12 17:22:00+00:00,171.47,172.78,171.0,172.3,14411.08,623
2026-06-12 17:23:00+00:00,172.37,172.61,171.75,172.52,7297.9,430
2026-06-12 17:24:00+00:00,172.56,172.7,171.87,171.95,14414.97,586
2026-06-12 17:25:00+00:00,171.97,172.7,171.97,172.63,10673.56,475
2026-06-12 17:26:00+00:00,172.63,172.63,170.99,170.99,19892.64,653
2026-06-12 17:27:00+00:00,171.0,172.43,170.9,172.35,13765.19,585
2026-06-12 17:28:00+00:00,172.41,172.44,171.8,172.33,5694.59,285
2026-06-12 17:29:00+00:00,172.32,172.45,171.5,171.9,12765.39,436
2026-06-12 17:30:00+00:00,171.95,172.06,170.84,170.84,23922.85,662
2026-06-12 17:31:00+00:00,170.89,171.14,168.98,169.12,26579.05,1054
2026-06-12 17:32:00+00:00,169.11,169.36,167.88,168.41,25197.41,1549
2026-06-12 17:33:00+00:00,168.5,169.5,168.0,168.94,29115.36,1657
2026-06-12 17:34:00+00:00,168.88,171.34,168.82,170.84,25938.41,1104
2026-06-12 17:35:00+00:00,170.9,171.2,170.22,170.48,13951.85,728
2026-06-12 17:36:00+00:00,170.46,170.78,170.01,170.71,9233.5,567
2026-06-12 17:37:00+00:00,170.72,171.39,170.34,170.53,7930.0,528
2026-06-12 17:38:00+00:00,170.5,170.77,169.23,170.71,24281.82,970
2026-06-12 17:39:00+00:00,170.79,170.86,169.54,169.9,12723.24,641
2026-06-12 17:40:00+00:00,169.91,170.25,169.76,170.25,13948.8,511
2026-06-12 17:41:00+00:00,170.24,171.75,170.2,171.67,15599.56,823
2026-06-12 17:42:00+00:00,171.68,172.71,171.55,172.65,18275.53,878
2026-06-12 17:43:00+00:00,172.7,173.27,172.41,173.22,13912.42,628
2026-06-12 17:44:00+00:00,173.21,173.32,172.33,172.55,14412.66,671
2026-06-12 17:45:00+00:00,172.54,172.61,172.09,172.48,8388.71,432
2026-06-12 17:46:00+00:00,172.48,173.68,172.36,173.61,6866.15,443
2026-06-12 17:47:00+00:00,173.62,173.73,173.14,173.26,11355.67,493
2026-06-12 17:48:00+00:00,173.32,173.66,173.03,173.64,3478.77,308
2026-06-12 17:49:00+00:00,173.64,173.66,173.27,173.45,3601.75,330
2026-06-12 17:50:00+00:00,173.42,173.48,171.97,172.32,12943.44,608
2026-06-12 17:51:00+00:00,172.31,172.34,171.23,171.61,13350.07,746
2026-06-12 17:52:00+00:00,171.63,172.64,171.35,172.2,8296.02,600
2026-06-12 17:53:00+00:00,172.35,172.63,172.08,172.56,7590.67,415
2026-06-12 17:54:00+00:00,172.55,172.81,171.37,172.81,7811.76,504
2026-06-12 17:55:00+00:00,172.81,173.17,172.29,173.17,15247.32,623
2026-06-12 17:56:00+00:00,173.11,173.56,172.99,173.46,6272.09,394
2026-06-12 17:57:00+00:00,173.44,173.48,172.5,172.9,7386.19,451
2026-06-12 17:58:00+00:00,172.91,173.19,172.57,173.08,7678.41,473
2026-06-12 17:59:00+00:00,173.04,173.16,172.7,173.0,5123.56,309
2026-06-12 18:00:00+00:00,173.0,173.0,172.09,172.11,9272.41,418
2026-06-12 18:01:00+00:00,172.15,172.24,171.3,171.78,13331.54,639
2026-06-12 18:02:00+00:00,171.72,172.65,171.59,172.65,6836.88,338
2026-06-12 18:03:00+00:00,172.62,172.75,172.07,172.64,6838.68,345
2026-06-12 18:04:00+00:00,172.64,172.68,172.09,172.32,4368.03,347
2026-06-12 18:05:00+00:00,172.39,172.55,171.72,172.1,4577.01,399
2026-06-12 18:06:00+00:00,172.15,172.2,171.33,171.53,6365.61,444
2026-06-12 18:07:00+00:00,171.45,171.86,170.36,170.53,21250.47,818
2026-06-12 18:08:00+00:00,170.53,171.04,170.0,171.01,13844.33,843
2026-06-12 18:09:00+00:00,170.94,170.94,170.31,170.58,9239.96,381
2026-06-12 18:10:00+00:00,170.58,171.45,170.32,170.67,11319.65,586
2026-06-12 18:11:00+00:00,170.66,170.92,169.15,170.75,23325.18,981
2026-06-12 18:12:00+00:00,170.61,170.86,170.15,170.33,4455.17,447
2026-06-12 18:13:00+00:00,170.33,170.33,169.32,169.44,8529.76,504
2026-06-12 18:14:00+00:00,169.45,169.61,166.66,167.47,51060.5,1498
2026-06-12 18:15:00+00:00,167.51,169.0,167.4,167.99,13327.61,721
2026-06-12 18:16:00+00:00,167.97,168.94,166.12,166.56,36937.46,1306
2026-06-12 18:17:00+00:00,166.59,166.59,164.96,165.94,40217.43,1331
2026-06-12 18:18:00+00:00,165.94,167.67,165.94,167.48,20837.14,639
2026-06-12 18:19:00+00:00,167.55,167.9,166.94,167.53,20002.08,570
2026-06-12 18:20:00+00:00,167.42,167.89,166.44,166.51,11980.39,481
2026-06-12 18:21:00+00:00,166.5,168.86,166.49,168.83,11220.83,629
2026-06-12 18:22:00+00:00,168.83,169.5,168.52,169.5,31663.36,741
2026-06-12 18:23:00+00:00,169.46,169.46,168.78,169.29,7654.63,388
2026-06-12 18:24:00+00:00,169.39,169.75,168.82,168.86,10892.81,510
2026-06-12 18:25:00+00:00,168.86,169.04,168.13,168.88,9613.08,482
2026-06-12 18:26:00+00:00,168.86,169.81,168.78,169.79,6895.89,370
2026-06-12 18:27:00+00:00,169.72,169.78,169.2,169.47,13508.9,383
2026-06-12 18:28:00+00:00,169.46,169.71,168.29,168.77,9875.72,570
2026-06-12 18:29:00+00:00,168.8,169.17,168.11,168.94,8636.3,550
2026-06-12 18:30:00+00:00,168.98,169.2,167.51,168.12,11605.4,469
2026-06-12 18:31:00+00:00,168.19,169.17,168.12,169.02,3923.77,241
2026-06-12 18:32:00+00:00,169.02,169.07,167.23,167.65,11835.86,487
2026-06-12 18:33:00+00:00,167.71,168.09,167.24,167.78,4960.06,399
2026-06-12 18:34:00+00:00,167.81,168.18,167.13,167.23,3054.89,291
2026-06-12 18:35:00+00:00,167.2,168.09,166.16,168.05,11794.51,656
2026-06-12 18:36:00+00:00,168.05,168.22,167.69,167.86,6594.27,574
2026-06-12 18:37:00+00:00,167.96,168.85,167.86,168.85,7371.61,395
2026-06-12 18:38:00+00:00,168.89,169.59,168.62,169.59,5354.39,338
2026-06-12 18:39:00+00:00,169.59,169.75,169.19,169.43,3587.01,298
2026-06-12 18:40:00+00:00,169.42,169.48,168.81,169.14,4880.75,366
2026-06-12 18:41:00+00:00,169.23,169.87,169.23,169.81,2756.73,298
2026-06-12 18:42:00+00:00,169.8,170.74,169.72,170.18,7881.41,723
2026-06-12 18:43:00+00:00,170.15,170.53,169.49,169.64,4934.84,459
2026-06-12 18:44:00+00:00,169.61,170.68,169.57,170.34,9137.15,368
2026-06-12 18:45:00+00:00,170.29,170.38,168.09,168.83,10245.59,508
2026-06-12 18:46:00+00:00,168.84,169.28,168.69,168.85,6234.7,343
2026-06-12 18:47:00+00:00,168.74,169.28,168.62,169.28,6177.21,261
2026-06-12 18:48:00+00:00,169.26,169.81,169.07,169.16,9114.01,360
2026-06-12 18:49:00+00:00,169.2,169.87,168.48,169.86,14743.77,458
2026-06-12 18:50:00+00:00,169.84,170.38,169.34,169.61,9105.21,479
2026-06-12 18:51:00+00:00,169.64,169.73,169.18,169.68,4550.7,258
2026-06-12 18:52:00+00:00,169.71,169.74,169.33,169.51,1282.01,169
2026-06-12 18:53:00+00:00,169.4,169.47,168.3,169.08,6331.09,344
2026-06-12 18:54:00+00:00,169.06,169.17,168.66,168.83,1641.79,133
2026-06-12 18:55:00+00:00,168.91,169.08,168.21,168.64,6337.86,288
2026-06-12 18:56:00+00:00,168.62,169.52,168.41,169.08,3443.61,201
2026-06-12 18:57:00+00:00,169.03,169.58,168.8,169.48,4112.13,214
2026-06-12 18:58:00+00:00,169.59,169.68,169.29,169.39,4525.29,204
2026-06-12 18:59:00+00:00,169.47,169.48,168.74,168.78,4553.21,295
2026-06-12 19:00:00+00:00,168.78,169.02,167.31,168.36,11211.91,562
2026-06-12 19:01:00+00:00,168.33,168.45,167.36,167.7,7662.51,370
2026-06-12 19:02:00+00:00,167.78,168.03,166.82,166.86,9026.02,439
2026-06-12 19:03:00+00:00,166.85,167.27,165.83,165.83,13811.37,618
2026-06-12 19:04:00+00:00,165.9,166.91,165.1,166.12,20849.63,837
2026-06-12 19:05:00+00:00,166.16,167.02,165.87,166.98,8227.19,450
2026-06-12 19:06:00+00:00,166.97,167.15,166.46,166.83,3269.22,255
2026-06-12 19:07:00+00:00,166.73,166.88,166.39,166.73,4052.77,235
2026-06-12 19:08:00+00:00,166.73,166.82,165.34,165.44,8229.86,352
2026-06-12 19:09:00+00:00,165.44,166.56,165.32,166.56,8288.48,396
2026-06-12 19:10:00+00:00,166.51,166.92,165.66,166.61,6907.93,386
2026-06-12 19:11:00+00:00,166.59,166.8,166.21,166.69,5451.28,305
2026-06-12 19:12:00+00:00,166.61,166.82,166.0,166.0,6099.41,221
2026-06-12 19:13:00+00:00,166.05,166.14,165.18,165.4,10446.8,409
2026-06-12 19:14:00+00:00,165.37,165.47,163.59,164.23,32233.82,1258
2026-06-12 19:15:00+00:00,164.3,166.17,164.14,166.09,14931.55,702
2026-06-12 19:16:00+00:00,166.14,167.03,165.97,166.5,12089.71,546
2026-06-12 19:17:00+00:00,166.41,166.67,165.73,165.79,9832.99,426
2026-06-12 19:18:00+00:00,165.83,166.18,163.63,164.04,13699.8,618
2026-06-12 19:19:00+00:00,164.06,165.0,163.89,164.55,7919.31,480
2026-06-12 19:20:00+00:00,164.52,164.9,164.15,164.29,10044.76,454
2026-06-12 19:21:00+00:00,164.3,164.66,163.16,163.93,19204.19,703
2026-06-12 19:22:00+00:00,163.94,164.62,163.65,163.87,10452.57,454
2026-06-12 19:23:00+00:00,163.94,164.95,163.94,164.52,20719.97,503
2026-06-12 19:24:00+00:00,164.43,164.52,162.07,162.12,28673.5,1371
2026-06-12 19:25:00+00:00,162.12,164.1,161.97,164.1,17154.6,782
2026-06-12 19:26:00+00:00,164.12,164.27,163.67,164.24,3639.88,295
2026-06-12 19:27:00+00:00,164.29,164.5,162.96,163.82,11022.79,632
2026-06-12 19:28:00+00:00,163.72,164.02,161.9,162.0,14375.96,655
2026-06-12 19:29:00+00:00,162.15,162.78,161.67,161.96,15092.6,647
2026-06-12 19:30:00+00:00,161.81,161.95,160.67,161.26,35469.75,1589
2026-06-12 19:31:00+00:00,161.23,161.39,160.62,160.67,21197.32,767
2026-06-12 19:32:00+00:00,160.64,161.02,159.17,159.65,57422.98,1672
2026-06-12 19:33:00+00:00,159.71,160.85,158.82,160.85,21453.27,1074
2026-06-12 19:34:00+00:00,160.67,161.76,160.5,161.29,16187.74,727
2026-06-12 19:35:00+00:00,161.08,161.89,160.87,161.51,6953.72,407
2026-06-12 19:36:00+00:00,161.58,161.69,160.48,161.02,6524.24,450
2026-06-12 19:37:00+00:00,161.11,161.57,160.16,160.24,5056.29,421
2026-06-12 19:38:00+00:00,160.23,161.03,159.77,160.89,7432.45,482
2026-06-12 19:39:00+00:00,160.91,161.14,160.37,160.43,2818.79,332
2026-06-12 19:40:00+00:00,160.48,160.48,159.32,159.63,3691.89,317
2026-06-12 19:41:00+00:00,159.63,160.03,158.59,159.41,11536.43,673
2026-06-12 19:42:00+00:00,159.41,159.96,158.84,159.24,8939.47,434
2026-06-12 19:43:00+00:00,159.25,159.25,157.83,159.01,32951.21,1419
2026-06-12 19:44:00+00:00,159.02,159.18,158.18,158.46,34737.1,1024
2026-06-12 19:45:00+00:00,158.44,159.9,158.27,159.87,19653.19,794
2026-06-12 19:46:00+00:00,159.87,160.41,159.41,160.12,10673.45,615
2026-06-12 19:47:00+00:00,160.0,160.01,158.79,159.21,12834.27,546
2026-06-12 19:48:00+00:00,159.16,159.99,159.07,159.79,8854.91,380
2026-06-12 19:49:00+00:00,159.89,159.93,159.48,159.7,6873.31,374
2026-06-12 19:50:00+00:00,159.7,161.54,158.49,160.18,41718.32,1335
2026-06-12 19:51:00+00:00,160.12,161.26,159.68,161.01,6530.06,396
2026-06-12 19:52:00+00:00,161.03,161.99,160.74,161.84,20026.11,627
2026-06-12 19:53:00+00:00,161.85,162.2,160.7,160.71,21943.63,1053
2026-06-12 19:54:00+00:00,160.71,161.93,160.7,161.11,8393.03,541
2026-06-12 19:55:00+00:00,161.09,162.28,161.09,162.21,10148.91,583
2026-06-12 19:56:00+00:00,162.21,162.92,162.13,162.25,7420.11,435
2026-06-12 19:57:00+00:00,162.17,162.3,161.53,161.61,6293.99,351
2026-06-12 19:58:00+00:00,161.56,161.61,161.08,161.27,4805.56,358
2026-06-12 19:59:00+00:00,161.25,161.5,161.04,161.43,4065.23,292
2026-06-12 20:00:00+00:00,161.48,162.01,161.1,162.01,8842.99,385
2026-06-12 20:01:00+00:00,162.01,163.0,162.0,162.88,13081.23,519
2026-06-12 20:02:00+00:00,162.88,162.88,160.86,161.4,12430.17,440
2026-06-12 20:03:00+00:00,161.43,161.47,160.58,161.42,4124.67,304
2026-06-12 20:04:00+00:00,161.42,161.87,161.42,161.45,4808.84,316
2026-06-12 20:05:00+00:00,161.55,162.3,161.43,162.3,4053.59,304
2026-06-12 20:06:00+00:00,162.3,162.34,161.64,161.73,3500.11,241
2026-06-12 20:07:00+00:00,161.77,162.3,161.27,162.19,3235.18,272
2026-06-12 20:08:00+00:00,162.19,162.7,162.0,162.57,2877.52,250
2026-06-12 20:09:00+00:00,162.73,162.9,162.53,162.86,2008.73,212
2026-06-12 20:10:00+00:00,162.87,164.14,162.72,163.82,19540.18,725
2026-06-12 20:11:00+00:00,163.78,164.14,163.53,164.02,5259.62,377
2026-06-12 20:12:00+00:00,164.05,164.06,163.42,163.77,5835.88,359
2026-06-12 20:13:00+00:00,163.86,164.2,163.51,164.12,3007.35,243
2026-06-12 20:14:00+00:00,164.09,164.2,163.69,163.9,2256.54,213
2026-06-12 20:15:00+00:00,163.9,163.9,163.22,163.51,3266.48,324
2026-06-12 20:16:00+00:00,163.55,163.95,163.55,163.74,963.67,219
2026-06-12 20:17:00+00:00,163.79,164.37,163.72,164.37,2321.43,273
2026-06-12 20:18:00+00:00,164.32,164.43,163.86,164.09,1607.22,187
2026-06-12 20:19:00+00:00,164.07,164.48,164.07,164.13,2719.76,182
2026-06-12 20:20:00+00:00,164.14,164.64,164.04,164.54,2556.44,201
2026-06-12 20:21:00+00:00,164.51,164.57,163.94,164.0,1852.07,169
2026-06-12 20:22:00+00:00,163.94,164.1,163.66,163.93,4061.04,216
2026-06-12 20:23:00+00:00,163.96,163.98,163.76,163.87,2012.71,190
2026-06-12 20:24:00+00:00,163.83,163.95,163.69,163.92,3389.22,172
2026-06-12 20:25:00+00:00,163.92,163.93,163.4,163.65,4583.73,209
2026-06-12 20:26:00+00:00,163.69,163.73,163.25,163.31,2790.62,170
2026-06-12 20:27:00+00:00,163.32,163.67,163.29,163.67,2769.27,182
2026-06-12 20:28:00+00:00,163.56,164.49,163.56,164.49,4204.16,280
2026-06-12 20:29:00+00:00,164.48,164.53,164.23,164.41,2082.1,125
2026-06-12 20:30:00+00:00,164.41,164.47,164.19,164.2,579.17,113
2026-06-12 20:31:00+00:00,164.2,164.32,163.85,163.86,2382.52,155
2026-06-12 20:32:00+00:00,163.87,164.21,163.85,164.1,4548.1,205
2026-06-12 20:33:00+00:00,164.13,164.18,163.97,164.04,1155.4,115
2026-06-12 20:34:00+00:00,164.03,164.23,164.0,164.18,1745.43,119
2026-06-12 20:35:00+00:00,164.2,164.34,164.14,164.34,1661.96,120
2026-06-12 20:36:00+00:00,164.34,164.34,164.06,164.06,3520.59,250
2026-06-12 20:37:00+00:00,164.15,164.16,163.96,163.99,869.2,69
2026-06-12 20:38:00+00:00,163.96,163.99,163.56,163.68,607.71,98
2026-06-12 20:39:00+00:00,163.68,163.94,163.68,163.88,925.58,99
2026-06-12 20:40:00+00:00,163.89,164.41,163.76,164.25,2332.46,204
2026-06-12 20:41:00+00:00,164.24,164.55,164.18,164.54,720.46,106
2026-06-12 20:42:00+00:00,164.55,164.64,164.43,164.47,761.22,103
2026-06-12 20:43:00+00:00,164.47,164.55,164.08,164.18,869.04,109
2026-06-12 20:44:00+00:00,164.15,164.15,163.84,164.0,866.44,119
2026-06-12 20:45:00+00:00,163.98,164.06,163.72,164.03,1121.21,112
2026-06-12 20:46:00+00:00,164.04,164.23,163.9,164.14,746.47,97
2026-06-12 20:47:00+00:00,164.13,164.14,163.82,163.92,633.27,98
2026-06-12 20:48:00+00:00,163.92,163.92,163.74,163.81,1236.27,97
2026-06-12 20:49:00+00:00,163.84,164.28,163.77,164.25,5228.27,142
2026-06-12 20:50:00+00:00,164.26,164.39,164.1,164.2,1538.37,132
2026-06-12 20:51:00+00:00,164.2,164.24,163.73,163.9,2623.71,211
2026-06-12 20:52:00+00:00,163.9,164.04,163.86,164.04,1378.67,126
2026-06-12 20:53:00+00:00,164.04,164.13,163.9,164.13,732.12,103
2026-06-12 20:54:00+00:00,164.08,164.19,163.81,163.83,784.58,86
2026-06-12 20:55:00+00:00,163.84,164.0,163.75,163.94,874.02,81
2026-06-12 20:56:00+00:00,163.97,164.06,163.9,163.9,1658.81,128
2026-06-12 20:57:00+00:00,163.94,164.05,163.81,163.85,1239.73,98
2026-06-12 20:58:00+00:00,163.86,163.9,163.75,163.85,2103.41,135
2026-06-12 20:59:00+00:00,163.89,163.92,163.29,163.4,1873.4,166
2026-06-12 21:00:00+00:00,163.41,163.41,162.88,163.07,7935.82,559
2026-06-12 21:01:00+00:00,163.08,163.24,162.94,163.03,8626.23,416
2026-06-12 21:02:00+00:00,163.06,163.07,162.72,162.73,2807.39,215
2026-06-12 21:03:00+00:00,162.73,163.01,162.73,162.94,1859.56,151
2026-06-12 21:04:00+00:00,162.95,163.19,162.94,163.18,814.74,131
2026-06-12 21:05:00+00:00,163.16,163.51,163.16,163.29,584.2,131
2026-06-12 21:06:00+00:00,163.3,163.43,162.89,162.91,631.84,99
2026-06-12 21:07:00+00:00,162.91,163.03,162.86,162.92,996.85,109
2026-06-12 21:08:00+00:00,162.94,163.18,162.81,163.16,1818.8,142
2026-06-12 21:09:00+00:00,163.13,163.27,163.13,163.27,382.89,54
2026-06-12 21:10:00+00:00,163.29,163.55,163.27,163.54,1347.3,95
2026-06-12 21:11:00+00:00,163.52,163.65,163.5,163.65,342.34,60
2026-06-12 21:12:00+00:00,163.65,163.7,163.54,163.54,1410.68,113
2026-06-12 21:13:00+00:00,163.55,163.68,163.5,163.67,558.52,69
2026-06-12 21:14:00+00:00,163.68,163.78,163.65,163.74,306.85,81
2026-06-12 21:15:00+00:00,163.74,164.04,163.74,164.03,735.59,93
2026-06-12 21:16:00+00:00,164.02,164.44,164.0,164.43,822.58,95
2026-06-12 21:17:00+00:00,164.44,164.55,164.04,164.16,4522.16,244
2026-06-12 21:18:00+00:00,164.13,164.32,164.11,164.22,572.34,73
2026-06-12 21:19:00+00:00,164.23,164.46,164.23,164.39,1214.06,111
2026-06-12 21:20:00+00:00,164.39,164.54,164.39,164.54,1916.11,126
2026-06-12 21:21:00+00:00,164.53,164.8,164.48,164.6,560.86,109
2026-06-12 21:22:00+00:00,164.6,164.77,164.55,164.75,332.27,74
2026-06-12 21:23:00+00:00,164.7,164.9,164.68,164.74,1099.35,138
2026-06-12 21:24:00+00:00,164.73,164.86,164.7,164.86,1123.22,132
2026-06-12 21:25:00+00:00,164.88,165.03,164.84,164.96,1800.18,132
2026-06-12 21:26:00+00:00,164.98,165.03,164.92,165.02,928.43,85
2026-06-12 21:27:00+00:00,165.01,165.75,164.99,165.68,3424.43,286
2026-06-12 21:28:00+00:00,165.68,165.8,165.52,165.8,1628.67,121
2026-06-12 21:29:00+00:00,165.8,165.9,165.6,165.75,1831.9,135
2026-06-12 21:30:00+00:00,165.75,165.75,165.45,165.48,788.02,116
2026-06-12 21:31:00+00:00,165.47,165.68,165.47,165.64,660.24,91
2026-06-12 21:32:00+00:00,165.64,165.83,165.64,165.81,2672.29,153
2026-06-12 21:33:00+00:00,165.83,166.27,165.78,166.27,4031.59,248
2026-06-12 21:34:00+00:00,166.28,166.4,166.27,166.4,1704.01,128
2026-06-12 21:35:00+00:00,166.4,166.4,166.07,166.08,4436.33,314
2026-06-12 21:36:00+00:00,166.08,166.25,166.07,166.23,1828.34,146
2026-06-12 21:37:00+00:00,166.23,166.29,166.18,166.19,3155.66,201
2026-06-12 21:38:00+00:00,166.19,166.35,166.18,166.32,2201.3,199
2026-06-12 21:39:00+00:00,166.32,166.53,166.32,166.53,2723.04,159
2026-06-12 21:40:00+00:00,166.54,166.6,166.44,166.59,3282.81,178
2026-06-12 21:41:00+00:00,166.58,166.58,166.33,166.36,2328.0,203
2026-06-12 21:42:00+00:00,166.36,166.36,166.09,166.11,2241.47,204
2026-06-12 21:43:00+00:00,166.11,166.28,166.11,166.23,1055.22,127
2026-06-12 21:44:00+00:00,166.24,166.36,166.18,166.33,595.63,69
2026-06-12 21:45:00+00:00,166.32,166.42,166.2,166.28,1564.68,164
2026-06-12 21:46:00+00:00,166.24,166.38,166.11,166.11,957.15,128
2026-06-12 21:47:00+00:00,166.11,166.14,165.72,165.73,2333.79,221
2026-06-12 21:48:00+00:00,165.73,166.02,165.73,165.99,2206.68,166
2026-06-12 21:49:00+00:00,165.99,166.12,165.92,166.07,2699.36,187
2026-06-12 21:50:00+00:00,166.07,166.12,166.0,166.1,1066.49,89
2026-06-12 21:51:00+00:00,166.11,166.17,166.08,166.11,1290.28,128
2026-06-12 21:52:00+00:00,166.09,166.14,166.04,166.1,3608.55,170
2026-06-12 21:53:00+00:00,166.08,166.1,165.99,166.07,1917.6,148
2026-06-12 21:54:00+00:00,166.06,166.1,166.0,166.03,796.64,102
2026-06-12 21:55:00+00:00,166.03,166.04,165.71,165.77,617.67,82
2026-06-12 21:56:00+00:00,165.77,165.94,165.77,165.82,1379.82,98
2026-06-12 21:57:00+00:00,165.81,165.91,165.76,165.77,507.73,85
2026-06-12 21:58:00+00:00,165.77,165.77,165.6,165.65,1327.38,107
2026-06-12 21:59:00+00:00,165.61,165.62,165.48,165.49,854.07,99
2026-06-12 22:00:00+00:00,165.48,165.57,165.29,165.31,1006.25,151
2026-06-12 22:01:00+00:00,165.31,165.46,165.31,165.38,962.77,144
2026-06-12 22:02:00+00:00,165.38,165.52,165.34,165.49,884.63,117
2026-06-12 22:03:00+00:00,165.49,165.59,165.43,165.49,870.51,124
2026-06-12 22:04:00+00:00,165.49,165.49,165.41,165.46,526.11,108
2026-06-12 22:05:00+00:00,165.47,165.49,165.45,165.45,531.52,44
2026-06-12 22:06:00+00:00,165.45,165.49,165.38,165.48,968.09,147
2026-06-12 22:07:00+00:00,165.48,165.49,165.23,165.29,649.92,75
2026-06-12 22:08:00+00:00,165.25,165.25,164.93,164.95,1607.86,174
2026-06-12 22:09:00+00:00,164.95,165.05,164.91,164.99,1032.94,107
2026-06-12 22:10:00+00:00,164.98,165.0,164.9,164.93,1193.72,123
2026-06-12 22:11:00+00:00,164.92,164.93,164.72,164.73,2731.82,188
2026-06-12 22:12:00+00:00,164.73,165.32,164.53,165.2,11242.86,428
2026-06-12 22:13:00+00:00,165.2,165.28,164.91,164.99,1394.23,190
2026-06-12 22:14:00+00:00,164.99,165.22,164.98,165.09,2492.63,319
2026-06-12 22:15:00+00:00,165.07,165.4,165.04,165.32,1460.96,164
2026-06-12 22:16:00+00:00,165.34,165.6,165.28,165.56,1391.47,188
2026-06-12 22:17:00+00:00,165.57,165.9,165.57,165.86,3105.28,233
2026-06-12 22:18:00+00:00,165.85,166.16,165.81,166.14,841.08,146
2026-06-12 22:19:00+00:00,166.14,166.18,166.01,166.08,538.07,126
2026-06-12 22:20:00+00:00,166.04,166.19,166.0,166.1,1117.43,104
2026-06-12 22:21:00+00:00,166.09,166.26,166.08,166.22,2092.57,138
2026-06-12 22:22:00+00:00,166.23,166.33,166.17,166.24,922.93,143
2026-06-12 22:23:00+00:00,166.23,166.35,166.17,166.27,821.89,136
2026-06-12 22:24:00+00:00,166.28,166.34,166.24,166.31,238.38,88
2026-06-12 22:25:00+00:00,166.28,166.31,166.22,166.31,448.43,66
2026-06-12 22:26:00+00:00,166.27,166.33,166.24,166.29,331.51,92
2026-06-12 22:27:00+00:00,166.26,166.34,166.26,166.3,248.95,87
2026-06-12 22:28:00+00:00,166.3,166.33,166.28,166.33,292.86,87
2026-06-12 22:29:00+00:00,166.38,166.8,166.38,166.72,1874.88,197
2026-06-12 22:30:00+00:00,166.73,167.0,166.73,166.99,1145.79,155
2026-06-12 22:31:00+00:00,166.98,167.03,166.92,167.0,1106.72,156
2026-06-12 22:32:00+00:00,167.0,167.02,166.73,166.78,1696.58,168
2026-06-12 22:33:00+00:00,166.77,167.09,166.77,167.09,420.45,107
2026-06-12 22:34:00+00:00,167.1,167.5,167.1,167.35,3509.99,265
2026-06-12 22:35:00+00:00,167.34,167.42,167.3,167.38,101.0,55
2026-06-12 22:36:00+00:00,167.37,167.37,167.18,167.3,377.45,109
2026-06-12 22:37:00+00:00,167.27,167.36,167.04,167.14,1069.18,106
2026-06-12 22:38:00+00:00,167.15,167.15,166.66,166.82,2278.77,139
2026-06-12 22:39:00+00:00,166.82,167.09,166.76,167.09,1625.73,121
2026-06-12 22:40:00+00:00,167.05,167.15,166.99,167.02,337.07,81
2026-06-12 22:41:00+00:00,167.01,167.07,166.87,167.06,514.73,79
2026-06-12 22:42:00+00:00,167.05,167.39,167.04,167.32,1335.23,109
2026-06-12 22:43:00+00:00,167.33,167.52,167.27,167.49,1116.29,78
2026-06-12 22:44:00+00:00,167.49,167.52,167.46,167.52,452.3,86
2026-06-12 22:45:00+00:00,167.5,167.53,167.32,167.32,1806.24,122
2026-06-12 22:46:00+00:00,167.32,167.5,167.32,167.45,1543.07,121
2026-06-12 22:47:00+00:00,167.45,167.51,167.33,167.5,1207.93,169
2026-06-12 22:48:00+00:00,167.48,167.52,167.42,167.49,338.37,108
2026-06-12 22:49:00+00:00,167.5,167.65,167.49,167.61,780.19,118
2026-06-12 22:50:00+00:00,167.6,167.67,167.6,167.67,220.82,65
2026-06-12 22:51:00+00:00,167.66,167.79,167.62,167.78,814.01,103
2026-06-12 22:52:00+00:00,167.78,167.87,167.78,167.79,597.92,102
2026-06-12 22:53:00+00:00,167.79,167.8,167.75,167.78,809.47,65
2026-06-12 22:54:00+00:00,167.77,167.8,167.71,167.77,356.33,84
2026-06-12 22:55:00+00:00,167.76,167.85,167.74,167.84,658.57,89
2026-06-12 22:56:00+00:00,167.83,167.84,167.66,167.75,254.75,59
2026-06-12 22:57:00+00:00,167.73,167.76,167.63,167.65,333.27,45
2026-06-12 22:58:00+00:00,167.63,167.63,167.53,167.59,788.5,87
2026-06-12 22:59:00+00:00,167.55,167.59,167.29,167.32,751.83,81
2026-06-12 23:00:00+00:00,167.31,167.31,167.03,167.23,751.29,101
2026-06-12 23:01:00+00:00,167.12,167.31,167.06,167.29,521.07,105
2026-06-12 23:02:00+00:00,167.25,167.26,167.09,167.14,56.43,45
2026-06-12 23:03:00+00:00,167.04,167.07,166.88,166.88,445.46,81
2026-06-12 23:04:00+00:00,166.89,167.22,166.79,167.2,1118.08,106
2026-06-12 23:05:00+00:00,167.16,167.24,167.11,167.14,224.12,53
2026-06-12 23:06:00+00:00,167.11,167.14,166.91,166.94,128.36,44
2026-06-12 23:07:00+00:00,166.9,166.95,166.65,166.72,212.81,78
2026-06-12 23:08:00+00:00,166.8,167.06,166.8,167.05,2251.46,139
2026-06-12 23:09:00+00:00,167.04,167.36,167.03,167.36,448.72,89
2026-06-12 23:10:00+00:00,167.36,167.65,167.34,167.34,348.49,99
2026-06-12 23:11:00+00:00,167.34,167.51,167.31,167.5,1778.93,138
2026-06-12 23:12:00+00:00,167.49,167.54,167.27,167.38,2969.34,155
2026-06-12 23:13:00+00:00,167.38,167.45,167.37,167.44,616.36,90
2026-06-12 23:14:00+00:00,167.43,167.44,167.25,167.27,440.42,75
2026-06-12 23:15:00+00:00,167.25,167.41,167.13,167.41,1751.91,150
2026-06-12 23:16:00+00:00,167.4,167.43,167.32,167.32,300.24,104
2026-06-12 23:17:00+00:00,167.33,167.4,167.26,167.26,806.22,88
2026-06-12 23:18:00+00:00,167.25,167.29,167.22,167.26,365.94,73
2026-06-12 23:19:00+00:00,167.22,167.34,167.16,167.34,231.27,96
2026-06-12 23:20:00+00:00,167.31,167.34,167.23,167.3,140.27,84
2026-06-12 23:21:00+00:00,167.29,167.47,167.26,167.4,396.82,82
2026-06-12 23:22:00+00:00,167.41,167.53,167.37,167.5,130.49,69
2026-06-12 23:23:00+00:00,167.51,167.54,167.45,167.53,1088.76,72
2026-06-12 23:24:00+00:00,167.52,167.53,167.35,167.44,1204.17,67
2026-06-12 23:25:00+00:00,167.46,167.6,167.4,167.56,1587.22,90
2026-06-12 23:26:00+00:00,167.6,167.67,167.54,167.6,364.06,59
2026-06-12 23:27:00+00:00,167.63,167.68,167.63,167.67,66.53,42
2026-06-12 23:28:00+00:00,167.66,167.69,167.58,167.64,51.75,37
2026-06-12 23:29:00+00:00,167.66,167.69,167.6,167.61,203.69,44
2026-06-12 23:30:00+00:00,167.57,167.76,167.57,167.75,515.8,86
2026-06-12 23:31:00+00:00,167.76,167.78,167.65,167.66,126.55,45
2026-06-12 23:32:00+00:00,167.6,167.62,167.4,167.47,1280.6,86
2026-06-12 23:33:00+00:00,167.44,167.44,167.33,167.36,183.03,55
2026-06-12 23:34:00+00:00,167.36,167.36,167.0,167.1,364.27,65
2026-06-12 23:35:00+00:00,167.09,167.15,166.95,166.95,1075.97,110
2026-06-12 23:36:00+00:00,166.94,166.95,166.63,166.65,1129.28,100
2026-06-12 23:37:00+00:00,166.6,166.62,166.35,166.62,1409.88,144
2026-06-12 23:38:00+00:00,166.62,167.02,166.62,166.95,1149.59,125
2026-06-12 23:39:00+00:00,166.92,167.1,166.73,166.81,564.57,107
2026-06-12 23:40:00+00:00,166.8,166.82,166.53,166.53,1008.47,100
2026-06-12 23:41:00+00:00,166.53,166.75,166.48,166.73,1553.87,122
2026-06-12 23:42:00+00:00,166.73,166.75,166.58,166.67,1004.51,97
2026-06-12 23:43:00+00:00,166.66,166.97,166.66,166.97,210.46,84
2026-06-12 23:44:00+00:00,166.95,167.26,166.95,167.15,182.14,65
2026-06-12 23:45:00+00:00,167.15,167.15,166.78,166.83,1012.88,93
2026-06-12 23:46:00+00:00,166.8,166.94,166.76,166.77,1434.31,81
2026-06-12 23:47:00+00:00,166.76,166.84,166.52,166.52,3581.91,192
2026-06-12 23:48:00+00:00,166.52,166.81,166.44,166.64,1592.07,137
2026-06-12 23:49:00+00:00,166.62,166.92,166.61,166.9,1316.28,144
2026-06-12 23:50:00+00:00,166.91,166.92,166.78,166.83,561.6,67
2026-06-12 23:51:00+00:00,166.84,167.03,166.84,166.86,184.75,50
2026-06-12 23:52:00+00:00,166.87,166.9,166.79,166.88,483.1,54
2026-06-12 23:53:00+00:00,166.87,166.88,166.69,166.71,196.99,54
2026-06-12 23:54:00+00:00,166.71,166.79,166.66,166.69,1054.57,123
2026-06-12 23:55:00+00:00,166.76,166.85,166.66,166.82,324.28,82
2026-06-12 23:56:00+00:00,166.81,166.89,166.8,166.81,86.44,38
2026-06-12 23:57:00+00:00,166.83,166.95,166.67,166.77,1974.78,115
2026-06-12 23:58:00+00:00,166.82,166.93,166.77,166.84,2643.61,108
2026-06-12 23:59:00+00:00,166.83,166.86,166.71,166.72,403.3,51
2026-06-13 00:00:00+00:00,166.71,166.79,166.52,166.52,233.04,85
2026-06-13 00:01:00+00:00,166.51,166.53,166.1,166.1,1801.26,198
2026-06-13 00:02:00+00:00,166.1,166.1,165.66,165.8,2382.01,286
2026-06-13 00:03:00+00:00,165.79,165.8,164.9,164.9,5171.75,451
2026-06-13 00:04:00+00:00,164.89,164.95,164.07,164.25,3226.46,429
2026-06-13 00:05:00+00:00,164.25,164.39,163.63,163.8,6715.45,558
2026-06-13 00:06:00+00:00,163.8,164.49,163.66,164.49,3158.89,523
2026-06-13 00:07:00+00:00,164.49,164.64,163.95,164.06,1309.63,301
2026-06-13 00:08:00+00:00,164.06,164.52,164.05,164.46,1309.31,207
2026-06-13 00:09:00+00:00,164.43,164.55,164.24,164.43,3706.63,230
2026-06-13 00:10:00+00:00,164.42,164.86,164.37,164.83,1105.27,149
2026-06-13 00:11:00+00:00,164.81,164.91,164.55,164.66,2901.75,143
2026-06-13 00:12:00+00:00,164.67,164.68,164.25,164.31,1623.72,100
2026-06-13 00:13:00+00:00,164.3,164.49,164.26,164.38,182.33,66
2026-06-13 00:14:00+00:00,164.34,165.17,164.34,165.14,415.71,103
2026-06-13 00:15:00+00:00,165.1,165.19,164.94,165.03,727.99,84
2026-06-13 00:16:00+00:00,165.03,165.24,164.81,164.81,796.26,106
2026-06-13 00:17:00+00:00,164.8,165.04,164.36,164.36,545.85,76
2026-06-13 00:18:00+00:00,164.44,164.69,164.44,164.54,348.62,84
2026-06-13 00:19:00+00:00,164.58,164.84,164.58,164.79,589.89,71
2026-06-13 00:20:00+00:00,164.79,164.86,164.75,164.81,280.19,55
2026-06-13 00:21:00+00:00,164.81,165.16,164.81,165.12,418.3,74
2026-06-13 00:22:00+00:00,165.13,165.41,165.13,165.17,757.96,96
2026-06-13 00:23:00+00:00,165.13,165.38,165.13,165.36,489.89,54
2026-06-13 00:24:00+00:00,165.37,165.73,165.35,165.5,494.04,87
2026-06-13 00:25:00+00:00,165.51,166.19,165.51,166.04,4746.0,230
2026-06-13 00:26:00+00:00,166.04,166.18,165.79,165.82,1221.66,86
2026-06-13 00:27:00+00:00,165.81,165.83,165.58,165.71,412.6,85
2026-06-13 00:28:00+00:00,165.73,165.85,165.65,165.65,573.92,57
2026-06-13 00:29:00+00:00,165.66,165.81,165.53,165.53,344.99,54
2026-06-13 00:30:00+00:00,165.53,165.68,165.39,165.56,686.54,82
2026-06-13 00:31:00+00:00,165.52,165.72,165.45,165.67,365.23,58
2026-06-13 00:32:00+00:00,165.77,166.09,165.77,166.03,482.3,68
2026-06-13 00:33:00+00:00,166.03,166.22,166.03,166.11,427.99,62
2026-06-13 00:34:00+00:00,166.14,166.18,165.9,165.95,1076.05,105
2026-06-13 00:35:00+00:00,165.99,166.49,165.99,166.25,935.84,128
2026-06-13 00:36:00+00:00,166.27,166.29,166.16,166.19,142.67,32
2026-06-13 00:37:00+00:00,166.2,166.47,166.2,166.39,544.0,77
2026-06-13 00:38:00+00:00,166.4,166.51,166.39,166.46,234.02,41
2026-06-13 00:39:00+00:00,166.47,166.74,166.46,166.61,710.01,92
2026-06-13 00:40:00+00:00,166.69,166.73,166.3,166.32,727.75,96
2026-06-13 00:41:00+00:00,166.31,166.49,166.3,166.33,309.75,67
2026-06-13 00:42:00+00:00,166.32,166.42,166.25,166.41,364.94,88
2026-06-13 00:43:00+00:00,166.41,166.42,166.16,166.16,574.66,74
2026-06-13 00:44:00+00:00,166.15,166.21,165.87,166.0,532.5,79
2026-06-13 00:45:00+00:00,165.99,166.0,165.88,165.99,275.03,45
2026-06-13 00:46:00+00:00,165.99,166.18,165.99,166.17,447.6,50
2026-06-13 00:47:00+00:00,166.16,166.33,166.05,166.16,738.17,64
2026-06-13 00:48:00+00:00,166.24,166.27,165.81,165.81,201.3,55
2026-06-13 00:49:00+00:00,165.8,165.88,165.72,165.84,129.15,43
2026-06-13 00:50:00+00:00,165.91,165.98,165.79,165.79,163.17,35
2026-06-13 00:51:00+00:00,165.79,165.79,165.54,165.59,379.92,54
2026-06-13 00:52:00+00:00,165.59,165.59,165.26,165.36,217.16,55
2026-06-13 00:53:00+00:00,165.35,165.39,165.2,165.22,71.84,45
2026-06-13 00:54:00+00:00,165.21,165.29,164.95,164.97,318.7,51
2026-06-13 00:55:00+00:00,164.98,165.36,164.96,165.36,441.55,68
2026-06-13 00:56:00+00:00,165.39,165.47,165.33,165.4,88.12,43
2026-06-13 00:57:00+00:00,165.41,165.55,165.25,165.55,586.7,44
2026-06-13 00:58:00+00:00,165.41,165.6,164.78,164.8,865.46,109
2026-06-13 00:59:00+00:00,164.84,165.21,164.71,165.1,621.74,127
2026-06-13 01:00:00+00:00,165.09,165.3,164.99,165.14,1009.1,114
2026-06-13 01:01:00+00:00,165.13,165.18,164.96,165.07,606.2,80
2026-06-13 01:02:00+00:00,164.96,165.13,164.91,165.13,758.56,108
2026-06-13 01:03:00+00:00,165.12,165.16,164.62,164.67,1154.31,94
2026-06-13 01:04:00+00:00,164.67,164.79,164.57,164.64,851.1,151
2026-06-13 01:05:00+00:00,164.63,164.7,164.38,164.4,395.13,68
2026-06-13 01:06:00+00:00,164.4,164.4,164.03,164.04,1328.33,119
2026-06-13 01:07:00+00:00,164.04,164.35,164.04,164.35,739.02,49
2026-06-13 01:08:00+00:00,164.35,164.5,164.35,164.49,342.22,45
2026-06-13 01:09:00+00:00,164.49,164.61,164.45,164.56,613.14,65
2026-06-13 01:10:00+00:00,164.61,164.7,164.55,164.67,202.29,42
2026-06-13 01:11:00+00:00,164.67,164.7,164.62,164.7,197.08,43
2026-06-13 01:12:00+00:00,164.68,164.9,164.68,164.81,791.84,67
2026-06-13 01:13:00+00:00,164.79,164.88,164.61,164.76,611.08,56
2026-06-13 01:14:00+00:00,164.77,164.88,164.76,164.79,50.42,38
2026-06-13 01:15:00+00:00,164.78,164.87,164.68,164.68,294.65,47
2026-06-13 01:16:00+00:00,164.62,164.76,164.61,164.62,150.83,38
2026-06-13 01:17:00+00:00,164.61,164.61,164.27,164.3,606.12,55
2026-06-13 01:18:00+00:00,164.36,164.65,164.36,164.61,363.15,44
2026-06-13 01:19:00+00:00,164.61,164.84,164.36,164.41,250.54,61
2026-06-13 01:20:00+00:00,164.41,164.52,164.4,164.49,554.14,50
2026-06-13 01:21:00+00:00,164.48,164.73,164.48,164.73,756.02,51
2026-06-13 01:22:00+00:00,164.73,164.97,164.72,164.94,564.67,55
2026-06-13 01:23:00+00:00,164.96,165.06,164.91,165.06,331.73,47
2026-06-13 01:24:00+00:00,165.0,165.1,165.0,165.02,144.26,46
2026-06-13 01:25:00+00:00,164.97,165.18,164.97,165.05,518.44,55
2026-06-13 01:26:00+00:00,165.04,165.1,164.93,165.06,242.95,38
2026-06-13 01:27:00+00:00,165.05,165.2,165.05,165.2,224.17,38
2026-06-13 01:28:00+00:00,165.09,165.2,165.09,165.15,345.6,47
2026-06-13 01:29:00+00:00,165.15,165.2,164.94,165.02,482.77,44
2026-06-13 01:30:00+00:00,165.01,165.08,164.91,164.91,312.57,30
2026-06-13 01:31:00+00:00,164.91,164.91,164.53,164.69,651.63,75
2026-06-13 01:32:00+00:00,164.65,165.01,164.57,164.92,152.65,51
2026-06-13 01:33:00+00:00,164.91,165.03,164.91,165.02,49.92,34
2026-06-13 01:34:00+00:00,164.96,165.0,164.89,164.96,81.03,39
2026-06-13 01:35:00+00:00,164.95,165.06,164.93,165.05,81.48,39
2026-06-13 01:36:00+00:00,165.02,165.11,164.98,165.1,172.57,41
2026-06-13 01:37:00+00:00,165.09,165.2,165.09,165.12,224.57,65
2026-06-13 01:38:00+00:00,165.09,165.26,165.06,165.23,468.57,77
2026-06-13 01:39:00+00:00,165.26,165.46,165.1,165.27,787.18,77
2026-06-13 01:40:00+00:00,165.27,165.27,165.06,165.06,848.49,55
2026-06-13 01:41:00+00:00,165.09,165.1,164.77,164.89,232.11,55
2026-06-13 01:42:00+00:00,164.92,165.41,164.88,165.34,167.3,56
2026-06-13 01:43:00+00:00,165.39,165.46,165.29,165.31,137.56,49
2026-06-13 01:44:00+00:00,165.39,165.4,165.17,165.22,178.64,64
2026-06-13 01:45:00+00:00,165.21,165.37,165.04,165.08,128.24,42
2026-06-13 01:46:00+00:00,165.14,165.2,165.07,165.17,120.18,35
2026-06-13 01:47:00+00:00,165.18,165.36,165.17,165.27,105.14,47
2026-06-13 01:48:00+00:00,165.28,165.34,165.12,165.16,187.82,63
2026-06-13 01:49:00+00:00,165.12,165.21,164.98,165.15,235.98,46
2026-06-13 01:50:00+00:00,165.13,165.28,165.13,165.14,124.33,48
2026-06-13 01:51:00+00:00,165.14,165.17,165.03,165.17,120.81,47
2026-06-13 01:52:00+00:00,165.21,165.3,165.08,165.09,117.49,51
2026-06-13 01:53:00+00:00,165.09,165.23,165.04,165.09,53.59,40
2026-06-13 01:54:00+00:00,165.07,165.16,164.84,164.84,156.69,48
2026-06-13 01:55:00+00:00,164.81,165.02,164.78,164.98,109.41,28
2026-06-13 01:56:00+00:00,164.98,165.03,164.88,164.89,98.77,37
2026-06-13 01:57:00+00:00,164.84,164.86,164.77,164.77,44.38,28
2026-06-13 01:58:00+00:00,164.77,164.96,164.77,164.96,151.31,42
2026-06-13 01:59:00+00:00,164.92,165.07,164.9,164.91,96.64,43
2026-06-13 02:00:00+00:00,164.9,164.9,164.5,164.5,155.44,67
2026-06-13 02:01:00+00:00,164.5,164.87,164.4,164.84,308.41,80
2026-06-13 02:02:00+00:00,164.82,165.16,164.82,165.14,246.97,69
2026-06-13 02:03:00+00:00,165.15,165.28,165.1,165.28,371.05,75
2026-06-13 02:04:00+00:00,165.23,165.29,164.9,164.98,211.65,79
2026-06-13 02:05:00+00:00,165.02,165.18,164.99,165.08,106.21,67
2026-06-13 02:06:00+00:00,165.03,165.19,165.0,165.03,62.58,44
2026-06-13 02:07:00+00:00,165.07,165.15,165.07,165.12,43.67,38
2026-06-13 02:08:00+00:00,165.12,165.32,165.12,165.15,258.15,75
2026-06-13 02:09:00+00:00,165.15,165.49,165.15,165.39,193.56,76
2026-06-13 02:10:00+00:00,165.4,165.52,165.33,165.5,133.02,59
2026-06-13 02:11:00+00:00,165.51,165.64,165.46,165.56,235.56,68
2026-06-13 02:12:00+00:00,165.59,165.74,165.58,165.71,160.29,52
2026-06-13 02:13:00+00:00,165.71,165.77,165.5,165.5,382.25,63
2026-06-13 02:14:00+00:00,165.51,165.51,165.27,165.38,402.54,62
2026-06-13 02:15:00+00:00,165.34,165.38,165.11,165.14,255.25,54
2026-06-13 02:16:00+00:00,165.15,165.23,165.05,165.18,204.32,45
2026-06-13 02:17:00+00:00,165.22,165.59,165.22,165.53,264.21,62
2026-06-13 02:18:00+00:00,165.55,165.61,165.38,165.38,414.25,40
2026-06-13 02:19:00+00:00,165.39,165.61,165.36,165.59,816.98,72
2026-06-13 02:20:00+00:00,165.63,165.74,165.59,165.7,532.17,75
2026-06-13 02:21:00+00:00,165.67,165.72,165.52,165.63,259.11,50
2026-06-13 02:22:00+00:00,165.56,165.59,165.42,165.46,118.57,56
2026-06-13 02:23:00+00:00,165.4,165.54,165.37,165.47,83.94,42
2026-06-13 02:24:00+00:00,165.52,166.02,165.33,165.98,344.3,82
2026-06-13 02:25:00+00:00,166.02,166.5,166.02,166.09,927.79,102
2026-06-13 02:26:00+00:00,166.13,166.3,166.03,166.05,173.58,80
2026-06-13 02:27:00+00:00,166.02,166.11,165.88,166.09,223.75,67
2026-06-13 02:28:00+00:00,165.98,166.01,165.67,165.73,189.4,61
2026-06-13 02:29:00+00:00,165.75,165.76,165.09,165.13,221.39,57
2026-06-13 02:30:00+00:00,165.09,165.24,164.88,164.88,213.11,61
2026-06-13 02:31:00+00:00,164.86,165.07,164.84,164.96,1556.24,101
2026-06-13 02:32:00+00:00,164.94,165.1,164.94,165.09,87.47,31
2026-06-13 02:33:00+00:00,165.03,165.2,164.89,164.89,127.09,42
2026-06-13 02:34:00+00:00,164.89,164.89,164.62,164.81,221.5,54
2026-06-13 02:35:00+00:00,164.76,164.94,164.76,164.92,241.52,50
2026-06-13 02:36:00+00:00,164.92,165.11,164.92,165.11,138.42,47
2026-06-13 02:37:00+00:00,165.11,165.22,164.91,164.92,852.28,87
2026-06-13 02:38:00+00:00,164.91,165.06,164.86,164.95,148.04,67
2026-06-13 02:39:00+00:00,164.96,165.24,164.92,165.24,287.41,67
2026-06-13 02:40:00+00:00,165.23,165.27,165.11,165.13,187.26,68
2026-06-13 02:41:00+00:00,165.12,165.25,165.1,165.23,79.27,46
2026-06-13 02:42:00+00:00,165.2,165.28,165.13,165.2,484.71,58
2026-06-13 02:43:00+00:00,165.19,165.2,164.9,164.91,509.14,47
2026-06-13 02:44:00+00:00,165.01,165.1,164.87,164.97,88.03,43
2026-06-13 02:45:00+00:00,164.92,165.0,164.79,164.93,664.15,67
2026-06-13 02:46:00+00:00,164.88,164.95,164.85,164.9,254.15,61
2026-06-13 02:47:00+00:00,164.9,165.0,164.85,164.99,885.88,81
2026-06-13 02:48:00+00:00,164.96,165.0,164.78,164.88,427.86,74
2026-06-13 02:49:00+00:00,164.85,164.85,164.71,164.74,264.91,63
2026-06-13 02:50:00+00:00,164.71,164.78,164.68,164.76,130.01,52
2026-06-13 02:51:00+00:00,164.75,165.12,164.72,164.93,1201.51,103
2026-06-13 02:52:00+00:00,164.92,164.98,164.91,164.96,285.11,55
2026-06-13 02:53:00+00:00,164.98,165.06,164.97,165.04,191.49,58
2026-06-13 02:54:00+00:00,164.98,165.05,164.97,165.02,253.99,53
2026-06-13 02:55:00+00:00,165.02,165.1,165.02,165.05,151.63,55
2026-06-13 02:56:00+00:00,165.05,165.14,164.79,164.86,169.48,62
2026-06-13 02:57:00+00:00,164.84,164.85,164.1,164.1,5045.23,318
2026-06-13 02:58:00+00:00,164.1,164.31,164.1,164.1,5752.77,357
2026-06-13 02:59:00+00:00,164.1,164.13,164.1,164.1,3767.33,128
2026-06-13 03:00:00+00:00,164.1,164.66,164.05,164.58,1253.26,160
2026-06-13 03:01:00+00:00,164.62,164.76,164.4,164.59,366.81,78
2026-06-13 03:02:00+00:00,164.56,164.6,164.54,164.6,87.69,47
2026-06-13 03:03:00+00:00,164.59,164.72,164.12,164.12,292.11,67
2026-06-13 03:04:00+00:00,164.16,164.2,163.86,163.94,601.34,116
2026-06-13 03:05:00+00:00,163.91,164.0,163.8,163.85,728.77,98
2026-06-13 03:06:00+00:00,163.85,163.98,163.84,163.9,228.26,80
2026-06-13 03:07:00+00:00,163.92,163.92,163.79,163.83,1183.59,109
2026-06-13 03:08:00+00:00,163.82,163.83,163.22,163.22,2472.54,217
2026-06-13 03:09:00+00:00,163.24,163.25,162.27,162.96,3291.96,270
2026-06-13 03:10:00+00:00,162.97,163.12,162.96,163.0,785.65,204
2026-06-13 03:11:00+00:00,162.96,163.33,162.94,163.12,519.37,131
2026-06-13 03:12:00+00:00,163.09,163.33,163.09,163.18,661.68,113
2026-06-13 03:13:00+00:00,163.17,163.3,163.15,163.29,574.59,79
2026-06-13 03:14:00+00:00,163.28,163.35,163.11,163.11,472.54,62
2026-06-13 03:15:00+00:00,163.0,163.12,163.0,163.04,102.87,48
2026-06-13 03:16:00+00:00,163.07,163.26,163.02,163.18,605.01,78
2026-06-13 03:17:00+00:00,163.22,163.46,163.2,163.42,300.96,72
2026-06-13 03:18:00+00:00,163.42,163.44,163.28,163.28,527.56,64
2026-06-13 03:19:00+00:00,163.29,163.53,163.29,163.53,140.19,75
2026-06-13 03:20:00+00:00,163.51,163.86,163.51,163.81,215.86,82
2026-06-13 03:21:00+00:00,163.85,164.0,163.6,163.6,506.14,83
2026-06-13 03:22:00+00:00,163.6,163.8,163.53,163.77,560.27,79
2026-06-13 03:23:00+00:00,163.76,163.94,163.65,163.67,492.23,76
2026-06-13 03:24:00+00:00,163.66,163.76,163.63,163.63,126.9,50
2026-06-13 03:25:00+00:00,163.6,163.85,163.59,163.78,774.2,95
2026-06-13 03:26:00+00:00,163.78,163.93,163.65,163.93,145.57,65
2026-06-13 03:27:00+00:00,163.87,163.95,163.83,163.87,450.84,63
2026-06-13 03:28:00+00:00,163.87,163.88,163.78,163.82,278.37,64
2026-06-13 03:29:00+00:00,163.91,163.96,163.73,163.95,328.88,89
2026-06-13 03:30:00+00:00,163.95,164.07,163.93,163.93,323.68,84
2026-06-13 03:31:00+00:00,163.89,163.99,163.89,163.95,160.15,43
2026-06-13 03:32:00+00:00,163.94,164.25,163.94,164.25,393.94,74
2026-06-13 03:33:00+00:00,164.27,164.52,164.22,164.22,335.08,94
2026-06-13 03:34:00+00:00,164.23,164.41,164.19,164.3,103.89,48
2026-06-13 03:35:00+00:00,164.24,164.29,164.05,164.24,73.75,59
2026-06-13 03:36:00+00:00,164.25,164.35,164.2,164.23,146.22,54
2026-06-13 03:37:00+00:00,164.25,164.38,164.23,164.23,61.94,38
2026-06-13 03:38:00+00:00,164.29,164.38,164.23,164.24,160.39,60
2026-06-13 03:39:00+00:00,164.24,164.27,164.06,164.07,224.61,51
2026-06-13 03:40:00+00:00,164.18,164.19,164.09,164.13,155.59,55
2026-06-13 03:41:00+00:00,164.17,164.18,163.68,163.87,1073.45,137
2026-06-13 03:42:00+00:00,163.89,164.08,163.82,164.06,1162.35,104
2026-06-13 03:43:00+00:00,164.06,164.16,164.01,164.16,106.85,54
2026-06-13 03:44:00+00:00,164.15,164.35,164.15,164.32,156.64,48
2026-06-13 03:45:00+00:00,164.3,164.58,164.3,164.57,181.35,69
2026-06-13 03:46:00+00:00,164.57,164.63,164.31,164.31,406.93,79
2026-06-13 03:47:00+00:00,164.33,164.36,164.24,164.26,76.2,58
2026-06-13 03:48:00+00:00,164.31,164.31,164.07,164.09,262.2,60
2026-06-13 03:49:00+00:00,164.09,164.14,164.03,164.09,68.68,37
2026-06-13 03:50:00+00:00,164.03,164.06,163.99,164.0,64.26,39
2026-06-13 03:51:00+00:00,164.0,164.07,163.97,164.07,315.48,68
2026-06-13 03:52:00+00:00,164.06,164.08,164.01,164.05,111.81,30
2026-06-13 03:53:00+00:00,164.04,164.1,164.04,164.1,179.99,78
2026-06-13 03:54:00+00:00,164.06,164.1,164.02,164.02,321.34,68
2026-06-13 03:55:00+00:00,164.03,164.29,164.02,164.29,304.77,73
2026-06-13 03:56:00+00:00,164.3,164.44,164.29,164.43,74.2,49
2026-06-13 03:57:00+00:00,164.41,164.46,164.27,164.27,148.67,81
2026-06-13 03:58:00+00:00,164.23,164.26,164.13,164.25,179.05,86
2026-06-13 03:59:00+00:00,164.21,164.49,164.16,164.45,375.37,67
2026-06-13 04:00:00+00:00,164.49,164.68,164.49,164.62,444.27,124
2026-06-13 04:01:00+00:00,164.61,164.63,164.34,164.39,481.06,108
2026-06-13 04:02:00+00:00,164.38,164.55,164.31,164.55,303.71,65
2026-06-13 04:03:00+00:00,164.53,164.61,164.31,164.34,361.54,94
2026-06-13 04:04:00+00:00,164.31,164.42,164.2,164.2,147.64,77
2026-06-13 04:05:00+00:00,164.19,164.41,164.01,164.39,398.52,86
2026-06-13 04:06:00+00:00,164.39,164.41,164.1,164.17,419.9,81
2026-06-13 04:07:00+00:00,164.15,164.17,164.07,164.1,219.25,50
2026-06-13 04:08:00+00:00,164.06,164.14,164.0,164.0,273.2,83
2026-06-13 04:09:00+00:00,164.0,164.29,164.0,164.22,181.74,64
2026-06-13 04:10:00+00:00,164.26,164.37,164.26,164.35,48.3,46
2026-06-13 04:11:00+00:00,164.34,164.4,164.27,164.31,242.79,89
2026-06-13 04:12:00+00:00,164.28,164.34,164.17,164.22,257.94,60
2026-06-13 04:13:00+00:00,164.21,164.25,164.15,164.17,44.6,35
2026-06-13 04:14:00+00:00,164.16,164.25,164.16,164.25,198.53,33
2026-06-13 04:15:00+00:00,164.23,164.3,164.11,164.19,1085.4,104
2026-06-13 04:16:00+00:00,164.17,164.25,164.15,164.2,227.7,56
2026-06-13 04:17:00+00:00,164.19,164.26,164.14,164.26,116.56,51
2026-06-13 04:18:00+00:00,164.27,164.38,164.24,164.32,216.15,64
2026-06-13 04:19:00+00:00,164.3,164.32,164.24,164.27,94.07,43
2026-06-13 04:20:00+00:00,164.27,164.3,164.2,164.25,73.67,56
2026-06-13 04:21:00+00:00,164.25,164.44,164.23,164.41,62.83,51
2026-06-13 04:22:00+00:00,164.4,164.57,164.4,164.46,142.51,52
2026-06-13 04:23:00+00:00,164.44,164.51,164.36,164.37,264.02,93
2026-06-13 04:24:00+00:00,164.35,164.45,164.33,164.37,139.17,65
2026-06-13 04:25:00+00:00,164.37,164.49,164.33,164.46,168.96,66
2026-06-13 04:26:00+00:00,164.46,164.71,164.42,164.65,404.83,62
2026-06-13 04:27:00+00:00,164.68,164.94,164.68,164.8,851.17,140
2026-06-13 04:28:00+00:00,164.76,164.82,164.65,164.67,186.97,64
2026-06-13 04:29:00+00:00,164.69,164.95,164.64,164.93,1920.37,78
2026-06-13 04:30:00+00:00,164.91,164.94,164.85,164.92,83.59,58
2026-06-13 04:31:00+00:00,164.91,164.95,164.83,164.94,1969.9,161
2026-06-13 04:32:00+00:00,164.95,164.95,164.66,164.78,635.77,108
2026-06-13 04:33:00+00:00,164.77,164.95,164.76,164.95,625.26,88
2026-06-13 04:34:00+00:00,164.94,164.95,164.51,164.87,1970.62,123
2026-06-13 04:35:00+00:00,164.88,164.95,164.79,164.79,305.26,57
2026-06-13 04:36:00+00:00,164.79,164.79,164.52,164.75,319.03,72
2026-06-13 04:37:00+00:00,164.74,164.93,164.59,164.59,642.42,91
2026-06-13 04:38:00+00:00,164.58,164.76,164.56,164.56,242.65,79
2026-06-13 04:39:00+00:00,164.56,164.74,164.52,164.68,130.75,46
2026-06-13 04:40:00+00:00,164.7,164.73,164.6,164.66,239.08,38
2026-06-13 04:41:00+00:00,164.64,164.76,164.64,164.73,842.89,90
2026-06-13 04:42:00+00:00,164.71,164.77,164.7,164.74,88.43,57
2026-06-13 04:43:00+00:00,164.75,164.8,164.71,164.71,77.07,57
2026-06-13 04:44:00+00:00,164.7,164.73,164.63,164.69,154.53,49
2026-06-13 04:45:00+00:00,164.75,164.87,164.73,164.8,287.93,65
2026-06-13 04:46:00+00:00,164.8,164.94,164.74,164.94,1609.72,139
2026-06-13 04:47:00+00:00,164.94,165.14,164.86,165.08,10460.11,357
2026-06-13 04:48:00+00:00,165.08,165.14,165.02,165.09,755.39,94
2026-06-13 04:49:00+00:00,165.09,165.09,164.98,165.04,302.68,84
2026-06-13 04:50:00+00:00,165.04,165.04,165.0,165.04,177.76,70
2026-06-13 04:51:00+00:00,165.02,165.04,165.02,165.04,155.87,71
2026-06-13 04:52:00+00:00,165.02,165.32,165.02,165.27,544.17,116
2026-06-13 04:53:00+00:00,165.28,165.33,165.03,165.27,434.93,101
2026-06-13 04:54:00+00:00,165.26,165.71,165.26,165.33,547.62,123
2026-06-13 04:55:00+00:00,165.28,165.35,165.07,165.29,969.84,115
2026-06-13 04:56:00+00:00,165.27,165.59,165.27,165.53,233.23,77
2026-06-13 04:57:00+00:00,165.57,165.61,165.5,165.61,160.95,88
2026-06-13 04:58:00+00:00,165.61,165.64,165.53,165.56,207.91,78
2026-06-13 04:59:00+00:00,165.51,165.7,165.46,165.66,1566.83,120
2026-06-13 05:00:00+00:00,165.65,165.87,165.6,165.81,397.17,120
2026-06-13 05:01:00+00:00,165.79,165.8,165.42,165.48,2145.38,198
2026-06-13 05:02:00+00:00,165.48,165.57,165.06,165.13,409.39,108
2026-06-13 05:03:00+00:00,165.13,165.25,165.06,165.06,212.73,63
2026-06-13 05:04:00+00:00,165.06,165.28,165.05,165.27,145.09,52
2026-06-13 05:05:00+00:00,165.25,165.37,165.11,165.18,502.06,63
2026-06-13 05:06:00+00:00,165.13,165.17,165.03,165.05,328.99,59
2026-06-13 05:07:00+00:00,165.05,165.06,165.02,165.06,374.07,61
2026-06-13 05:08:00+00:00,165.05,165.06,164.95,164.95,685.57,94
2026-06-13 05:09:00+00:00,164.95,164.96,164.77,164.77,540.89,98
2026-06-13 05:10:00+00:00,164.77,164.95,164.76,164.88,320.61,91
2026-06-13 05:11:00+00:00,164.86,164.86,164.59,164.59,291.7,94
2026-06-13 05:12:00+00:00,164.64,164.69,164.58,164.69,441.28,109
2026-06-13 05:13:00+00:00,164.67,164.7,164.63,164.67,549.57,76
2026-06-13 05:14:00+00:00,164.66,164.66,164.6,164.63,340.51,94
2026-06-13 05:15:00+00:00,164.62,164.63,164.37,164.51,1440.59,165
2026-06-13 05:16:00+00:00,164.5,164.51,164.29,164.33,330.2,93
2026-06-13 05:17:00+00:00,164.31,164.67,164.28,164.65,1965.33,172
2026-06-13 05:18:00+00:00,164.65,164.7,164.4,164.45,255.74,73
2026-06-13 05:19:00+00:00,164.44,164.72,164.4,164.72,238.37,47
2026-06-13 05:20:00+00:00,164.72,164.79,164.69,164.77,170.15,59
2026-06-13 05:21:00+00:00,164.72,164.79,164.72,164.79,104.6,43
2026-06-13 05:22:00+00:00,164.8,164.81,164.7,164.74,43.71,46
2026-06-13 05:23:00+00:00,164.74,164.77,164.5,164.54,253.47,56
2026-06-13 05:24:00+00:00,164.52,164.54,164.45,164.48,132.73,52
2026-06-13 05:25:00+00:00,164.48,164.58,164.45,164.58,474.4,53
2026-06-13 05:26:00+00:00,164.59,164.59,164.47,164.48,135.61,31
2026-06-13 05:27:00+00:00,164.48,164.6,164.48,164.56,112.77,45
2026-06-13 05:28:00+00:00,164.54,164.58,164.44,164.48,255.72,47
2026-06-13 05:29:00+00:00,164.45,164.76,164.44,164.66,136.03,78
2026-06-13 05:30:00+00:00,164.64,164.68,164.63,164.68,94.71,40
2026-06-13 05:31:00+00:00,164.68,164.7,164.59,164.62,43.64,44
2026-06-13 05:32:00+00:00,164.58,164.63,164.42,164.42,257.26,51
2026-06-13 05:33:00+00:00,164.43,164.46,164.33,164.39,700.38,73
2026-06-13 05:34:00+00:00,164.4,164.45,164.38,164.42,226.42,56
2026-06-13 05:35:00+00:00,164.44,164.48,164.31,164.31,81.96,36
2026-06-13 05:36:00+00:00,164.3,164.35,164.27,164.32,163.31,59
2026-06-13 05:37:00+00:00,164.28,164.34,164.19,164.23,122.57,41
2026-06-13 05:38:00+00:00,164.19,164.33,164.15,164.18,94.01,48
2026-06-13 05:39:00+00:00,164.18,164.34,164.16,164.31,44.78,39
2026-06-13 05:40:00+00:00,164.3,164.44,164.3,164.43,105.49,49
2026-06-13 05:41:00+00:00,164.44,164.44,164.27,164.38,70.59,64
2026-06-13 05:42:00+00:00,164.38,164.49,164.34,164.47,160.29,87
2026-06-13 05:43:00+00:00,164.45,164.49,164.43,164.45,108.25,55
2026-06-13 05:44:00+00:00,164.49,164.49,164.41,164.47,90.99,65
2026-06-13 05:45:00+00:00,164.46,164.48,164.4,164.45,54.69,45
2026-06-13 05:46:00+00:00,164.4,164.47,164.35,164.37,68.5,53
2026-06-13 05:47:00+00:00,164.34,164.34,164.18,164.3,137.99,45
2026-06-13 05:48:00+00:00,164.25,164.27,164.17,164.24,56.15,50
2026-06-13 05:49:00+00:00,164.18,164.22,164.16,164.16,56.88,40
2026-06-13 05:50:00+00:00,164.15,164.19,164.14,164.14,123.56,39
2026-06-13 05:51:00+00:00,164.14,164.27,164.14,164.25,74.19,30
2026-06-13 05:52:00+00:00,164.26,164.35,164.24,164.32,228.74,57
2026-06-13 05:53:00+00:00,164.29,164.45,164.29,164.45,244.67,60
2026-06-13 05:54:00+00:00,164.41,164.44,164.34,164.4,38.77,36
2026-06-13 05:55:00+00:00,164.38,164.51,164.38,164.47,63.14,41
2026-06-13 05:56:00+00:00,164.49,164.58,164.47,164.55,385.64,82
2026-06-13 05:57:00+00:00,164.53,164.55,164.44,164.51,69.49,38
2026-06-13 05:58:00+00:00,164.5,164.56,164.5,164.54,51.86,44
2026-06-13 05:59:00+00:00,164.51,164.57,164.41,164.51,140.94,55
2026-06-13 06:00:00+00:00,164.51,164.51,164.4,164.42,102.13,34
2026-06-13 06:01:00+00:00,164.39,164.39,164.25,164.25,76.01,37
2026-06-13 06:02:00+00:00,164.24,164.47,164.2,164.44,433.51,80
2026-06-13 06:03:00+00:00,164.46,164.65,164.46,164.65,312.71,75
2026-06-13 06:04:00+00:00,164.66,164.7,164.57,164.61,318.21,79
2026-06-13 06:05:00+00:00,164.61,164.61,164.51,164.58,210.0,59
2026-06-13 06:06:00+00:00,164.58,164.66,164.49,164.59,215.59,64
2026-06-13 06:07:00+00:00,164.59,164.67,164.59,164.66,88.08,67
2026-06-13 06:08:00+00:00,164.64,164.66,164.59,164.65,65.63,57
2026-06-13 06:09:00+00:00,164.61,164.67,164.6,164.62,84.93,56
2026-06-13 06:10:00+00:00,164.63,164.67,164.62,164.64,75.17,62
2026-06-13 06:11:00+00:00,164.67,164.71,164.64,164.67,67.41,51
2026-06-13 06:12:00+00:00,164.64,164.67,164.6,164.65,95.75,67
2026-06-13 06:13:00+00:00,164.65,164.68,164.64,164.64,38.69,38
2026-06-13 06:14:00+00:00,164.64,164.7,164.59,164.65,250.28,53
2026-06-13 06:15:00+00:00,164.63,164.63,164.52,164.61,172.29,56
2026-06-13 06:16:00+00:00,164.6,164.68,164.6,164.67,112.17,38
2026-06-13 06:17:00+00:00,164.64,164.68,164.55,164.57,432.65,60
2026-06-13 06:18:00+00:00,164.58,164.59,164.5,164.5,245.68,58
2026-06-13 06:19:00+00:00,164.5,164.54,164.45,164.45,45.71,30
2026-06-13 06:20:00+00:00,164.45,164.58,164.44,164.58,83.75,50
2026-06-13 06:21:00+00:00,164.58,164.58,164.49,164.54,67.57,48
2026-06-13 06:22:00+00:00,164.52,164.68,164.52,164.66,260.19,68
2026-06-13 06:23:00+00:00,164.64,164.67,164.62,164.64,56.82,46
2026-06-13 06:24:00+00:00,164.63,164.65,164.57,164.59,116.92,49
2026-06-13 06:25:00+00:00,164.57,164.65,164.57,164.64,52.42,37
2026-06-13 06:26:00+00:00,164.61,164.7,164.58,164.62,105.23,51
2026-06-13 06:27:00+00:00,164.6,164.66,164.6,164.64,60.9,37
2026-06-13 06:28:00+00:00,164.67,164.67,164.61,164.64,47.97,33
2026-06-13 06:29:00+00:00,164.61,164.67,164.59,164.66,70.56,38
2026-06-13 06:30:00+00:00,164.63,164.76,164.54,164.76,2005.01,130
2026-06-13 06:31:00+00:00,164.65,164.65,164.48,164.62,859.15,97
2026-06-13 06:32:00+00:00,164.61,164.64,164.55,164.6,77.23,45
2026-06-13 06:33:00+00:00,164.58,164.64,164.48,164.49,885.38,96
2026-06-13 06:34:00+00:00,164.48,164.57,164.38,164.54,295.04,83
2026-06-13 06:35:00+00:00,164.53,164.53,164.39,164.46,137.71,60
2026-06-13 06:36:00+00:00,164.43,164.48,164.41,164.48,143.82,73
2026-06-13 06:37:00+00:00,164.45,164.47,164.35,164.41,187.74,108
2026-06-13 06:38:00+00:00,164.4,164.41,164.28,164.32,97.74,64
2026-06-13 06:39:00+00:00,164.34,164.34,164.28,164.32,120.48,74
2026-06-13 06:40:00+00:00,164.31,164.32,164.08,164.18,483.83,102
2026-06-13 06:41:00+00:00,164.17,164.24,164.11,164.24,95.16,53
2026-06-13 06:42:00+00:00,164.23,164.28,164.2,164.28,91.91,62
2026-06-13 06:43:00+00:00,164.26,164.29,164.2,164.24,164.89,68
2026-06-13 06:44:00+00:00,164.24,164.36,164.18,164.23,191.79,58
2026-06-13 06:45:00+00:00,164.19,164.35,164.19,164.33,129.0,58
2026-06-13 06:46:00+00:00,164.34,164.36,164.28,164.36,88.77,70
2026-06-13 06:47:00+00:00,164.33,164.36,164.25,164.33,88.8,65
2026-06-13 06:48:00+00:00,164.33,164.33,164.26,164.33,112.23,65
2026-06-13 06:49:00+00:00,164.3,164.33,164.28,164.29,105.11,59
2026-06-13 06:50:00+00:00,164.3,164.32,164.18,164.24,143.53,89
2026-06-13 06:51:00+00:00,164.24,164.26,164.17,164.26,184.64,95
2026-06-13 06:52:00+00:00,164.26,164.33,164.18,164.24,279.79,102
2026-06-13 06:53:00+00:00,164.21,164.23,164.08,164.09,174.48,96
2026-06-13 06:54:00+00:00,164.08,164.09,164.0,164.03,252.4,88
2026-06-13 06:55:00+00:00,164.0,164.01,163.79,163.92,943.52,166
2026-06-13 06:56:00+00:00,163.9,164.11,163.89,163.97,124.38,101
2026-06-13 06:57:00+00:00,163.96,163.97,163.9,163.91,149.78,87
2026-06-13 06:58:00+00:00,163.89,164.05,163.86,164.05,134.2,77
2026-06-13 06:59:00+00:00,164.03,164.17,164.03,164.08,111.25,74
2026-06-13 07:00:00+00:00,164.08,164.17,164.0,164.07,138.86,84
2026-06-13 07:01:00+00:00,164.07,164.16,164.03,164.1,124.63,78
2026-06-13 07:02:00+00:00,164.09,164.15,163.94,163.98,152.34,77
2026-06-13 07:03:00+00:00,164.03,164.2,164.02,164.2,153.68,80
2026-06-13 07:04:00+00:00,164.2,164.34,164.18,164.32,132.75,74
2026-06-13 07:05:00+00:00,164.34,164.39,164.28,164.33,109.47,67
2026-06-13 07:06:00+00:00,164.33,164.33,164.15,164.21,68.45,58
2026-06-13 07:07:00+00:00,164.18,164.22,164.14,164.2,167.43,65
2026-06-13 07:08:00+00:00,164.2,164.22,164.15,164.19,113.3,76
2026-06-13 07:09:00+00:00,164.19,164.19,164.12,164.17,128.95,84
2026-06-13 07:10:00+00:00,164.17,164.18,164.03,164.08,101.26,59
2026-06-13 07:11:00+00:00,164.12,164.16,164.08,164.13,104.62,59
2026-06-13 07:12:00+00:00,164.08,164.18,164.08,164.15,82.57,60
2026-06-13 07:13:00+00:00,164.15,164.41,164.14,164.39,4985.63,157
2026-06-13 07:14:00+00:00,164.38,164.56,164.38,164.48,592.05,121
2026-06-13 07:15:00+00:00,164.47,164.52,164.46,164.49,151.94,59
2026-06-13 07:16:00+00:00,164.44,164.44,164.31,164.33,65.09,51
2026-06-13 07:17:00+00:00,164.31,164.33,164.23,164.25,66.37,37
2026-06-13 07:18:00+00:00,164.26,164.3,164.22,164.24,111.53,56
2026-06-13 07:19:00+00:00,164.24,164.3,164.21,164.3,102.1,58
2026-06-13 07:20:00+00:00,164.29,164.38,164.25,164.35,412.99,75
2026-06-13 07:21:00+00:00,164.35,164.37,164.3,164.36,318.96,58
2026-06-13 07:22:00+00:00,164.35,164.41,164.32,164.35,77.26,43
2026-06-13 07:23:00+00:00,164.35,164.41,164.28,164.41,160.62,56
2026-06-13 07:24:00+00:00,164.38,164.49,164.35,164.49,105.72,58
2026-06-13 07:25:00+00:00,164.48,164.53,164.32,164.36,137.96,57
2026-06-13 07:26:00+00:00,164.37,164.42,164.32,164.42,103.2,46
2026-06-13 07:27:00+00:00,164.46,164.53,164.45,164.51,50.73,31
2026-06-13 07:28:00+00:00,164.5,164.56,164.49,164.56,56.11,38
2026-06-13 07:29:00+00:00,164.55,164.62,164.53,164.6,182.65,66
2026-06-13 07:30:00+00:00,164.55,164.64,164.55,164.61,74.1,58
2026-06-13 07:31:00+00:00,164.6,164.78,164.6,164.72,87.09,46
2026-06-13 07:32:00+00:00,164.76,164.79,164.7,164.72,53.5,44
2026-06-13 07:33:00+00:00,164.72,164.79,164.72,164.79,118.89,33
2026-06-13 07:34:00+00:00,164.78,164.84,164.71,164.71,282.58,52
2026-06-13 07:35:00+00:00,164.74,164.81,164.73,164.79,69.91,54
2026-06-13 07:36:00+00:00,164.75,164.8,164.74,164.77,62.34,61
2026-06-13 07:37:00+00:00,164.72,164.84,164.72,164.79,196.92,38
2026-06-13 07:38:00+00:00,164.78,164.82,164.77,164.82,63.54,64
2026-06-13 07:39:00+00:00,164.8,164.82,164.75,164.77,81.25,62
2026-06-13 07:40:00+00:00,164.77,164.81,164.74,164.8,126.76,83
2026-06-13 07:41:00+00:00,164.8,164.82,164.71,164.8,110.89,70
2026-06-13 07:42:00+00:00,164.76,164.81,164.74,164.8,134.72,74
2026-06-13 07:43:00+00:00,164.76,164.81,164.74,164.79,72.38,43
2026-06-13 07:44:00+00:00,164.74,164.82,164.7,164.82,90.51,40
2026-06-13 07:45:00+00:00,164.78,164.82,164.76,164.79,128.2,43
2026-06-13 07:46:00+00:00,164.76,164.81,164.74,164.77,218.98,60
2026-06-13 07:47:00+00:00,164.76,164.8,164.72,164.77,176.71,45
2026-06-13 07:48:00+00:00,164.74,164.78,164.72,164.77,132.4,38
2026-06-13 07:49:00+00:00,164.75,164.86,164.75,164.79,233.89,68
2026-06-13 07:50:00+00:00,164.75,164.8,164.74,164.76,50.05,30
2026-06-13 07:51:00+00:00,164.77,164.8,164.75,164.79,112.09,64
2026-06-13 07:52:00+00:00,164.78,164.82,164.77,164.82,66.42,48
2026-06-13 07:53:00+00:00,164.81,164.84,164.78,164.8,83.72,63
2026-06-13 07:54:00+00:00,164.79,164.82,164.74,164.78,196.15,74
2026-06-13 07:55:00+00:00,164.77,164.81,164.76,164.81,90.19,58
2026-06-13 07:56:00+00:00,164.79,164.81,164.76,164.81,52.86,51
2026-06-13 07:57:00+00:00,164.76,164.86,164.65,164.78,214.74,74
2026-06-13 07:58:00+00:00,164.74,164.74,164.57,164.67,378.79,50
2026-06-13 07:59:00+00:00,164.64,164.67,164.62,164.65,65.91,31
2026-06-13 08:00:00+00:00,164.65,164.83,164.65,164.83,361.35,80
2026-06-13 08:01:00+00:00,164.83,164.84,164.54,164.54,114.94,71
2026-06-13 08:02:00+00:00,164.53,164.57,164.42,164.52,108.22,69
2026-06-13 08:03:00+00:00,164.52,164.52,164.39,164.41,86.59,64
2026-06-13 08:04:00+00:00,164.39,164.5,164.29,164.29,515.76,75
2026-06-13 08:05:00+00:00,164.24,164.4,164.2,164.36,133.19,58
2026-06-13 08:06:00+00:00,164.39,164.44,164.32,164.44,119.28,87
2026-06-13 08:07:00+00:00,164.44,164.5,164.33,164.39,132.61,92
2026-06-13 08:08:00+00:00,164.4,164.48,164.34,164.48,167.57,65
2026-06-13 08:09:00+00:00,164.47,164.5,164.33,164.45,75.37,76
2026-06-13 08:10:00+00:00,164.49,164.55,164.42,164.53,115.22,87
2026-06-13 08:11:00+00:00,164.53,164.53,164.25,164.28,165.52,52
2026-06-13 08:12:00+00:00,164.26,164.28,164.17,164.18,46.32,37
2026-06-13 08:13:00+00:00,164.18,164.2,164.14,164.17,64.17,67
2026-06-13 08:14:00+00:00,164.16,164.26,164.08,164.1,158.85,65
2026-06-13 08:15:00+00:00,164.07,164.4,164.04,164.29,150.49,60
2026-06-13 08:16:00+00:00,164.24,164.35,164.24,164.32,57.71,41
2026-06-13 08:17:00+00:00,164.31,164.46,164.31,164.46,57.62,50
2026-06-13 08:18:00+00:00,164.45,164.49,164.27,164.35,734.53,87
2026-06-13 08:19:00+00:00,164.34,164.44,164.32,164.44,80.65,56
2026-06-13 08:20:00+00:00,164.44,164.48,164.39,164.39,137.91,72
2026-06-13 08:21:00+00:00,164.37,164.43,164.34,164.39,157.56,68
2026-06-13 08:22:00+00:00,164.36,164.44,164.36,164.41,122.03,68
2026-06-13 08:23:00+00:00,164.41,164.48,164.4,164.45,91.59,56
2026-06-13 08:24:00+00:00,164.44,164.47,164.4,164.46,75.19,66
2026-06-13 08:25:00+00:00,164.43,164.52,164.42,164.47,121.29,62
2026-06-13 08:26:00+00:00,164.46,164.49,164.42,164.46,164.44,74
2026-06-13 08:27:00+00:00,164.45,164.47,164.42,164.47,48.93,42
2026-06-13 08:28:00+00:00,164.42,164.51,164.4,164.49,137.57,46
2026-06-13 08:29:00+00:00,164.48,164.51,164.46,164.48,83.86,57
2026-06-13 08:30:00+00:00,164.48,164.52,164.4,164.5,191.31,70
2026-06-13 08:31:00+00:00,164.5,164.65,164.5,164.59,83.7,52
2026-06-13 08:32:00+00:00,164.53,164.63,164.53,164.63,103.61,100
2026-06-13 08:33:00+00:00,164.62,164.7,164.57,164.59,72.86,61
2026-06-13 08:34:00+00:00,164.56,164.59,164.5,164.52,51.73,47
2026-06-13 08:35:00+00:00,164.51,164.56,164.47,164.48,58.83,50
2026-06-13 08:36:00+00:00,164.47,164.53,164.45,164.51,209.46,54
2026-06-13 08:37:00+00:00,164.48,164.53,164.44,164.47,43.26,37
2026-06-13 08:38:00+00:00,164.46,164.54,164.44,164.5,117.0,72
2026-06-13 08:39:00+00:00,164.48,164.7,164.41,164.59,185.8,83
2026-06-13 08:40:00+00:00,164.59,164.65,164.51,164.56,169.0,71
2026-06-13 08:41:00+00:00,164.52,164.63,164.49,164.6,257.91,94
2026-06-13 08:42:00+00:00,164.55,164.63,164.49,164.55,204.84,76
2026-06-13 08:43:00+00:00,164.5,164.55,164.4,164.49,99.96,55
2026-06-13 08:44:00+00:00,164.48,164.48,164.36,164.41,106.91,71
2026-06-13 08:45:00+00:00,164.41,164.5,164.41,164.5,166.79,62
2026-06-13 08:46:00+00:00,164.46,164.5,164.42,164.45,36.14,35
2026-06-13 08:47:00+00:00,164.44,164.49,164.4,164.41,43.93,46
2026-06-13 08:48:00+00:00,164.41,164.47,164.38,164.42,40.88,37
2026-06-13 08:49:00+00:00,164.42,164.43,164.41,164.43,195.06,48
2026-06-13 08:50:00+00:00,164.42,164.43,164.35,164.39,329.65,70
2026-06-13 08:51:00+00:00,164.39,164.43,164.36,164.41,41.67,25
2026-06-13 08:52:00+00:00,164.37,164.41,164.34,164.41,112.67,47
2026-06-13 08:53:00+00:00,164.43,164.48,164.39,164.44,364.26,69
2026-06-13 08:54:00+00:00,164.48,164.51,164.43,164.5,197.87,74
2026-06-13 08:55:00+00:00,164.49,164.53,164.45,164.52,199.2,63
2026-06-13 08:56:00+00:00,164.46,164.52,164.45,164.49,81.43,37
2026-06-13 08:57:00+00:00,164.47,164.54,164.47,164.5,57.6,40
2026-06-13 08:58:00+00:00,164.48,164.51,164.4,164.43,172.01,48
2026-06-13 08:59:00+00:00,164.43,164.5,164.42,164.5,58.7,35
2026-06-13 09:00:00+00:00,164.48,164.55,164.48,164.51,30.21,24
2026-06-13 09:01:00+00:00,164.51,164.51,164.51,164.51,0.0,0
2026-06-13 09:02:00+00:00,164.51,164.51,164.51,164.51,0.0,0
2026-06-13 09:03:00+00:00,164.51,164.51,164.51,164.51,0.0,0
2026-06-13 09:04:00+00:00,164.5,164.59,164.47,164.48,94.0,24
2026-06-13 09:05:00+00:00,164.47,164.63,164.47,164.62,288.93,33
2026-06-13 09:06:00+00:00,164.57,164.77,164.57,164.7,1672.44,72
2026-06-13 09:07:00+00:00,164.68,164.94,164.68,164.78,91.96,42
2026-06-13 09:08:00+00:00,164.85,164.94,164.85,164.92,46.38,30
2026-06-13 09:09:00+00:00,164.92,164.94,164.92,164.94,154.26,33
2026-06-13 09:10:00+00:00,164.92,164.92,164.76,164.81,48.52,38
2026-06-13 09:11:00+00:00,164.82,164.87,164.69,164.73,204.71,44
2026-06-13 09:12:00+00:00,164.71,164.78,164.65,164.72,63.25,42
2026-06-13 09:13:00+00:00,164.66,164.75,164.64,164.75,123.72,46
2026-06-13 09:14:00+00:00,164.75,164.86,164.72,164.76,78.79,48
2026-06-13 09:15:00+00:00,164.75,164.83,164.73,164.83,59.47,47
2026-06-13 09:16:00+00:00,164.82,164.93,164.76,164.9,170.28,55
2026-06-13 09:17:00+00:00,164.88,164.97,164.88,164.96,38.3,32
2026-06-13 09:18:00+00:00,164.96,165.13,164.96,165.11,189.18,56
2026-06-13 09:19:00+00:00,165.07,165.23,165.07,165.14,115.4,82
2026-06-13 09:20:00+00:00,165.16,165.26,165.09,165.21,298.46,69
2026-06-13 09:21:00+00:00,165.2,165.23,164.99,165.04,51.78,43
2026-06-13 09:22:00+00:00,165.01,165.02,164.8,165.02,265.13,60
2026-06-13 09:23:00+00:00,164.96,164.98,164.79,164.98,407.91,62
2026-06-13 09:24:00+00:00,164.96,165.03,164.85,164.97,869.96,74
2026-06-13 09:25:00+00:00,164.97,165.05,164.89,164.97,261.04,64
2026-06-13 09:26:00+00:00,164.99,165.1,164.99,165.07,78.5,47
2026-06-13 09:27:00+00:00,165.06,165.19,165.05,165.15,371.45,75
2026-06-13 09:28:00+00:00,165.1,165.2,165.08,165.18,190.3,54
2026-06-13 09:29:00+00:00,165.17,165.38,165.15,165.34,239.85,97
2026-06-13 09:30:00+00:00,165.34,165.5,165.29,165.5,388.3,71
2026-06-13 09:31:00+00:00,165.47,165.5,165.34,165.46,66.17,35
2026-06-13 09:32:00+00:00,165.41,165.53,165.38,165.51,122.4,47
2026-06-13 09:33:00+00:00,165.5,165.51,165.35,165.37,436.69,64
2026-06-13 09:34:00+00:00,165.38,165.45,165.38,165.44,306.56,33
2026-06-13 09:35:00+00:00,165.43,165.5,165.4,165.5,208.77,65
2026-06-13 09:36:00+00:00,165.49,165.5,165.44,165.48,65.33,39
2026-06-13 09:37:00+00:00,165.46,165.49,165.39,165.41,119.6,46
2026-06-13 09:38:00+00:00,165.41,165.48,165.35,165.38,397.72,88
2026-06-13 09:39:00+00:00,165.4,165.49,165.4,165.49,297.72,66
2026-06-13 09:40:00+00:00,165.49,165.56,165.49,165.56,68.8,48
2026-06-13 09:41:00+00:00,165.51,165.53,165.38,165.43,64.36,49
2026-06-13 09:42:00+00:00,165.42,165.52,165.42,165.5,58.31,36
2026-06-13 09:43:00+00:00,165.42,165.45,165.31,165.31,173.33,61
2026-06-13 09:44:00+00:00,165.31,165.38,165.31,165.34,49.83,29
2026-06-13 09:45:00+00:00,165.31,165.34,165.3,165.31,55.11,29
2026-06-13 09:46:00+00:00,165.3,165.34,165.27,165.34,57.91,56
2026-06-13 09:47:00+00:00,165.33,165.35,165.25,165.27,63.47,48
2026-06-13 09:48:00+00:00,165.26,165.32,165.23,165.29,56.71,38
2026-06-13 09:49:00+00:00,165.27,165.3,165.23,165.28,63.42,29
2026-06-13 09:50:00+00:00,165.26,165.35,165.23,165.33,285.99,47
2026-06-13 09:51:00+00:00,165.3,165.34,165.28,165.31,37.94,30
2026-06-13 09:52:00+00:00,165.28,165.35,165.23,165.24,133.32,42
2026-06-13 09:53:00+00:00,165.23,165.24,165.23,165.24,98.01,40
2026-06-13 09:54:00+00:00,165.23,165.24,165.2,165.23,44.77,31
2026-06-13 09:55:00+00:00,165.22,165.24,165.18,165.18,90.87,43
2026-06-13 09:56:00+00:00,165.18,165.24,165.16,165.24,46.21,33
2026-06-13 09:57:00+00:00,165.19,165.24,165.16,165.24,124.14,36
2026-06-13 09:58:00+00:00,165.21,165.24,165.18,165.22,66.48,31
2026-06-13 09:59:00+00:00,165.19,165.23,165.18,165.18,63.99,28
2026-06-13 10:00:00+00:00,165.19,165.24,165.19,165.23,58.04,29
2026-06-13 10:01:00+00:00,165.22,165.24,165.16,165.19,114.77,42
2026-06-13 10:02:00+00:00,165.17,165.22,165.17,165.21,136.4,33
2026-06-13 10:03:00+00:00,165.2,165.3,165.2,165.28,626.28,43
2026-06-13 10:04:00+00:00,165.23,165.29,165.22,165.27,35.49,29
2026-06-13 10:05:00+00:00,165.24,165.29,165.22,165.29,67.3,37
2026-06-13 10:06:00+00:00,165.25,165.29,165.23,165.26,33.86,25
2026-06-13 10:07:00+00:00,165.22,165.29,165.21,165.27,44.72,32
2026-06-13 10:08:00+00:00,165.26,165.3,165.23,165.24,70.68,27
2026-06-13 10:09:00+00:00,165.22,165.22,165.04,165.12,1244.36,103
2026-06-13 10:10:00+00:00,165.09,165.1,164.93,165.05,259.7,59
2026-06-13 10:11:00+00:00,165.01,165.05,164.93,164.97,80.87,47
2026-06-13 10:12:00+00:00,164.94,164.98,164.92,164.97,65.4,49
2026-06-13 10:13:00+00:00,164.92,165.06,164.9,165.01,978.96,91
2026-06-13 10:14:00+00:00,164.98,165.03,164.97,165.03,65.39,36
2026-06-13 10:15:00+00:00,164.98,165.36,164.98,165.19,54.89,43
2026-06-13 10:16:00+00:00,165.2,165.3,165.19,165.27,48.51,37
2026-06-13 10:17:00+00:00,165.22,165.31,165.18,165.21,51.61,34
2026-06-13 10:18:00+00:00,165.2,165.23,165.15,165.19,126.72,44
2026-06-13 10:19:00+00:00,165.18,165.21,165.12,165.15,44.62,35
2026-06-13 10:20:00+00:00,165.12,165.19,165.11,165.18,32.27,40
2026-06-13 10:21:00+00:00,165.19,165.28,165.14,165.23,106.4,64
2026-06-13 10:22:00+00:00,165.22,165.23,165.14,165.15,151.85,44
2026-06-13 10:23:00+00:00,165.15,165.34,165.13,165.28,608.73,66
2026-06-13 10:24:00+00:00,165.27,165.42,165.25,165.37,801.95,110
2026-06-13 10:25:00+00:00,165.34,165.37,165.03,165.19,716.12,84
2026-06-13 10:26:00+00:00,165.18,165.2,165.07,165.09,734.18,104
2026-06-13 10:27:00+00:00,165.08,165.17,165.08,165.1,241.7,66
2026-06-13 10:28:00+00:00,165.09,165.1,165.08,165.1,100.73,49
2026-06-13 10:29:00+00:00,165.09,165.1,165.06,165.1,162.54,63
2026-06-13 10:30:00+00:00,165.1,165.12,165.06,165.1,181.19,53
2026-06-13 10:31:00+00:00,165.11,165.14,165.06,165.13,104.42,39
2026-06-13 10:32:00+00:00,165.08,165.14,165.05,165.11,37.61,33
2026-06-13 10:33:00+00:00,165.11,165.12,165.04,165.12,72.72,49
2026-06-13 10:34:00+00:00,165.09,165.12,165.04,165.11,44.32,35
2026-06-13 10:35:00+00:00,165.09,165.14,165.03,165.11,160.9,95
2026-06-13 10:36:00+00:00,165.08,165.13,165.04,165.09,56.84,43
2026-06-13 10:37:00+00:00,165.06,165.09,165.02,165.07,58.35,42
2026-06-13 10:38:00+00:00,165.03,165.09,165.01,165.07,102.03,82
2026-06-13 10:39:00+00:00,165.03,165.09,165.01,165.08,66.01,43
2026-06-13 10:40:00+00:00,165.05,165.14,165.01,165.12,168.38,89
2026-06-13 10:41:00+00:00,165.08,165.12,165.04,165.08,72.53,52
2026-06-13 10:42:00+00:00,165.08,165.1,165.01,165.1,65.45,46
2026-06-13 10:43:00+00:00,165.05,165.11,165.03,165.1,40.65,40
2026-06-13 10:44:00+00:00,165.1,165.23,165.08,165.23,75.24,65
2026-06-13 10:45:00+00:00,165.23,165.26,165.16,165.2,115.89,64
2026-06-13 10:46:00+00:00,165.2,165.22,165.2,165.2,120.13,42
2026-06-13 10:47:00+00:00,165.2,165.29,165.2,165.21,45.85,33
2026-06-13 10:48:00+00:00,165.2,165.21,165.2,165.2,34.58,21
2026-06-13 10:49:00+00:00,165.2,165.21,165.2,165.21,58.92,29
2026-06-13 10:50:00+00:00,165.2,165.21,165.16,165.17,199.32,44
2026-06-13 10:51:00+00:00,165.16,165.17,165.14,165.15,51.51,30
2026-06-13 10:52:00+00:00,165.14,165.16,165.1,165.12,62.07,42
2026-06-13 10:53:00+00:00,165.1,165.17,165.1,165.13,37.19,33
2026-06-13 10:54:00+00:00,165.13,165.16,165.08,165.13,38.33,40
2026-06-13 10:55:00+00:00,165.11,165.18,165.08,165.16,60.47,47
2026-06-13 10:56:00+00:00,165.15,165.2,165.12,165.19,36.86,40
2026-06-13 10:57:00+00:00,165.16,165.21,165.11,165.14,74.42,42
2026-06-13 10:58:00+00:00,165.12,165.18,165.11,165.16,41.87,39
2026-06-13 10:59:00+00:00,165.15,165.2,165.11,165.15,43.88,39
2026-06-13 11:00:00+00:00,165.14,165.19,165.11,165.17,70.63,41
2026-06-13 11:01:00+00:00,165.14,165.22,165.1,165.21,327.12,94
2026-06-13 11:02:00+00:00,165.18,165.21,165.12,165.19,113.5,48
2026-06-13 11:03:00+00:00,165.16,165.21,165.13,165.18,67.09,41
2026-06-13 11:04:00+00:00,165.15,165.19,165.15,165.17,51.8,40
2026-06-13 11:05:00+00:00,165.15,165.19,165.15,165.18,39.98,31
2026-06-13 11:06:00+00:00,165.17,165.23,165.15,165.15,35.41,33
2026-06-13 11:07:00+00:00,165.15,165.2,165.15,165.19,61.83,37
2026-06-13 11:08:00+00:00,165.18,165.2,165.15,165.19,42.36,27
2026-06-13 11:09:00+00:00,165.15,165.23,165.15,165.21,79.8,34
2026-06-13 11:10:00+00:00,165.18,165.24,165.17,165.23,124.16,58
2026-06-13 11:11:00+00:00,165.21,165.24,165.16,165.24,47.14,39
2026-06-13 11:12:00+00:00,165.24,165.27,165.22,165.23,43.87,35
2026-06-13 11:13:00+00:00,165.22,165.25,165.18,165.2,44.1,45
2026-06-13 11:14:00+00:00,165.21,165.26,165.18,165.22,78.44,44
2026-06-13 11:15:00+00:00,165.18,165.22,165.15,165.2,49.04,47
2026-06-13 11:16:00+00:00,165.2,165.22,165.15,165.2,44.2,34
2026-06-13 11:17:00+00:00,165.19,165.21,165.14,165.2,40.56,39
2026-06-13 11:18:00+00:00,165.17,165.24,165.16,165.2,38.07,39
2026-06-13 11:19:00+00:00,165.17,165.29,165.16,165.28,77.02,51
2026-06-13 11:20:00+00:00,165.25,165.31,165.24,165.27,59.93,56
2026-06-13 11:21:00+00:00,165.28,165.35,165.11,165.29,3615.03,176
2026-06-13 11:22:00+00:00,165.27,165.33,165.23,165.32,68.55,48
2026-06-13 11:23:00+00:00,165.31,165.33,165.23,165.33,107.12,50
2026-06-13 11:24:00+00:00,165.3,165.31,165.24,165.3,40.71,32
2026-06-13 11:25:00+00:00,165.26,165.28,165.21,165.26,99.75,39
2026-06-13 11:26:00+00:00,165.25,165.29,165.19,165.23,38.68,29
2026-06-13 11:27:00+00:00,165.21,165.29,165.19,165.22,91.06,42
2026-06-13 11:28:00+00:00,165.22,165.27,165.22,165.27,42.62,21
2026-06-13 11:29:00+00:00,165.24,165.34,165.24,165.31,239.75,48
2026-06-13 11:30:00+00:00,165.29,165.34,165.24,165.29,119.0,34
2026-06-13 11:31:00+00:00,165.25,165.31,165.24,165.31,40.66,30
2026-06-13 11:32:00+00:00,165.27,165.3,165.23,165.25,146.89,39
2026-06-13 11:33:00+00:00,165.24,165.27,165.23,165.27,36.6,25
2026-06-13 11:34:00+00:00,165.23,165.28,165.19,165.23,172.45,44
2026-06-13 11:35:00+00:00,165.23,165.35,165.21,165.35,63.18,46
2026-06-13 11:36:00+00:00,165.32,165.34,165.27,165.29,54.87,39
2026-06-13 11:37:00+00:00,165.3,165.38,165.27,165.34,61.53,38
2026-06-13 11:38:00+00:00,165.3,165.33,165.25,165.29,82.14,46
2026-06-13 11:39:00+00:00,165.27,165.32,165.25,165.32,40.29,48
2026-06-13 11:40:00+00:00,165.29,165.35,165.26,165.3,81.14,55
2026-06-13 11:41:00+00:00,165.3,165.33,165.25,165.28,73.06,47
2026-06-13 11:42:00+00:00,165.26,165.31,165.24,165.29,32.85,44
2026-06-13 11:43:00+00:00,165.28,165.32,165.27,165.27,36.65,29
2026-06-13 11:44:00+00:00,165.28,165.32,165.24,165.29,35.99,41
2026-06-13 11:45:00+00:00,165.28,165.34,165.28,165.3,79.54,40
2026-06-13 11:46:00+00:00,165.31,165.34,165.28,165.3,48.89,28
2026-06-13 11:47:00+00:00,165.28,165.29,165.23,165.27,43.67,31
2026-06-13 11:48:00+00:00,165.26,165.29,165.23,165.29,51.89,38
2026-06-13 11:49:00+00:00,165.26,165.28,165.23,165.26,33.21,37
2026-06-13 11:50:00+00:00,165.24,165.28,165.22,165.27,42.56,36
2026-06-13 11:51:00+00:00,165.24,165.28,165.19,165.24,145.86,45
2026-06-13 11:52:00+00:00,165.2,165.24,165.16,165.21,54.14,57
2026-06-13 11:53:00+00:00,165.19,165.22,165.05,165.12,394.68,69
2026-06-13 11:54:00+00:00,165.11,165.17,165.11,165.17,40.15,37
2026-06-13 11:55:00+00:00,165.15,165.18,165.11,165.18,42.36,41
2026-06-13 11:56:00+00:00,165.17,165.21,165.13,165.19,46.73,40
2026-06-13 11:57:00+00:00,165.17,165.18,165.11,165.18,65.61,59
2026-06-13 11:58:00+00:00,165.15,165.2,165.12,165.18,71.3,63
2026-06-13 11:59:00+00:00,165.15,165.24,165.12,165.16,96.78,73
2026-06-13 12:00:00+00:00,165.13,165.15,165.09,165.11,39.49,35
2026-06-13 12:01:00+00:00,165.1,165.14,165.03,165.12,441.02,91
2026-06-13 12:02:00+00:00,165.12,165.18,165.05,165.17,88.61,51
2026-06-13 12:03:00+00:00,165.12,165.17,165.1,165.14,51.57,47
2026-06-13 12:04:00+00:00,165.12,165.2,165.11,165.18,77.54,51
2026-06-13 12:05:00+00:00,165.16,165.22,165.14,165.17,61.87,42
2026-06-13 12:06:00+00:00,165.14,165.18,165.11,165.14,38.89,41
2026-06-13 12:07:00+00:00,165.13,165.16,165.09,165.14,69.78,51
2026-06-13 12:08:00+00:00,165.12,165.28,165.12,165.27,261.6,88
2026-06-13 12:09:00+00:00,165.26,165.32,165.18,165.32,127.79,63
2026-06-13 12:10:00+00:00,165.29,165.32,165.17,165.28,412.18,79
2026-06-13 12:11:00+00:00,165.24,165.27,165.19,165.25,154.11,64
2026-06-13 12:12:00+00:00,165.24,165.27,165.2,165.26,77.57,50
2026-06-13 12:13:00+00:00,165.24,165.34,165.21,165.33,157.39,60
2026-06-13 12:14:00+00:00,165.3,165.34,165.26,165.31,80.38,61
2026-06-13 12:15:00+00:00,165.28,165.29,165.18,165.18,91.06,70
2026-06-13 12:16:00+00:00,165.21,165.23,165.16,165.21,44.19,43
2026-06-13 12:17:00+00:00,165.23,165.26,165.18,165.19,172.97,63
2026-06-13 12:18:00+00:00,165.19,165.28,165.13,165.25,207.7,91
2026-06-13 12:19:00+00:00,165.21,165.26,165.12,165.14,57.23,52
2026-06-13 12:20:00+00:00,165.14,165.21,165.09,165.19,96.14,49
2026-06-13 12:21:00+00:00,165.19,165.26,165.19,165.24,108.19,39
2026-06-13 12:22:00+00:00,165.23,165.26,165.19,165.2,85.37,37
2026-06-13 12:23:00+00:00,165.2,165.26,165.19,165.21,189.09,28
2026-06-13 12:24:00+00:00,165.19,165.22,165.19,165.21,39.15,19
2026-06-13 12:25:00+00:00,165.19,165.29,165.19,165.29,456.08,58
2026-06-13 12:26:00+00:00,165.28,165.31,165.25,165.31,66.66,40
2026-06-13 12:27:00+00:00,165.3,165.39,165.28,165.36,1133.29,67
2026-06-13 12:28:00+00:00,165.33,165.48,165.33,165.48,459.47,63
2026-06-13 12:29:00+00:00,165.49,165.69,165.48,165.65,675.11,120
2026-06-13 12:30:00+00:00,165.65,165.83,165.65,165.82,303.8,76
2026-06-13 12:31:00+00:00,165.81,165.82,165.72,165.8,197.21,59
2026-06-13 12:32:00+00:00,165.79,165.79,165.4,165.41,285.58,76
2026-06-13 12:33:00+00:00,165.42,165.52,165.41,165.52,56.7,38
2026-06-13 12:34:00+00:00,165.51,165.66,165.5,165.65,98.23,46
2026-06-13 12:35:00+00:00,165.64,165.65,165.52,165.63,95.29,49
2026-06-13 12:36:00+00:00,165.62,165.78,165.62,165.78,89.24,52
2026-06-13 12:37:00+00:00,165.75,165.77,165.7,165.72,45.59,33
2026-06-13 12:38:00+00:00,165.71,165.78,165.71,165.76,101.22,45
2026-06-13 12:39:00+00:00,165.73,165.78,165.61,165.64,115.03,53
2026-06-13 12:40:00+00:00,165.63,165.64,165.54,165.57,59.09,44
2026-06-13 12:41:00+00:00,165.56,165.63,165.56,165.61,74.02,41
2026-06-13 12:42:00+00:00,165.6,165.61,165.55,165.61,56.77,41
2026-06-13 12:43:00+00:00,165.59,165.6,165.57,165.6,123.2,29
2026-06-13 12:44:00+00:00,165.57,165.58,165.54,165.54,50.45,28
2026-06-13 12:45:00+00:00,165.54,165.57,165.54,165.57,81.12,27
2026-06-13 12:46:00+00:00,165.56,165.62,165.43,165.62,45.13,40
2026-06-13 12:47:00+00:00,165.61,165.7,165.6,165.69,55.48,37
2026-06-13 12:48:00+00:00,165.68,165.91,165.68,165.79,658.3,99
2026-06-13 12:49:00+00:00,165.79,165.87,165.78,165.83,152.18,68
2026-06-13 12:50:00+00:00,165.79,165.81,165.62,165.68,714.58,91
2026-06-13 12:51:00+00:00,165.67,165.67,165.52,165.6,700.95,76
2026-06-13 12:52:00+00:00,165.55,165.62,165.48,165.52,430.35,54
2026-06-13 12:53:00+00:00,165.57,165.58,165.45,165.57,822.27,78
2026-06-13 12:54:00+00:00,165.56,165.6,165.52,165.57,63.76,45
2026-06-13 12:55:00+00:00,165.56,165.6,165.48,165.56,168.71,67
2026-06-13 12:56:00+00:00,165.55,165.59,165.52,165.56,64.87,49
2026-06-13 12:57:00+00:00,165.54,165.59,165.52,165.56,57.16,48
2026-06-13 12:58:00+00:00,165.53,165.6,165.53,165.54,63.61,54
2026-06-13 12:59:00+00:00,165.54,165.57,165.45,165.47,271.99,79
2026-06-13 13:00:00+00:00,165.47,165.5,165.39,165.48,112.76,53
2026-06-13 13:01:00+00:00,165.44,165.51,165.39,165.45,170.16,64
2026-06-13 13:02:00+00:00,165.42,165.47,165.38,165.46,100.06,55
2026-06-13 13:03:00+00:00,165.42,165.46,165.34,165.37,736.22,122
2026-06-13 13:04:00+00:00,165.37,165.42,165.31,165.34,132.04,53
2026-06-13 13:05:00+00:00,165.34,165.36,165.23,165.23,68.92,51
2026-06-13 13:06:00+00:00,165.24,165.28,165.22,165.27,80.63,50
2026-06-13 13:07:00+00:00,165.23,165.3,165.23,165.3,88.93,44
2026-06-13 13:08:00+00:00,165.29,165.31,165.25,165.3,177.41,58
2026-06-13 13:09:00+00:00,165.28,165.33,165.22,165.27,145.8,48
2026-06-13 13:10:00+00:00,165.27,165.29,165.16,165.2,451.07,89
2026-06-13 13:11:00+00:00,165.16,165.18,165.12,165.16,127.16,74
2026-06-13 13:12:00+00:00,165.17,165.23,165.14,165.19,108.97,57
2026-06-13 13:13:00+00:00,165.25,165.26,165.16,165.17,80.49,61
2026-06-13 13:14:00+00:00,165.2,165.28,165.2,165.27,118.49,66
2026-06-13 13:15:00+00:00,165.24,165.32,165.24,165.28,86.57,52
2026-06-13 13:16:00+00:00,165.27,165.36,165.27,165.36,100.41,69
2026-06-13 13:17:00+00:00,165.33,165.36,165.27,165.31,67.97,58
2026-06-13 13:18:00+00:00,165.28,165.4,165.25,165.39,111.92,77
2026-06-13 13:19:00+00:00,165.39,165.49,165.39,165.42,110.78,78
2026-06-13 13:20:00+00:00,165.43,165.43,165.28,165.32,73.92,66
2026-06-13 13:21:00+00:00,165.31,165.36,165.25,165.29,124.82,76
2026-06-13 13:22:00+00:00,165.26,165.3,165.2,165.22,57.86,51
2026-06-13 13:23:00+00:00,165.2,165.24,165.13,165.18,78.65,69
2026-06-13 13:24:00+00:00,165.14,165.21,165.13,165.21,79.76,51
2026-06-13 13:25:00+00:00,165.19,165.23,165.14,165.2,57.36,47
2026-06-13 13:26:00+00:00,165.16,165.23,165.15,165.2,185.48,64
2026-06-13 13:27:00+00:00,165.19,165.22,165.15,165.17,74.1,47
2026-06-13 13:28:00+00:00,165.17,165.22,165.11,165.21,86.81,46
2026-06-13 13:29:00+00:00,165.23,165.24,165.16,165.23,66.62,45
2026-06-13 13:30:00+00:00,165.19,165.23,165.15,165.16,67.17,68
2026-06-13 13:31:00+00:00,165.16,165.21,165.12,165.16,61.21,68
2026-06-13 13:32:00+00:00,165.14,165.25,165.14,165.24,174.77,58
2026-06-13 13:33:00+00:00,165.21,165.31,165.16,165.3,325.31,63
2026-06-13 13:34:00+00:00,165.29,165.39,165.26,165.37,55.0,39
2026-06-13 13:35:00+00:00,165.35,165.39,165.34,165.37,103.04,64
2026-06-13 13:36:00+00:00,165.35,165.39,165.32,165.36,121.07,68
2026-06-13 13:37:00+00:00,165.33,165.37,165.26,165.28,96.31,60
2026-06-13 13:38:00+00:00,165.28,165.33,165.27,165.33,61.54,53
2026-06-13 13:39:00+00:00,165.32,165.35,165.26,165.3,71.51,53
2026-06-13 13:40:00+00:00,165.29,165.32,165.26,165.32,56.97,49
2026-06-13 13:41:00+00:00,165.32,165.48,165.31,165.46,60.66,56
2026-06-13 13:42:00+00:00,165.42,165.54,165.42,165.54,117.09,63
2026-06-13 13:43:00+00:00,165.52,165.59,165.51,165.53,466.25,70
2026-06-13 13:44:00+00:00,165.52,165.59,165.51,165.51,121.45,60
2026-06-13 13:45:00+00:00,165.51,165.52,165.46,165.48,55.68,34
2026-06-13 13:46:00+00:00,165.47,165.48,165.37,165.44,192.5,44
2026-06-13 13:47:00+00:00,165.41,165.47,165.39,165.44,70.46,49
2026-06-13 13:48:00+00:00,165.41,165.49,165.33,165.38,261.75,65
2026-06-13 13:49:00+00:00,165.39,165.45,165.39,165.43,124.86,60
2026-06-13 13:50:00+00:00,165.41,165.45,165.24,165.34,62.05,49
2026-06-13 13:51:00+00:00,165.33,165.39,165.25,165.28,58.69,47
2026-06-13 13:52:00+00:00,165.25,165.28,165.23,165.27,54.23,36
2026-06-13 13:53:00+00:00,165.24,165.29,165.2,165.22,170.64,72
2026-06-13 13:54:00+00:00,165.21,165.22,165.18,165.22,62.61,37
2026-06-13 13:55:00+00:00,165.18,165.28,165.18,165.22,169.39,53
2026-06-13 13:56:00+00:00,165.21,165.24,165.21,165.22,64.93,31
2026-06-13 13:57:00+00:00,165.21,165.24,165.19,165.23,65.01,54
2026-06-13 13:58:00+00:00,165.2,165.23,165.14,165.18,80.59,51
2026-06-13 13:59:00+00:00,165.16,165.23,165.03,165.18,184.23,60
2026-06-13 14:00:00+00:00,165.19,165.28,165.17,165.22,73.52,46
2026-06-13 14:01:00+00:00,165.2,165.28,165.18,165.23,60.48,44
2026-06-13 14:02:00+00:00,165.22,165.23,165.14,165.16,57.49,45
2026-06-13 14:03:00+00:00,165.14,165.16,165.02,165.05,51.92,43
2026-06-13 14:04:00+00:00,165.05,165.17,165.02,165.16,1172.8,92
2026-06-13 14:05:00+00:00,165.14,165.19,165.14,165.15,47.36,34
2026-06-13 14:06:00+00:00,165.14,165.18,165.12,165.15,68.58,48
2026-06-13 14:07:00+00:00,165.12,165.15,165.01,165.04,82.72,69
2026-06-13 14:08:00+00:00,165.03,165.08,165.0,165.05,931.93,117
2026-06-13 14:09:00+00:00,165.04,165.05,164.91,164.97,71.67,89
2026-06-13 14:10:00+00:00,164.95,164.97,164.91,164.95,111.53,69
2026-06-13 14:11:00+00:00,164.93,165.03,164.93,165.02,57.36,67
2026-06-13 14:12:00+00:00,165.0,165.02,164.93,164.95,270.99,55
2026-06-13 14:13:00+00:00,164.95,164.97,164.84,164.88,204.0,75
2026-06-13 14:14:00+00:00,164.87,164.94,164.84,164.88,108.6,58
2026-06-13 14:15:00+00:00,164.85,165.03,164.82,165.01,262.34,65
2026-06-13 14:16:00+00:00,165.0,165.04,164.96,164.99,145.93,49
2026-06-13 14:17:00+00:00,164.98,165.01,164.92,164.93,229.0,62
2026-06-13 14:18:00+00:00,164.93,164.97,164.75,164.97,92.91,57
2026-06-13 14:19:00+00:00,164.94,164.94,164.81,164.85,100.84,44
2026-06-13 14:20:00+00:00,164.8,164.84,164.68,164.78,108.84,67
2026-06-13 14:21:00+00:00,164.79,164.8,164.71,164.71,56.35,45
2026-06-13 14:22:00+00:00,164.69,164.73,164.65,164.71,52.85,58
2026-06-13 14:23:00+00:00,164.67,164.73,164.6,164.68,133.66,76
2026-06-13 14:24:00+00:00,164.67,164.68,164.53,164.53,401.91,82
2026-06-13 14:25:00+00:00,164.52,164.69,164.52,164.69,416.3,65
2026-06-13 14:26:00+00:00,164.68,164.86,164.68,164.79,278.29,60
2026-06-13 14:27:00+00:00,164.77,164.96,164.76,164.96,199.43,81
2026-06-13 14:28:00+00:00,164.95,164.96,164.79,164.83,432.74,71
2026-06-13 14:29:00+00:00,164.83,164.89,164.78,164.86,60.66,60
2026-06-13 14:30:00+00:00,164.88,164.91,164.76,164.81,105.83,62
2026-06-13 14:31:00+00:00,164.81,164.81,164.76,164.76,75.74,39
2026-06-13 14:32:00+00:00,164.76,164.83,164.76,164.82,135.16,60
2026-06-13 14:33:00+00:00,164.8,164.93,164.78,164.82,175.74,65
2026-06-13 14:34:00+00:00,164.81,164.96,164.81,164.89,335.1,69
2026-06-13 14:35:00+00:00,164.89,164.97,164.83,164.93,108.31,42
2026-06-13 14:36:00+00:00,164.92,164.93,164.88,164.92,52.73,33
2026-06-13 14:37:00+00:00,164.89,164.93,164.88,164.93,301.57,37
2026-06-13 14:38:00+00:00,164.9,164.93,164.9,164.93,46.35,28
2026-06-13 14:39:00+00:00,164.93,164.93,164.86,164.86,164.6,45
2026-06-13 14:40:00+00:00,164.85,164.88,164.82,164.85,111.82,47
2026-06-13 14:41:00+00:00,164.84,164.85,164.82,164.85,55.34,28
2026-06-13 14:42:00+00:00,164.84,164.9,164.83,164.87,961.66,39
2026-06-13 14:43:00+00:00,164.86,164.89,164.83,164.87,180.34,33
2026-06-13 14:44:00+00:00,164.87,164.93,164.86,164.93,145.18,45
2026-06-13 14:45:00+00:00,164.9,164.95,164.88,164.91,49.73,41
2026-06-13 14:46:00+00:00,164.88,164.93,164.88,164.91,104.13,45
2026-06-13 14:47:00+00:00,164.92,164.95,164.88,164.89,51.03,38
2026-06-13 14:48:00+00:00,164.88,164.88,164.7,164.71,602.04,43
2026-06-13 14:49:00+00:00,164.7,164.72,164.61,164.72,567.96,110
2026-06-13 14:50:00+00:00,164.7,164.71,164.64,164.71,222.87,61
2026-06-13 14:51:00+00:00,164.74,164.77,164.66,164.67,69.82,26
2026-06-13 14:52:00+00:00,164.64,164.7,164.63,164.64,84.52,36
2026-06-13 14:53:00+00:00,164.65,164.71,164.61,164.71,43.63,25
2026-06-13 14:54:00+00:00,164.7,164.7,164.61,164.62,78.08,27
2026-06-13 14:55:00+00:00,164.61,164.68,164.6,164.68,238.36,38
2026-06-13 14:56:00+00:00,164.71,164.74,164.61,164.66,61.96,30
2026-06-13 14:57:00+00:00,164.71,164.74,164.64,164.69,41.74,35
2026-06-13 14:58:00+00:00,164.68,164.69,164.56,164.57,218.44,49
2026-06-13 14:59:00+00:00,164.56,164.57,164.56,164.57,54.86,22
2026-06-13 15:00:00+00:00,164.56,164.59,164.53,164.58,303.07,45
2026-06-13 15:01:00+00:00,164.58,164.59,164.52,164.53,36.32,25
2026-06-13 15:02:00+00:00,164.52,164.53,164.52,164.52,289.02,43
2026-06-13 15:03:00+00:00,164.51,164.52,164.5,164.51,230.54,28
2026-06-13 15:04:00+00:00,164.5,164.59,164.5,164.56,173.9,31
2026-06-13 15:05:00+00:00,164.56,164.56,164.54,164.55,69.44,20
2026-06-13 15:06:00+00:00,164.55,164.56,164.52,164.56,41.76,26
2026-06-13 15:07:00+00:00,164.57,164.91,164.51,164.88,645.88,74
2026-06-13 15:08:00+00:00,164.87,164.88,164.86,164.88,74.28,21
2026-06-13 15:09:00+00:00,164.87,164.92,164.87,164.91,200.34,29
2026-06-13 15:10:00+00:00,164.9,164.91,164.87,164.88,43.38,21
2026-06-13 15:11:00+00:00,164.87,165.39,164.87,165.39,136.12,87
2026-06-13 15:12:00+00:00,165.39,165.49,165.38,165.41,118.94,54
2026-06-13 15:13:00+00:00,165.41,165.42,165.27,165.27,345.51,71
2026-06-13 15:14:00+00:00,165.29,166.16,165.29,166.15,1234.15,203
2026-06-13 15:15:00+00:00,166.09,166.12,165.95,165.99,225.18,108
2026-06-13 15:16:00+00:00,165.98,165.98,165.86,165.86,186.31,56
2026-06-13 15:17:00+00:00,165.83,165.84,165.75,165.75,176.82,65
2026-06-13 15:18:00+00:00,165.76,165.76,165.49,165.5,3039.63,155
2026-06-13 15:19:00+00:00,165.49,165.52,165.44,165.46,154.97,82
2026-06-13 15:20:00+00:00,165.46,165.6,165.41,165.51,2046.81,114
2026-06-13 15:21:00+00:00,165.5,165.7,165.49,165.65,56.98,48
2026-06-13 15:22:00+00:00,165.65,165.68,165.62,165.68,40.18,42
2026-06-13 15:23:00+00:00,165.67,165.68,165.56,165.62,166.22,55
2026-06-13 15:24:00+00:00,165.6,165.65,165.59,165.62,39.85,28
2026-06-13 15:25:00+00:00,165.6,165.67,165.55,165.65,602.5,79
2026-06-13 15:26:00+00:00,165.57,165.67,165.56,165.62,263.02,51
2026-06-13 15:27:00+00:00,165.6,165.62,165.45,165.49,81.68,45
2026-06-13 15:28:00+00:00,165.49,165.49,165.3,165.33,97.1,52
2026-06-13 15:29:00+00:00,165.37,165.42,165.33,165.36,52.77,40
2026-06-13 15:30:00+00:00,165.33,165.37,165.3,165.37,151.83,32
2026-06-13 15:31:00+00:00,165.36,165.41,165.31,165.41,75.22,40
2026-06-13 15:32:00+00:00,165.4,165.41,165.35,165.41,114.22,37
2026-06-13 15:33:00+00:00,165.41,165.41,165.38,165.41,61.63,37
2026-06-13 15:34:00+00:00,165.38,165.41,165.38,165.41,81.35,25
2026-06-13 15:35:00+00:00,165.38,165.41,165.38,165.41,198.47,37
2026-06-13 15:36:00+00:00,165.4,165.45,165.38,165.41,62.24,35
2026-06-13 15:37:00+00:00,165.39,165.45,165.39,165.43,76.52,28
2026-06-13 15:38:00+00:00,165.42,165.45,165.39,165.42,33.92,32
2026-06-13 15:39:00+00:00,165.4,165.6,165.39,165.52,74.37,48
2026-06-13 15:40:00+00:00,165.54,165.64,165.54,165.61,61.51,54
2026-06-13 15:41:00+00:00,165.61,165.68,165.59,165.67,96.13,54
2026-06-13 15:42:00+00:00,165.66,165.81,165.66,165.8,252.08,78
2026-06-13 15:43:00+00:00,165.78,165.78,165.7,165.72,458.96,43
2026-06-13 15:44:00+00:00,165.72,165.79,165.72,165.79,168.78,54
2026-06-13 15:45:00+00:00,165.77,165.81,165.62,165.65,390.09,102
2026-06-13 15:46:00+00:00,165.69,165.7,165.64,165.67,146.34,37
2026-06-13 15:47:00+00:00,165.66,165.7,165.51,165.51,111.57,39
2026-06-13 15:48:00+00:00,165.51,165.55,165.47,165.49,97.31,37
2026-06-13 15:49:00+00:00,165.5,165.56,165.46,165.55,86.78,39
2026-06-13 15:50:00+00:00,165.52,165.55,165.49,165.49,28.3,28
2026-06-13 15:51:00+00:00,165.5,165.55,165.49,165.49,57.25,31
2026-06-13 15:52:00+00:00,165.5,165.67,165.5,165.67,78.91,45
2026-06-13 15:53:00+00:00,165.64,165.67,165.58,165.67,91.11,38
2026-06-13 15:54:00+00:00,165.66,165.68,165.63,165.65,131.55,40
2026-06-13 15:55:00+00:00,165.63,165.7,165.5,165.5,1004.55,57
2026-06-13 15:56:00+00:00,165.5,165.55,165.49,165.53,91.74,36
2026-06-13 15:57:00+00:00,165.53,165.56,165.46,165.46,458.57,50
2026-06-13 15:58:00+00:00,165.46,165.51,165.39,165.49,521.59,73
2026-06-13 15:59:00+00:00,165.47,165.5,165.41,165.5,162.44,48
2026-06-13 16:00:00+00:00,165.45,165.51,165.43,165.51,205.18,38
2026-06-13 16:01:00+00:00,165.5,165.51,165.5,165.51,25.77,16
2026-06-13 16:02:00+00:00,165.5,165.51,165.47,165.51,48.92,30
2026-06-13 16:03:00+00:00,165.48,165.49,165.21,165.21,1260.81,113
2026-06-13 16:04:00+00:00,165.21,165.4,165.15,165.31,3666.05,148
2026-06-13 16:05:00+00:00,165.33,165.38,165.18,165.18,942.7,92
2026-06-13 16:06:00+00:00,165.18,165.23,165.13,165.15,168.33,47
2026-06-13 16:07:00+00:00,165.12,165.14,165.04,165.08,234.41,64
2026-06-13 16:08:00+00:00,165.11,165.23,165.08,165.19,132.05,57
2026-06-13 16:09:00+00:00,165.12,165.17,165.1,165.15,160.48,41
2026-06-13 16:10:00+00:00,165.12,165.17,165.09,165.14,219.95,45
2026-06-13 16:11:00+00:00,165.11,165.15,165.06,165.13,112.85,55
2026-06-13 16:12:00+00:00,165.1,165.19,165.08,165.17,169.51,62
2026-06-13 16:13:00+00:00,165.12,165.19,165.1,165.11,52.02,27
2026-06-13 16:14:00+00:00,165.1,165.18,165.1,165.14,73.6,28
2026-06-13 16:15:00+00:00,165.13,165.18,165.13,165.15,102.92,21
2026-06-13 16:16:00+00:00,165.23,165.28,165.18,165.25,113.95,31
2026-06-13 16:17:00+00:00,165.27,165.34,165.26,165.3,62.87,37
2026-06-13 16:18:00+00:00,165.3,165.34,165.3,165.34,84.06,27
2026-06-13 16:19:00+00:00,165.32,165.35,165.31,165.33,26.23,23
2026-06-13 16:20:00+00:00,165.3,165.31,165.3,165.31,53.02,16
2026-06-13 16:21:00+00:00,165.3,165.34,165.3,165.31,61.88,17
2026-06-13 16:22:00+00:00,165.31,165.38,165.3,165.32,48.96,27
2026-06-13 16:23:00+00:00,165.31,165.34,165.31,165.34,24.09,14
2026-06-13 16:24:00+00:00,165.33,165.38,165.3,165.31,77.22,38
2026-06-13 16:25:00+00:00,165.3,165.4,165.23,165.4,1103.85,120
2026-06-13 16:26:00+00:00,165.37,165.38,165.32,165.33,97.86,34
2026-06-13 16:27:00+00:00,165.32,165.33,165.32,165.33,72.74,29
2026-06-13 16:28:00+00:00,165.33,165.33,165.32,165.33,51.35,20
2026-06-13 16:29:00+00:00,165.32,165.41,165.32,165.38,128.37,25
2026-06-13 16:30:00+00:00,165.38,165.41,165.36,165.4,30.06,19
2026-06-13 16:31:00+00:00,165.36,165.4,165.36,165.4,73.0,16
2026-06-13 16:32:00+00:00,165.39,165.41,165.32,165.41,45.36,31
2026-06-13 16:33:00+00:00,165.4,165.5,165.33,165.5,44.56,31
2026-06-13 16:34:00+00:00,165.49,165.49,165.44,165.47,30.69,22
2026-06-13 16:35:00+00:00,165.46,165.5,165.45,165.48,58.45,36
2026-06-13 16:36:00+00:00,165.45,165.52,165.43,165.52,128.99,40
2026-06-13 16:37:00+00:00,165.49,165.53,165.49,165.51,22.9,18
2026-06-13 16:38:00+00:00,165.48,165.56,165.48,165.56,600.62,53
2026-06-13 16:39:00+00:00,165.54,165.56,165.47,165.49,113.76,43
2026-06-13 16:40:00+00:00,165.48,165.52,165.46,165.49,87.62,29
2026-06-13 16:41:00+00:00,165.49,165.5,165.48,165.49,205.49,58
2026-06-13 16:42:00+00:00,165.48,165.49,165.48,165.49,51.89,17
2026-06-13 16:43:00+00:00,165.48,165.49,165.44,165.48,35.56,26
2026-06-13 16:44:00+00:00,165.45,165.49,165.42,165.47,110.75,40
2026-06-13 16:45:00+00:00,165.47,165.49,165.41,165.41,82.09,36
2026-06-13 16:46:00+00:00,165.44,165.49,165.42,165.48,249.2,25
2026-06-13 16:47:00+00:00,165.48,165.49,165.44,165.44,53.53,21
2026-06-13 16:48:00+00:00,165.44,165.49,165.4,165.46,291.28,51
2026-06-13 16:49:00+00:00,165.47,165.49,165.38,165.44,75.23,22
2026-06-13 16:50:00+00:00,165.41,165.46,165.38,165.4,247.34,70
2026-06-13 16:51:00+00:00,165.43,165.47,165.4,165.41,112.03,38
2026-06-13 16:52:00+00:00,165.42,165.47,165.38,165.45,199.11,33
2026-06-13 16:53:00+00:00,165.45,165.49,165.41,165.41,134.29,50
2026-06-13 16:54:00+00:00,165.41,165.44,165.41,165.43,101.97,35
2026-06-13 16:55:00+00:00,165.43,165.45,165.42,165.42,118.4,24
2026-06-13 16:56:00+00:00,165.43,165.43,165.42,165.42,30.23,17
2026-06-13 16:57:00+00:00,165.42,165.43,165.41,165.41,204.48,25
2026-06-13 16:58:00+00:00,165.41,165.42,165.35,165.35,150.35,40
2026-06-13 16:59:00+00:00,165.35,165.36,165.13,165.18,2170.99,123
2026-06-13 17:00:00+00:00,165.17,165.26,165.1,165.24,320.31,52
2026-06-13 17:01:00+00:00,165.22,165.3,165.21,165.21,43.29,38
2026-06-13 17:02:00+00:00,165.22,165.23,165.14,165.16,154.12,37
2026-06-13 17:03:00+00:00,165.14,165.17,165.05,165.05,316.95,71
2026-06-13 17:04:00+00:00,165.04,165.05,165.0,165.02,130.25,34
2026-06-13 17:05:00+00:00,165.01,165.02,165.0,165.01,62.44,30
2026-06-13 17:06:00+00:00,165.02,165.14,165.02,165.12,30.45,37
2026-06-13 17:07:00+00:00,165.13,165.15,165.11,165.12,54.79,39
2026-06-13 17:08:00+00:00,165.12,165.16,165.11,165.11,50.77,35
2026-06-13 17:09:00+00:00,165.12,165.12,165.05,165.05,46.16,21
2026-06-13 17:10:00+00:00,165.05,165.06,164.86,164.86,1545.64,134
2026-06-13 17:11:00+00:00,164.85,164.86,164.55,164.64,1600.09,154
2026-06-13 17:12:00+00:00,164.61,164.65,164.54,164.62,180.34,55
2026-06-13 17:13:00+00:00,164.62,164.89,164.61,164.82,500.75,93
2026-06-13 17:14:00+00:00,164.81,164.82,164.73,164.73,162.6,32
2026-06-13 17:15:00+00:00,164.76,164.77,164.68,164.7,54.76,32
2026-06-13 17:16:00+00:00,164.69,164.69,164.62,164.68,78.27,49
2026-06-13 17:17:00+00:00,164.66,164.68,164.58,164.61,232.03,68
2026-06-13 17:18:00+00:00,164.58,164.6,164.54,164.59,139.59,91
2026-06-13 17:19:00+00:00,164.56,164.59,164.52,164.56,82.19,46
2026-06-13 17:20:00+00:00,164.56,164.56,164.44,164.48,512.26,94
2026-06-13 17:21:00+00:00,164.48,164.5,164.35,164.38,775.88,162
2026-06-13 17:22:00+00:00,164.34,164.44,164.34,164.41,195.35,66
2026-06-13 17:23:00+00:00,164.41,164.42,164.33,164.41,224.38,83
2026-06-13 17:24:00+00:00,164.37,164.53,164.34,164.49,753.44,109
2026-06-13 17:25:00+00:00,164.47,164.55,164.47,164.55,103.84,46
2026-06-13 17:26:00+00:00,164.55,164.58,164.53,164.56,166.94,53
2026-06-13 17:27:00+00:00,164.53,164.61,164.53,164.58,86.27,37
2026-06-13 17:28:00+00:00,164.58,164.67,164.58,164.62,41.78,31
2026-06-13 17:29:00+00:00,164.62,164.68,164.62,164.66,38.55,32
2026-06-13 17:30:00+00:00,164.63,164.68,164.61,164.68,109.82,70
2026-06-13 17:31:00+00:00,164.62,164.68,164.53,164.63,98.16,49
2026-06-13 17:32:00+00:00,164.59,164.71,164.58,164.71,194.61,41
2026-06-13 17:33:00+00:00,164.7,164.76,164.69,164.75,85.32,59
2026-06-13 17:34:00+00:00,164.72,164.82,164.72,164.76,142.04,53
2026-06-13 17:35:00+00:00,164.77,164.8,164.77,164.77,86.12,32
2026-06-13 17:36:00+00:00,164.78,164.78,164.77,164.78,83.66,28
2026-06-13 17:37:00+00:00,164.77,164.78,164.77,164.77,66.25,23
2026-06-13 17:38:00+00:00,164.78,164.78,164.77,164.77,27.91,14
2026-06-13 17:39:00+00:00,164.78,164.79,164.77,164.78,73.49,17
2026-06-13 17:40:00+00:00,164.79,164.83,164.79,164.82,70.53,26
2026-06-13 17:41:00+00:00,164.83,164.85,164.78,164.79,83.75,32
2026-06-13 17:42:00+00:00,164.79,164.85,164.78,164.85,48.26,27
2026-06-13 17:43:00+00:00,164.86,164.86,164.8,164.83,26.89,10
2026-06-13 17:44:00+00:00,164.83,164.92,164.8,164.86,115.36,43
2026-06-13 17:45:00+00:00,164.85,164.91,164.83,164.85,92.15,32
2026-06-13 17:46:00+00:00,164.88,164.9,164.85,164.89,23.83,18
2026-06-13 17:47:00+00:00,164.89,164.89,164.85,164.85,79.92,31
2026-06-13 17:48:00+00:00,164.86,164.87,164.85,164.85,30.95,19
2026-06-13 17:49:00+00:00,164.86,164.91,164.86,164.9,32.92,29
2026-06-13 17:50:00+00:00,164.88,164.89,164.83,164.84,44.17,32
2026-06-13 17:51:00+00:00,164.85,164.88,164.82,164.86,105.85,36
2026-06-13 17:52:00+00:00,164.83,164.96,164.82,164.89,46.85,34
2026-06-13 17:53:00+00:00,164.93,164.94,164.83,164.88,212.4,31
2026-06-13 17:54:00+00:00,164.88,164.9,164.82,164.9,44.35,32
2026-06-13 17:55:00+00:00,164.89,164.9,164.8,164.8,40.7,36
2026-06-13 17:56:00+00:00,164.82,164.82,164.75,164.75,44.29,40
2026-06-13 17:57:00+00:00,164.8,164.8,164.75,164.77,37.82,23
2026-06-13 17:58:00+00:00,164.77,164.78,164.75,164.75,66.89,13
2026-06-13 17:59:00+00:00,164.76,164.78,164.69,164.72,166.99,54
2026-06-13 18:00:00+00:00,164.75,164.83,164.73,164.73,255.69,63
2026-06-13 18:01:00+00:00,164.74,164.77,164.67,164.68,142.54,36
2026-06-13 18:02:00+00:00,164.68,164.68,164.67,164.68,28.68,21
2026-06-13 18:03:00+00:00,164.68,164.68,164.66,164.66,116.51,28
2026-06-13 18:04:00+00:00,164.66,164.67,164.66,164.66,27.61,32
2026-06-13 18:05:00+00:00,164.66,164.76,164.65,164.75,237.61,44
2026-06-13 18:06:00+00:00,164.75,164.76,164.71,164.75,129.42,31
2026-06-13 18:07:00+00:00,164.76,164.85,164.76,164.84,135.0,53
2026-06-13 18:08:00+00:00,164.83,164.85,164.82,164.85,86.29,23
2026-06-13 18:09:00+00:00,164.85,164.85,164.83,164.84,61.43,20
2026-06-13 18:10:00+00:00,164.83,164.84,164.82,164.82,83.9,17
2026-06-13 18:11:00+00:00,164.83,164.84,164.83,164.84,23.8,11
2026-06-13 18:12:00+00:00,164.83,164.84,164.83,164.83,80.23,15
2026-06-13 18:13:00+00:00,164.84,164.86,164.83,164.83,45.65,20
2026-06-13 18:14:00+00:00,164.86,164.88,164.83,164.83,94.35,16
2026-06-13 18:15:00+00:00,164.85,164.88,164.82,164.85,29.43,14
2026-06-13 18:16:00+00:00,164.86,164.94,164.82,164.94,46.95,26
2026-06-13 18:17:00+00:00,164.89,164.94,164.85,164.85,23.78,11
2026-06-13 18:18:00+00:00,164.89,164.99,164.89,164.99,142.55,38
2026-06-13 18:19:00+00:00,164.97,164.97,164.91,164.91,45.55,17
2026-06-13 18:20:00+00:00,164.92,164.94,164.91,164.93,25.13,15
2026-06-13 18:21:00+00:00,164.93,164.95,164.92,164.92,25.05,11
2026-06-13 18:22:00+00:00,164.91,164.92,164.9,164.9,25.55,11
2026-06-13 18:23:00+00:00,164.91,164.92,164.81,164.88,187.63,41
2026-06-13 18:24:00+00:00,164.88,164.93,164.81,164.93,312.91,25
2026-06-13 18:25:00+00:00,164.95,164.98,164.9,164.9,103.1,33
2026-06-13 18:26:00+00:00,164.93,165.2,164.9,165.16,1954.65,125
2026-06-13 18:27:00+00:00,165.2,165.23,165.16,165.21,478.62,27
2026-06-13 18:28:00+00:00,165.22,165.22,165.09,165.16,458.34,48
2026-06-13 18:29:00+00:00,165.15,165.2,165.11,165.11,45.77,23
2026-06-13 18:30:00+00:00,165.12,165.13,165.1,165.1,25.27,12
2026-06-13 18:31:00+00:00,165.1,165.1,164.99,164.99,21.68,11
2026-06-13 18:32:00+00:00,165.0,165.0,164.91,164.91,26.12,15
2026-06-13 18:33:00+00:00,164.94,164.95,164.93,164.93,47.12,8
2026-06-13 18:34:00+00:00,164.93,164.93,164.9,164.91,22.01,6
2026-06-13 18:35:00+00:00,164.91,164.91,164.9,164.9,26.39,4
2026-06-13 18:36:00+00:00,164.91,164.93,164.9,164.93,123.41,39
2026-06-13 18:37:00+00:00,164.9,165.04,164.9,164.99,70.18,20
2026-06-13 18:38:00+00:00,165.04,165.15,165.02,165.11,65.07,26
2026-06-13 18:39:00+00:00,165.11,165.21,165.11,165.21,34.99,18
2026-06-13 18:40:00+00:00,165.21,165.27,165.19,165.21,41.7,28
2026-06-13 18:41:00+00:00,165.22,165.28,165.22,165.24,156.13,28
2026-06-13 18:42:00+00:00,165.24,165.27,165.23,165.27,227.9,34
2026-06-13 18:43:00+00:00,165.31,165.36,165.28,165.34,72.33,38
2026-06-13 18:44:00+00:00,165.33,165.33,165.3,165.3,35.13,25
2026-06-13 18:45:00+00:00,165.3,165.3,165.26,165.26,21.82,11
2026-06-13 18:46:00+00:00,165.25,165.26,165.21,165.21,129.1,48
2026-06-13 18:47:00+00:00,165.21,165.21,165.08,165.08,71.65,27
2026-06-13 18:48:00+00:00,165.1,165.1,165.05,165.05,66.93,13
2026-06-13 18:49:00+00:00,165.07,165.17,165.07,165.13,40.81,24
2026-06-13 18:50:00+00:00,165.06,165.06,165.0,165.02,176.57,44
2026-06-13 18:51:00+00:00,165.11,165.12,165.08,165.08,38.98,8
2026-06-13 18:52:00+00:00,165.08,165.09,165.05,165.05,48.13,31
2026-06-13 18:53:00+00:00,165.03,165.03,165.0,165.0,33.21,18
2026-06-13 18:54:00+00:00,165.0,165.0,164.95,164.95,55.28,25
2026-06-13 18:55:00+00:00,164.95,164.96,164.95,164.95,39.14,14
2026-06-13 18:56:00+00:00,164.96,164.96,164.95,164.95,33.07,18
2026-06-13 18:57:00+00:00,164.96,164.96,164.95,164.95,23.21,5
2026-06-13 18:58:00+00:00,164.96,164.96,164.95,164.95,61.27,8
2026-06-13 18:59:00+00:00,164.95,164.96,164.95,164.95,25.97,9
2026-06-13 19:00:00+00:00,164.96,165.01,164.96,165.0,40.3,9
2026-06-13 19:01:00+00:00,165.01,165.01,164.95,164.95,79.34,34
2026-06-13 19:02:00+00:00,164.94,164.94,164.86,164.88,146.56,44
2026-06-13 19:03:00+00:00,164.89,164.95,164.86,164.87,193.68,59
2026-06-13 19:04:00+00:00,164.87,164.87,164.83,164.83,66.56,27
2026-06-13 19:05:00+00:00,164.84,164.86,164.83,164.85,67.28,25
2026-06-13 19:06:00+00:00,164.85,164.85,164.74,164.74,50.84,24
2026-06-13 19:07:00+00:00,164.74,164.79,164.74,164.76,33.82,26
2026-06-13 19:08:00+00:00,164.76,164.76,164.74,164.76,49.99,22
2026-06-13 19:09:00+00:00,164.76,164.77,164.73,164.77,126.02,48
2026-06-13 19:10:00+00:00,164.77,164.82,164.77,164.81,59.19,42
2026-06-13 19:11:00+00:00,164.81,164.81,164.76,164.76,54.33,21
2026-06-13 19:12:00+00:00,164.78,164.83,164.76,164.78,152.66,69
2026-06-13 19:13:00+00:00,164.83,164.83,164.78,164.78,54.3,19
2026-06-13 19:14:00+00:00,164.81,164.81,164.75,164.75,52.18,13
2026-06-13 19:15:00+00:00,164.79,164.85,164.74,164.85,75.36,44
2026-06-13 19:16:00+00:00,164.85,164.94,164.81,164.83,839.81,58
2026-06-13 19:17:00+00:00,164.85,164.93,164.85,164.91,49.12,24
2026-06-13 19:18:00+00:00,164.91,164.99,164.91,164.94,56.84,28
2026-06-13 19:19:00+00:00,164.96,164.97,164.93,164.93,26.16,21
2026-06-13 19:20:00+00:00,164.94,164.94,164.89,164.9,31.55,16
2026-06-13 19:21:00+00:00,164.89,164.89,164.82,164.83,52.27,14
2026-06-13 19:22:00+00:00,164.83,164.83,164.8,164.8,27.77,12
2026-06-13 19:23:00+00:00,164.82,164.92,164.76,164.92,75.72,42
2026-06-13 19:24:00+00:00,164.88,164.9,164.83,164.83,25.94,15
2026-06-13 19:25:00+00:00,164.84,164.84,164.73,164.73,22.85,13
2026-06-13 19:26:00+00:00,164.77,164.77,164.73,164.73,23.89,10
2026-06-13 19:27:00+00:00,164.74,164.74,164.7,164.7,42.89,17
2026-06-13 19:28:00+00:00,164.7,164.71,164.7,164.7,21.02,7
2026-06-13 19:29:00+00:00,164.71,164.73,164.69,164.73,80.72,39
2026-06-13 19:30:00+00:00,164.73,164.74,164.7,164.7,68.0,35
2026-06-13 19:31:00+00:00,164.73,164.74,164.67,164.67,33.94,19
2026-06-13 19:32:00+00:00,164.67,164.71,164.66,164.71,37.11,19
2026-06-13 19:33:00+00:00,164.67,164.74,164.63,164.72,84.54,30
2026-06-13 19:34:00+00:00,164.74,164.75,164.67,164.67,58.57,32
2026-06-13 19:35:00+00:00,164.74,164.81,164.73,164.73,72.71,40
2026-06-13 19:36:00+00:00,164.78,164.85,164.77,164.77,58.47,30
2026-06-13 19:37:00+00:00,164.81,164.84,164.76,164.84,17.3,22
2026-06-13 19:38:00+00:00,164.84,164.9,164.84,164.9,16.9,12
2026-06-13 19:39:00+00:00,164.9,164.9,164.83,164.86,43.74,21
2026-06-13 19:40:00+00:00,164.85,164.87,164.33,164.41,7496.6,273
2026-06-13 19:41:00+00:00,164.42,164.45,164.36,164.37,66.12,52
2026-06-13 19:42:00+00:00,164.37,164.37,164.34,164.36,169.13,55
2026-06-13 19:43:00+00:00,164.36,164.4,164.36,164.39,121.43,48
2026-06-13 19:44:00+00:00,164.36,164.39,164.36,164.39,75.07,38
2026-06-13 19:45:00+00:00,164.38,164.38,164.29,164.31,245.74,62
2026-06-13 19:46:00+00:00,164.31,164.34,163.87,164.04,3315.67,210
2026-06-13 19:47:00+00:00,164.03,164.09,163.86,163.94,562.08,125
2026-06-13 19:48:00+00:00,163.94,163.98,163.91,163.93,128.17,57
2026-06-13 19:49:00+00:00,163.93,163.95,163.86,163.93,279.99,105
2026-06-13 19:50:00+00:00,163.93,164.02,163.87,163.98,268.76,86
2026-06-13 19:51:00+00:00,163.98,164.01,163.93,163.96,245.69,52
2026-06-13 19:52:00+00:00,163.95,164.08,163.95,164.08,362.6,77
2026-06-13 19:53:00+00:00,164.08,164.11,164.06,164.09,795.13,65
2026-06-13 19:54:00+00:00,164.09,164.2,164.09,164.2,552.75,51
2026-06-13 19:55:00+00:00,164.18,164.22,164.08,164.14,490.76,56
2026-06-13 19:56:00+00:00,164.15,164.21,164.15,164.21,34.85,18
2026-06-13 19:57:00+00:00,164.2,164.23,164.2,164.21,15.53,14
2026-06-13 19:58:00+00:00,164.21,164.27,164.21,164.25,244.1,23
2026-06-13 19:59:00+00:00,164.25,164.28,164.13,164.14,124.63,47
2026-06-13 20:00:00+00:00,164.11,164.25,164.1,164.25,37.43,15
2026-06-13 20:01:00+00:00,164.19,164.23,164.19,164.23,1.3,2
2026-06-13 20:02:00+00:00,164.22,164.33,164.19,164.33,6.97,11
2026-06-13 20:03:00+00:00,164.32,164.36,164.32,164.36,31.54,24
2026-06-13 20:04:00+00:00,164.36,164.36,164.35,164.35,21.03,14
2026-06-13 20:05:00+00:00,164.35,164.36,164.35,164.36,37.53,6
2026-06-13 20:06:00+00:00,164.36,164.39,164.36,164.38,12.06,5
2026-06-13 20:07:00+00:00,164.39,164.39,164.38,164.38,2.63,2
2026-06-13 20:08:00+00:00,164.39,164.39,164.38,164.38,23.07,5
2026-06-13 20:09:00+00:00,164.39,164.49,164.39,164.48,26.93,26
2026-06-13 20:10:00+00:00,164.49,164.54,164.49,164.54,11.07,14
2026-06-13 20:11:00+00:00,164.52,164.56,164.52,164.53,25.42,24
2026-06-13 20:12:00+00:00,164.55,164.61,164.55,164.61,73.03,11
2026-06-13 20:13:00+00:00,164.61,164.67,164.61,164.67,18.8,7
2026-06-13 20:14:00+00:00,164.68,164.69,164.59,164.62,33.47,16
2026-06-13 20:15:00+00:00,164.57,164.57,164.57,164.57,1.77,1
2026-06-13 20:16:00+00:00,164.57,164.6,164.57,164.6,6.05,7
2026-06-13 20:17:00+00:00,164.6,164.68,164.6,164.64,187.69,35
2026-06-13 20:18:00+00:00,164.63,164.64,164.61,164.64,37.01,4
2026-06-13 20:19:00+00:00,164.62,164.67,164.51,164.51,32.23,18
2026-06-13 20:20:00+00:00,164.5,164.53,164.38,164.38,18.88,13
2026-06-13 20:21:00+00:00,164.41,164.5,164.41,164.45,30.54,18
2026-06-13 20:22:00+00:00,164.46,164.46,164.43,164.44,17.14,6
2026-06-13 20:23:00+00:00,164.44,164.48,164.44,164.47,39.26,26
2026-06-13 20:24:00+00:00,164.41,164.43,164.4,164.43,9.61,7
2026-06-13 20:25:00+00:00,164.43,164.45,164.42,164.43,6.75,7
2026-06-13 20:26:00+00:00,164.43,164.48,164.43,164.44,111.36,13
2026-06-13 20:27:00+00:00,164.39,164.39,164.34,164.37,7.25,9
2026-06-13 20:28:00+00:00,164.39,164.47,164.24,164.3,118.95,38
2026-06-13 20:29:00+00:00,164.33,164.47,164.26,164.42,441.05,54
2026-06-13 20:30:00+00:00,164.42,164.48,164.42,164.48,21.2,18
2026-06-13 20:31:00+00:00,164.47,164.54,164.47,164.5,34.85,20
2026-06-13 20:32:00+00:00,164.51,164.55,164.5,164.5,11.98,8
2026-06-13 20:33:00+00:00,164.5,164.52,164.47,164.52,37.03,13
2026-06-13 20:34:00+00:00,164.58,164.69,164.58,164.68,558.13,41
2026-06-13 20:35:00+00:00,164.69,164.77,164.66,164.72,733.81,50
2026-06-13 20:36:00+00:00,164.74,164.74,164.69,164.71,5.37,11
2026-06-13 20:37:00+00:00,164.71,164.77,164.7,164.73,360.16,39
2026-06-13 20:38:00+00:00,164.76,164.8,164.76,164.79,24.19,14
2026-06-13 20:39:00+00:00,164.76,164.79,164.76,164.77,4.69,4
2026-06-13 20:40:00+00:00,164.79,164.81,164.77,164.77,19.98,17
2026-06-13 20:41:00+00:00,164.77,164.81,164.77,164.81,2.84,4
2026-06-13 20:42:00+00:00,164.81,164.9,164.81,164.89,108.61,23
2026-06-13 20:43:00+00:00,164.89,164.89,164.88,164.88,20.92,6
2026-06-13 20:44:00+00:00,164.88,164.89,164.86,164.86,13.69,6
2026-06-13 20:45:00+00:00,164.84,164.9,164.84,164.9,9.33,10
2026-06-13 20:46:00+00:00,164.87,164.87,164.86,164.86,0.55,2
2026-06-13 20:47:00+00:00,164.89,164.91,164.89,164.91,18.68,7
2026-06-13 20:48:00+00:00,164.92,165.0,164.88,164.97,278.89,40
2026-06-13 20:49:00+00:00,164.96,164.97,164.92,164.97,6.1,6
2026-06-13 20:50:00+00:00,164.99,165.0,164.98,164.99,6.22,8
2026-06-13 20:51:00+00:00,165.0,165.0,164.95,164.96,15.35,14
2026-06-13 20:52:00+00:00,164.92,164.92,164.78,164.78,106.45,18
2026-06-13 20:53:00+00:00,164.79,164.8,164.79,164.8,0.85,3
2026-06-13 20:54:00+00:00,164.79,164.79,164.72,164.74,4.2,7
2026-06-13 20:55:00+00:00,164.74,164.9,164.74,164.9,3.2,13
2026-06-13 20:56:00+00:00,164.88,164.89,164.86,164.86,0.89,3
2026-06-13 20:57:00+00:00,164.84,164.84,164.72,164.77,56.79,12
2026-06-13 20:58:00+00:00,164.86,164.88,164.86,164.86,4.71,6
2026-06-13 20:59:00+00:00,164.86,164.86,164.83,164.86,6.12,9
2026-06-13 21:00:00+00:00,164.86,164.89,164.84,164.89,34.54,10
2026-06-13 21:01:00+00:00,164.9,164.9,164.79,164.82,22.02,12
2026-06-13 21:02:00+00:00,164.83,164.92,164.83,164.91,49.4,31
2026-06-13 21:03:00+00:00,164.9,164.9,164.86,164.9,74.91,30
2026-06-13 21:04:00+00:00,164.9,164.98,164.89,164.89,96.94,33
2026-06-13 21:05:00+00:00,164.91,164.91,164.89,164.89,3.26,5
2026-06-13 21:06:00+00:00,164.87,164.9,164.86,164.9,7.61,5
2026-06-13 21:07:00+00:00,164.87,164.87,164.84,164.87,5.48,5
2026-06-13 21:08:00+00:00,164.87,164.89,164.82,164.82,76.21,17
2026-06-13 21:09:00+00:00,164.85,164.94,164.85,164.94,15.25,13
2026-06-13 21:10:00+00:00,164.94,164.98,164.94,164.98,98.45,10
2026-06-13 21:11:00+00:00,164.93,164.93,164.85,164.85,4.14,4
2026-06-13 21:12:00+00:00,164.86,164.89,164.83,164.85,25.64,17
2026-06-13 21:13:00+00:00,164.86,164.86,164.81,164.81,2.69,9
2026-06-13 21:14:00+00:00,164.83,164.91,164.83,164.91,9.09,13
2026-06-13 21:15:00+00:00,164.9,164.96,164.83,164.86,12.0,15
2026-06-13 21:16:00+00:00,164.88,164.89,164.86,164.86,43.17,11
2026-06-13 21:17:00+00:00,164.86,164.86,164.83,164.83,25.61,10
2026-06-13 21:18:00+00:00,164.85,164.95,164.85,164.89,613.42,55
2026-06-13 21:19:00+00:00,164.94,164.95,164.89,164.93,13.31,13
2026-06-13 21:20:00+00:00,164.93,164.99,164.93,164.94,140.31,30
2026-06-13 21:21:00+00:00,164.94,165.15,164.94,164.98,501.55,59
2026-06-13 21:22:00+00:00,165.0,165.07,165.0,165.02,126.42,25
2026-06-13 21:23:00+00:00,165.09,165.2,165.09,165.17,210.56,33
2026-06-13 21:24:00+00:00,165.18,165.26,165.18,165.23,316.27,24
2026-06-13 21:25:00+00:00,165.2,165.27,165.2,165.24,35.62,18
2026-06-13 21:26:00+00:00,165.24,165.24,165.19,165.22,96.75,25
2026-06-13 21:27:00+00:00,165.2,165.2,165.1,165.12,60.72,10
2026-06-13 21:28:00+00:00,165.13,165.15,165.0,165.0,1624.93,63
2026-06-13 21:29:00+00:00,165.07,165.1,165.07,165.1,25.37,11
2026-06-13 21:30:00+00:00,165.1,165.1,165.03,165.08,249.22,31
2026-06-13 21:31:00+00:00,165.08,165.08,165.06,165.06,58.02,7
2026-06-13 21:32:00+00:00,165.07,165.07,165.03,165.03,17.16,6
2026-06-13 21:33:00+00:00,165.02,165.07,165.02,165.07,51.59,13
2026-06-13 21:34:00+00:00,165.05,165.06,165.03,165.03,50.12,8
2026-06-13 21:35:00+00:00,165.06,165.06,165.02,165.04,84.11,15
2026-06-13 21:36:00+00:00,165.03,165.03,165.02,165.02,0.61,2
2026-06-13 21:37:00+00:00,165.03,165.03,165.02,165.03,30.96,3
2026-06-13 21:38:00+00:00,165.03,165.03,165.02,165.02,31.99,7
2026-06-13 21:39:00+00:00,165.04,165.09,165.04,165.07,54.09,20
2026-06-13 21:40:00+00:00,165.09,165.15,165.09,165.15,48.52,14
2026-06-13 21:41:00+00:00,165.12,165.23,165.12,165.23,98.52,18
2026-06-13 21:42:00+00:00,165.23,165.29,165.12,165.25,1221.59,96
2026-06-13 21:43:00+00:00,165.2,165.27,165.19,165.25,27.11,10
2026-06-13 21:44:00+00:00,165.26,165.28,165.22,165.22,34.15,15
2026-06-13 21:45:00+00:00,165.23,165.3,165.23,165.23,111.86,13
2026-06-13 21:46:00+00:00,165.28,165.3,165.22,165.28,128.45,17
2026-06-13 21:47:00+00:00,165.24,165.29,165.24,165.29,18.93,8
2026-06-13 21:48:00+00:00,165.29,165.29,165.2,165.2,133.75,17
2026-06-13 21:49:00+00:00,165.26,165.26,165.21,165.21,1.83,6
2026-06-13 21:50:00+00:00,165.2,165.2,165.17,165.18,3.96,10
2026-06-13 21:51:00+00:00,165.18,165.19,165.15,165.18,3.53,6
2026-06-13 21:52:00+00:00,165.18,165.18,165.13,165.13,18.82,13
2026-06-13 21:53:00+00:00,165.14,165.14,165.13,165.14,4.21,5
2026-06-13 21:54:00+00:00,165.02,165.02,165.02,165.02,12.27,2
2026-06-13 21:55:00+00:00,165.02,165.1,164.97,165.1,12.21,12
2026-06-13 21:56:00+00:00,165.1,165.11,165.1,165.11,9.42,7
2026-06-13 21:57:00+00:00,165.11,165.12,165.08,165.08,17.61,13
2026-06-13 21:58:00+00:00,165.08,165.08,164.8,164.83,147.5,51
2026-06-13 21:59:00+00:00,164.82,165.01,164.82,165.01,767.08,58
2026-06-13 22:00:00+00:00,165.01,165.16,165.0,165.16,31.27,28
2026-06-13 22:01:00+00:00,165.16,165.18,165.16,165.17,2.55,7
2026-06-13 22:02:00+00:00,165.18,165.2,165.17,165.18,40.34,9
2026-06-13 22:03:00+00:00,165.18,165.21,165.0,165.01,44.72,22
2026-06-13 22:04:00+00:00,164.98,165.2,164.91,165.18,221.04,41
2026-06-13 22:05:00+00:00,165.2,165.25,165.19,165.25,331.57,33
2026-06-13 22:06:00+00:00,165.25,165.25,165.18,165.18,6.37,4
2026-06-13 22:07:00+00:00,165.2,165.28,165.2,165.23,15.64,13
2026-06-13 22:08:00+00:00,165.24,165.24,165.12,165.12,4.5,5
2026-06-13 22:09:00+00:00,165.12,165.2,165.11,165.11,23.33,10
2026-06-13 22:10:00+00:00,165.1,165.15,165.08,165.15,14.28,10
2026-06-13 22:11:00+00:00,165.18,165.18,165.06,165.06,0.55,2
2026-06-13 22:12:00+00:00,165.02,165.1,165.02,165.1,3.78,11
2026-06-13 22:13:00+00:00,165.11,165.12,165.09,165.12,4.0,12
2026-06-13 22:14:00+00:00,165.12,165.18,165.12,165.18,20.87,10
2026-06-13 22:15:00+00:00,165.19,165.19,165.15,165.19,1.37,5
2026-06-13 22:16:00+00:00,165.2,165.29,165.2,165.29,4.48,7
2026-06-13 22:17:00+00:00,165.27,165.33,165.27,165.31,22.95,12
2026-06-13 22:18:00+00:00,165.31,165.36,165.27,165.3,251.11,31
2026-06-13 22:19:00+00:00,165.25,165.25,165.25,165.25,1.01,4
2026-06-13 22:20:00+00:00,165.21,165.21,165.18,165.21,6.54,3
2026-06-13 22:21:00+00:00,165.22,165.22,165.18,165.18,3.14,11
2026-06-13 22:22:00+00:00,165.19,165.23,165.15,165.15,2.8,7
2026-06-13 22:23:00+00:00,165.16,165.16,165.08,165.13,1.16,4
2026-06-13 22:24:00+00:00,165.13,165.18,165.08,165.18,0.32,4
2026-06-13 22:25:00+00:00,165.17,165.17,165.16,165.16,0.16,2
2026-06-13 22:26:00+00:00,165.14,165.17,165.13,165.13,2.32,6
2026-06-13 22:27:00+00:00,165.16,165.27,165.16,165.27,3.79,8
2026-06-13 22:28:00+00:00,165.27,165.3,165.27,165.3,0.52,3
2026-06-13 22:29:00+00:00,165.3,165.31,165.24,165.24,0.86,4
2026-06-13 22:30:00+00:00,165.25,165.31,165.25,165.29,21.18,17
2026-06-13 22:31:00+00:00,165.35,165.36,165.33,165.36,14.41,11
2026-06-13 22:32:00+00:00,165.36,165.44,165.36,165.36,24.26,21
2026-06-13 22:33:00+00:00,165.4,165.4,165.35,165.35,0.51,4
2026-06-13 22:34:00+00:00,165.36,165.38,165.34,165.38,17.91,5
2026-06-13 22:35:00+00:00,165.38,165.38,165.38,165.38,0.26,3
2026-06-13 22:36:00+00:00,165.38,165.39,165.38,165.39,8.25,4
2026-06-13 22:37:00+00:00,165.4,165.4,165.26,165.34,95.89,9
2026-06-13 22:38:00+00:00,165.33,165.33,165.3,165.32,6.36,9
2026-06-13 22:39:00+00:00,165.32,165.35,165.24,165.33,3.86,10
2026-06-13 22:40:00+00:00,165.38,165.4,165.36,165.4,0.59,5
2026-06-13 22:41:00+00:00,165.36,165.39,165.35,165.37,6.45,8
2026-06-13 22:42:00+00:00,165.39,165.47,165.39,165.46,7.81,9
2026-06-13 22:43:00+00:00,165.47,165.59,165.47,165.53,222.68,34
2026-06-13 22:44:00+00:00,165.53,165.62,165.53,165.62,16.85,18
2026-06-13 22:45:00+00:00,165.61,165.61,165.55,165.57,10.49,14
2026-06-13 22:46:00+00:00,165.57,165.6,165.56,165.57,14.16,19
2026-06-13 22:47:00+00:00,165.58,165.58,165.56,165.56,68.04,15
2026-06-13 22:48:00+00:00,165.58,165.58,165.55,165.55,40.83,14
2026-06-13 22:49:00+00:00,165.52,165.58,165.5,165.58,5.32,11
2026-06-13 22:50:00+00:00,165.58,165.58,165.57,165.58,7.04,6
2026-06-13 22:51:00+00:00,165.58,165.58,165.56,165.58,67.98,35
2026-06-13 22:52:00+00:00,165.57,165.58,165.57,165.57,59.83,24
2026-06-13 22:53:00+00:00,165.58,165.58,165.56,165.57,11.91,14
2026-06-13 22:54:00+00:00,165.57,165.58,165.55,165.58,2.68,6
2026-06-13 22:55:00+00:00,165.58,165.58,165.5,165.5,58.4,35
2026-06-13 22:56:00+00:00,165.5,165.51,165.45,165.45,8.25,17
2026-06-13 22:57:00+00:00,165.48,165.48,165.43,165.43,5.09,10
2026-06-13 22:58:00+00:00,165.46,165.52,165.42,165.43,43.46,16
2026-06-13 22:59:00+00:00,165.46,165.48,165.43,165.48,6.07,7
2026-06-13 23:00:00+00:00,165.47,165.49,165.46,165.49,3.51,9
2026-06-13 23:01:00+00:00,165.46,165.46,165.33,165.33,8.14,13
2026-06-13 23:02:00+00:00,165.32,165.37,165.32,165.35,7.5,11
2026-06-13 23:03:00+00:00,165.36,165.39,165.34,165.39,65.52,14
2026-06-13 23:04:00+00:00,165.37,165.37,165.34,165.35,0.28,3
2026-06-13 23:05:00+00:00,165.31,165.35,165.3,165.33,9.08,7
2026-06-13 23:06:00+00:00,165.31,165.31,165.3,165.31,0.97,4
2026-06-13 23:07:00+00:00,165.31,165.31,165.3,165.31,0.76,4
2026-06-13 23:08:00+00:00,165.31,165.31,165.26,165.26,12.81,12
2026-06-13 23:09:00+00:00,165.29,165.29,165.2,165.2,20.99,19
2026-06-13 23:10:00+00:00,165.19,165.19,165.01,165.04,4.81,7
2026-06-13 23:11:00+00:00,165.04,165.04,165.02,165.02,3.69,9
2026-06-13 23:12:00+00:00,165.03,165.2,165.03,165.1,17.17,14
2026-06-13 23:13:00+00:00,165.11,165.13,165.11,165.13,1.03,3
2026-06-13 23:14:00+00:00,165.13,165.13,165.13,165.13,0.16,2
2026-06-13 23:15:00+00:00,165.13,165.13,165.12,165.13,1.16,6
2026-06-13 23:16:00+00:00,165.15,165.28,165.15,165.27,31.05,16
2026-06-13 23:17:00+00:00,165.28,165.29,165.28,165.29,6.49,6
2026-06-13 23:18:00+00:00,165.27,165.3,165.27,165.3,17.72,13
2026-06-13 23:19:00+00:00,165.3,165.31,165.26,165.26,45.49,19
2026-06-13 23:20:00+00:00,165.26,165.29,165.12,165.13,103.8,32
2026-06-13 23:21:00+00:00,165.13,165.13,165.12,165.13,26.43,12
2026-06-13 23:22:00+00:00,165.13,165.13,165.12,165.12,42.64,16
2026-06-13 23:23:00+00:00,165.12,165.12,165.02,165.06,154.87,13
2026-06-13 23:24:00+00:00,165.05,165.12,165.03,165.03,15.8,15
2026-06-13 23:25:00+00:00,165.04,165.08,165.01,165.04,3.83,10
2026-06-13 23:26:00+00:00,165.07,165.08,165.05,165.05,0.26,3
2026-06-13 23:27:00+00:00,165.05,165.07,165.01,165.01,0.23,4
2026-06-13 23:28:00+00:00,165.01,165.01,165.0,165.0,29.6,13
2026-06-13 23:29:00+00:00,165.01,165.01,165.0,165.01,3.24,4
2026-06-13 23:30:00+00:00,165.0,165.05,165.0,165.05,111.44,27
2026-06-13 23:31:00+00:00,165.07,165.13,165.07,165.12,45.95,8
2026-06-13 23:32:00+00:00,165.06,165.07,165.06,165.07,0.16,2
2026-06-13 23:33:00+00:00,165.05,165.06,165.01,165.01,3.84,9
2026-06-13 23:34:00+00:00,165.01,165.01,165.0,165.0,27.51,5
2026-06-13 23:35:00+00:00,165.01,165.11,165.01,165.08,4.56,9
2026-06-13 23:36:00+00:00,165.11,165.11,165.1,165.11,0.17,3
2026-06-13 23:37:00+00:00,165.11,165.22,165.11,165.19,13.6,15
2026-06-13 23:38:00+00:00,165.2,165.24,165.18,165.24,3.45,8
2026-06-13 23:39:00+00:00,165.25,165.4,165.25,165.4,9.22,11
2026-06-13 23:40:00+00:00,165.4,165.4,165.38,165.38,24.27,6
2026-06-13 23:41:00+00:00,165.28,165.3,165.21,165.3,3.41,8
2026-06-13 23:42:00+00:00,165.29,165.35,165.28,165.34,8.15,14
2026-06-13 23:43:00+00:00,165.34,165.34,165.28,165.29,85.24,13
2026-06-13 23:44:00+00:00,165.3,165.3,165.27,165.27,87.53,15
2026-06-13 23:45:00+00:00,165.21,165.28,165.0,165.05,2380.18,103
2026-06-13 23:46:00+00:00,165.07,165.07,165.06,165.06,2.5,4
2026-06-13 23:47:00+00:00,165.04,165.04,164.98,165.0,25.48,10
2026-06-13 23:48:00+00:00,164.99,164.99,164.79,164.79,40.86,34
2026-06-13 23:49:00+00:00,164.8,164.86,164.78,164.86,3.92,13
2026-06-13 23:50:00+00:00,164.84,164.88,164.82,164.84,6.57,10
2026-06-13 23:51:00+00:00,164.86,164.86,164.85,164.85,8.23,4
2026-06-13 23:52:00+00:00,164.8,164.81,164.78,164.79,7.62,8
2026-06-13 23:53:00+00:00,164.79,164.9,164.77,164.9,833.07,53
2026-06-13 23:54:00+00:00,164.92,165.06,164.92,165.03,817.78,55
2026-06-13 23:55:00+00:00,165.06,165.18,164.99,165.18,18.88,21
2026-06-13 23:56:00+00:00,165.15,165.15,165.13,165.13,0.48,5
2026-06-13 23:57:00+00:00,165.22,165.22,165.13,165.13,245.5,25
2026-06-13 23:58:00+00:00,165.13,165.13,165.03,165.04,1.06,8
2026-06-13 23:59:00+00:00,165.04,165.04,164.91,164.91,1205.35,37
2026-06-14 00:00:00+00:00,165.03,165.13,164.97,165.07,1.62,7
2026-06-14 00:01:00+00:00,165.08,165.08,164.87,164.87,0.48,5
2026-06-14 00:02:00+00:00,164.9,164.96,164.8,164.96,2.63,9
2026-06-14 00:03:00+00:00,164.82,164.82,164.73,164.77,5.94,10
2026-06-14 00:04:00+00:00,164.78,164.88,164.78,164.86,22.72,13
2026-06-14 00:05:00+00:00,164.8,164.9,164.73,164.9,55.48,21
2026-06-14 00:06:00+00:00,164.89,164.89,164.82,164.86,3.79,6
2026-06-14 00:07:00+00:00,164.9,164.95,164.9,164.91,0.76,5
2026-06-14 00:08:00+00:00,164.82,164.82,164.81,164.81,20.34,7
2026-06-14 00:09:00+00:00,164.82,164.87,164.81,164.85,4.31,10
2026-06-14 00:10:00+00:00,164.85,164.87,164.81,164.85,170.86,15
2026-06-14 00:11:00+00:00,164.82,164.82,164.81,164.81,2.21,7
2026-06-14 00:12:00+00:00,164.82,164.85,164.82,164.85,28.28,6
2026-06-14 00:13:00+00:00,164.86,164.94,164.86,164.94,1.84,5
2026-06-14 00:14:00+00:00,164.93,165.01,164.92,165.0,252.72,28
2026-06-14 00:15:00+00:00,165.0,165.0,164.82,164.96,4.46,10
2026-06-14 00:16:00+00:00,164.96,164.96,164.91,164.91,0.83,6
2026-06-14 00:17:00+00:00,164.92,164.96,164.82,164.85,67.83,17
2026-06-14 00:18:00+00:00,164.82,164.82,164.73,164.76,45.01,18
2026-06-14 00:19:00+00:00,164.71,164.76,164.69,164.72,187.1,14
2026-06-14 00:20:00+00:00,164.73,164.8,164.72,164.8,74.71,18
2026-06-14 00:21:00+00:00,164.81,164.87,164.81,164.82,37.02,12
2026-06-14 00:22:00+00:00,164.83,164.89,164.8,164.8,4.6,8
2026-06-14 00:23:00+00:00,164.73,164.81,164.72,164.81,69.23,19
2026-06-14 00:24:00+00:00,164.85,164.89,164.81,164.81,15.72,5
2026-06-14 00:25:00+00:00,164.81,164.86,164.81,164.83,7.01,7
2026-06-14 00:26:00+00:00,164.86,164.92,164.86,164.92,0.63,3
2026-06-14 00:27:00+00:00,164.92,164.93,164.9,164.93,4.64,10
2026-06-14 00:28:00+00:00,164.95,164.96,164.91,164.96,5.22,7
2026-06-14 00:29:00+00:00,164.9,165.0,164.9,165.0,18.44,13
2026-06-14 00:30:00+00:00,164.97,164.97,164.95,164.97,2.41,6
2026-06-14 00:31:00+00:00,164.97,165.0,164.97,165.0,15.55,5
2026-06-14 00:32:00+00:00,165.0,165.08,165.0,165.07,52.53,31
2026-06-14 00:33:00+00:00,165.07,165.08,165.07,165.08,0.17,2
2026-06-14 00:34:00+00:00,165.1,165.27,165.1,165.27,10.58,13
2026-06-14 00:35:00+00:00,165.22,165.33,165.2,165.27,171.24,22
2026-06-14 00:36:00+00:00,165.31,165.31,165.24,165.27,2.18,7
2026-06-14 00:37:00+00:00,165.34,165.43,165.29,165.35,161.14,28
2026-06-14 00:38:00+00:00,165.33,165.35,165.33,165.35,1.42,4
2026-06-14 00:39:00+00:00,165.35,165.41,165.33,165.33,2.16,5
2026-06-14 00:40:00+00:00,165.36,165.36,165.32,165.34,8.41,11
2026-06-14 00:41:00+00:00,165.35,165.35,165.31,165.31,3.27,7
2026-06-14 00:42:00+00:00,165.33,165.34,165.33,165.34,8.5,7
2026-06-14 00:43:00+00:00,165.3,165.39,165.3,165.39,341.79,25
2026-06-14 00:44:00+00:00,165.38,165.42,165.36,165.42,20.79,10
2026-06-14 00:45:00+00:00,165.38,165.41,165.38,165.41,3.11,5
2026-06-14 00:46:00+00:00,165.4,165.43,165.39,165.4,8.95,7
2026-06-14 00:47:00+00:00,165.38,165.42,165.29,165.29,25.78,20
2026-06-14 00:48:00+00:00,165.2,165.22,165.2,165.22,343.7,34
2026-06-14 00:49:00+00:00,165.22,165.23,165.22,165.23,3.3,6
2026-06-14 00:50:00+00:00,165.27,165.27,165.24,165.24,2.78,3
2026-06-14 00:51:00+00:00,165.25,165.25,165.13,165.13,279.89,23
2026-06-14 00:52:00+00:00,165.12,165.12,165.12,165.12,0.08,1
2026-06-14 00:53:00+00:00,165.11,165.2,165.11,165.15,7.58,10
2026-06-14 00:54:00+00:00,165.11,165.13,165.11,165.13,13.75,5
2026-06-14 00:55:00+00:00,165.13,165.16,165.11,165.16,2.92,5
2026-06-14 00:56:00+00:00,165.21,165.3,165.21,165.29,90.43,17
2026-06-14 00:57:00+00:00,165.29,165.29,165.29,165.29,176.88,8
2026-06-14 00:58:00+00:00,165.29,165.38,165.29,165.38,25.34,14
2026-06-14 00:59:00+00:00,165.39,165.46,165.35,165.36,283.54,42
2026-06-14 01:00:00+00:00,165.36,165.39,165.36,165.36,68.75,15
2026-06-14 01:01:00+00:00,165.32,165.36,165.29,165.29,75.93,15
2026-06-14 01:02:00+00:00,165.29,165.29,165.22,165.22,28.27,15
2026-06-14 01:03:00+00:00,165.23,165.23,165.15,165.17,42.24,11
2026-06-14 01:04:00+00:00,165.16,165.24,165.16,165.18,113.47,22
2026-06-14 01:05:00+00:00,165.24,165.29,165.24,165.29,31.38,11
2026-06-14 01:06:00+00:00,165.28,165.29,165.28,165.29,0.69,2
2026-06-14 01:07:00+00:00,165.29,165.4,165.29,165.4,45.26,11
2026-06-14 01:08:00+00:00,165.43,165.49,165.43,165.49,9.82,12
2026-06-14 01:09:00+00:00,165.49,165.51,165.48,165.48,11.71,13
2026-06-14 01:10:00+00:00,165.42,165.43,165.41,165.43,10.41,5
2026-06-14 01:11:00+00:00,165.38,165.44,165.38,165.44,1.81,6
2026-06-14 01:12:00+00:00,165.45,165.47,165.44,165.47,5.41,9
2026-06-14 01:13:00+00:00,165.44,165.47,165.38,165.38,22.67,18
2026-06-14 01:14:00+00:00,165.39,165.46,165.27,165.27,101.84,34
2026-06-14 01:15:00+00:00,165.31,165.39,165.31,165.39,2.28,4
2026-06-14 01:16:00+00:00,165.42,165.51,165.42,165.5,13.97,19
2026-06-14 01:17:00+00:00,165.49,165.49,165.47,165.48,13.22,4
2026-06-14 01:18:00+00:00,165.46,165.46,165.44,165.44,1.59,5
2026-06-14 01:19:00+00:00,165.42,165.46,165.42,165.44,8.42,10
2026-06-14 01:20:00+00:00,165.44,165.51,165.44,165.5,16.64,10
2026-06-14 01:21:00+00:00,165.51,165.63,165.45,165.55,1262.82,130
2026-06-14 01:22:00+00:00,165.62,165.62,165.59,165.59,68.88,6
2026-06-14 01:23:00+00:00,165.62,165.67,165.58,165.67,60.49,15
2026-06-14 01:24:00+00:00,165.68,165.71,165.67,165.67,66.44,20
2026-06-14 01:25:00+00:00,165.69,165.71,165.53,165.53,6.72,11
2026-06-14 01:26:00+00:00,165.54,165.59,165.54,165.59,7.77,14
2026-06-14 01:27:00+00:00,165.59,165.59,165.54,165.59,60.07,19
2026-06-14 01:28:00+00:00,165.56,165.58,165.51,165.58,70.47,31
2026-06-14 01:29:00+00:00,165.52,165.55,165.51,165.54,71.9,12
2026-06-14 01:30:00+00:00,165.54,165.58,165.52,165.55,2.3,7
2026-06-14 01:31:00+00:00,165.52,165.55,165.5,165.55,185.11,13
2026-06-14 01:32:00+00:00,165.55,165.61,165.5,165.5,52.29,21
2026-06-14 01:33:00+00:00,165.51,165.57,165.5,165.57,6.02,10
2026-06-14 01:34:00+00:00,165.57,165.6,165.55,165.59,3.07,10
2026-06-14 01:35:00+00:00,165.6,165.71,165.6,165.71,74.81,21
2026-06-14 01:36:00+00:00,165.7,165.71,165.66,165.66,152.19,15
2026-06-14 01:37:00+00:00,165.65,165.68,165.63,165.68,43.56,9
2026-06-14 01:38:00+00:00,165.63,165.65,165.58,165.64,29.54,15
2026-06-14 01:39:00+00:00,165.64,165.65,165.61,165.61,37.13,13
2026-06-14 01:40:00+00:00,165.64,165.64,165.55,165.55,28.39,8
2026-06-14 01:41:00+00:00,165.55,165.55,165.5,165.5,122.04,8
2026-06-14 01:42:00+00:00,165.5,165.52,165.5,165.51,210.66,14
2026-06-14 01:43:00+00:00,165.5,165.5,165.35,165.4,298.3,31
2026-06-14 01:44:00+00:00,165.37,165.45,165.36,165.43,12.08,11
2026-06-14 01:45:00+00:00,165.45,165.45,165.35,165.35,46.69,19
2026-06-14 01:46:00+00:00,165.35,165.35,165.34,165.34,0.63,5
2026-06-14 01:47:00+00:00,165.33,165.35,165.29,165.3,15.94,18
2026-06-14 01:48:00+00:00,165.3,165.46,165.3,165.46,8.12,14
2026-06-14 01:49:00+00:00,165.46,165.5,165.43,165.43,41.25,17
2026-06-14 01:50:00+00:00,165.43,165.47,165.43,165.47,5.11,10
2026-06-14 01:51:00+00:00,165.47,165.5,165.47,165.5,9.5,15
2026-06-14 01:52:00+00:00,165.49,165.64,165.49,165.64,154.4,24
2026-06-14 01:53:00+00:00,165.65,165.66,165.55,165.61,75.14,20
2026-06-14 01:54:00+00:00,165.57,165.75,165.57,165.75,638.24,80
2026-06-14 01:55:00+00:00,165.72,165.73,165.7,165.73,46.81,9
2026-06-14 01:56:00+00:00,165.7,165.75,165.68,165.7,73.5,24
2026-06-14 01:57:00+00:00,165.68,165.68,165.57,165.58,69.53,21
2026-06-14 01:58:00+00:00,165.57,165.6,165.57,165.6,14.79,7
2026-06-14 01:59:00+00:00,165.59,165.69,165.59,165.69,536.38,30
2026-06-14 02:00:00+00:00,165.68,165.69,165.6,165.63,44.42,12
2026-06-14 02:01:00+00:00,165.62,165.65,165.6,165.65,10.07,5
2026-06-14 02:02:00+00:00,165.6,165.6,165.5,165.5,62.5,30
2026-06-14 02:03:00+00:00,165.49,165.49,165.46,165.47,15.81,10
2026-06-14 02:04:00+00:00,165.45,165.47,165.45,165.46,1.1,6
2026-06-14 02:05:00+00:00,165.47,165.52,165.47,165.48,35.64,15
2026-06-14 02:06:00+00:00,165.48,165.56,165.48,165.48,15.94,10
2026-06-14 02:07:00+00:00,165.48,165.53,165.47,165.51,11.37,10
2026-06-14 02:08:00+00:00,165.5,165.54,165.49,165.54,5.5,8
2026-06-14 02:09:00+00:00,165.56,165.57,165.5,165.56,38.85,19
2026-06-14 02:10:00+00:00,165.52,165.54,165.47,165.47,66.88,18
2026-06-14 02:11:00+00:00,165.46,165.46,165.39,165.4,18.52,10
2026-06-14 02:12:00+00:00,165.39,165.47,165.38,165.47,19.59,14
2026-06-14 02:13:00+00:00,165.44,165.45,165.41,165.45,20.32,13
2026-06-14 02:14:00+00:00,165.45,165.62,165.45,165.62,5.44,9
2026-06-14 02:15:00+00:00,165.63,165.65,165.57,165.61,33.63,12
2026-06-14 02:16:00+00:00,165.61,165.64,165.57,165.57,101.06,12
2026-06-14 02:17:00+00:00,165.6,165.65,165.48,165.5,3.13,10
2026-06-14 02:18:00+00:00,165.46,165.48,165.43,165.47,6.37,12
2026-06-14 02:19:00+00:00,165.49,165.54,165.49,165.54,0.51,5
2026-06-14 02:20:00+00:00,165.51,165.56,165.51,165.56,10.79,12
2026-06-14 02:21:00+00:00,165.54,165.55,165.45,165.45,20.67,11
2026-06-14 02:22:00+00:00,165.45,165.45,165.44,165.44,1.25,5
2026-06-14 02:23:00+00:00,165.44,165.52,165.44,165.52,5.71,9
2026-06-14 02:24:00+00:00,165.51,165.57,165.51,165.57,8.12,12
2026-06-14 02:25:00+00:00,165.53,165.54,165.52,165.54,0.58,6
2026-06-14 02:26:00+00:00,165.53,165.65,165.53,165.59,41.96,15
2026-06-14 02:27:00+00:00,165.62,165.65,165.62,165.65,1.6,7
2026-06-14 02:28:00+00:00,165.64,165.64,165.6,165.62,32.52,14
2026-06-14 02:29:00+00:00,165.6,165.63,165.55,165.55,11.65,6
2026-06-14 02:30:00+00:00,165.55,165.58,165.53,165.58,2.72,9
2026-06-14 02:31:00+00:00,165.57,165.58,165.5,165.5,50.67,11
2026-06-14 02:32:00+00:00,165.5,165.52,165.49,165.52,1.86,8
2026-06-14 02:33:00+00:00,165.51,165.56,165.51,165.56,0.46,5
2026-06-14 02:34:00+00:00,165.55,165.59,165.52,165.56,39.76,15
2026-06-14 02:35:00+00:00,165.53,165.63,165.52,165.63,108.85,19
2026-06-14 02:36:00+00:00,165.62,165.65,165.6,165.65,17.95,12
2026-06-14 02:37:00+00:00,165.61,165.61,165.58,165.59,14.04,7
2026-06-14 02:38:00+00:00,165.59,165.61,165.59,165.61,5.28,7
2026-06-14 02:39:00+00:00,165.62,165.66,165.61,165.65,24.7,8
2026-06-14 02:40:00+00:00,165.66,165.67,165.58,165.62,42.67,10
2026-06-14 02:41:00+00:00,165.58,165.63,165.58,165.61,11.18,16
2026-06-14 02:42:00+00:00,165.59,165.6,165.55,165.59,27.71,18
2026-06-14 02:43:00+00:00,165.57,165.61,165.55,165.61,30.99,16
2026-06-14 02:44:00+00:00,165.61,165.61,165.61,165.61,0.4,3
2026-06-14 02:45:00+00:00,165.61,165.68,165.55,165.58,90.12,19
2026-06-14 02:46:00+00:00,165.59,165.62,165.59,165.62,11.15,13
2026-06-14 02:47:00+00:00,165.66,165.81,165.66,165.79,104.18,38
2026-06-14 02:48:00+00:00,165.81,165.81,165.79,165.79,5.56,7
2026-06-14 02:49:00+00:00,165.78,165.8,165.75,165.8,1.68,7
2026-06-14 02:50:00+00:00,165.8,165.8,165.68,165.73,46.19,17
2026-06-14 02:51:00+00:00,165.73,165.77,165.73,165.76,28.78,6
2026-06-14 02:52:00+00:00,165.74,165.76,165.73,165.74,2.8,8
2026-06-14 02:53:00+00:00,165.69,165.69,165.67,165.68,1.59,7
2026-06-14 02:54:00+00:00,165.68,165.72,165.68,165.69,3.75,12
2026-06-14 02:55:00+00:00,165.69,165.69,165.64,165.68,52.01,14
2026-06-14 02:56:00+00:00,165.67,165.67,165.63,165.64,1.4,5
2026-06-14 02:57:00+00:00,165.6,165.63,165.54,165.54,7.16,10
2026-06-14 02:58:00+00:00,165.57,165.57,165.57,165.57,0.47,3
2026-06-14 02:59:00+00:00,165.57,165.68,165.57,165.63,5.37,13
2026-06-14 03:00:00+00:00,165.67,165.67,165.6,165.62,102.6,18
2026-06-14 03:01:00+00:00,165.62,165.69,165.59,165.61,11.97,15
2026-06-14 03:02:00+00:00,165.59,165.62,165.57,165.62,1.59,6
2026-06-14 03:03:00+00:00,165.62,165.68,165.62,165.68,4.57,7
2026-06-14 03:04:00+00:00,165.63,165.63,165.62,165.62,2.72,4
2026-06-14 03:05:00+00:00,165.63,165.63,165.56,165.56,9.19,10
2026-06-14 03:06:00+00:00,165.56,165.56,165.54,165.54,0.42,3
2026-06-14 03:07:00+00:00,165.52,165.52,165.52,165.52,0.79,5
2026-06-14 03:08:00+00:00,165.52,165.55,165.51,165.54,19.25,15
2026-06-14 03:09:00+00:00,165.51,165.51,165.24,165.35,2812.02,146
2026-06-14 03:10:00+00:00,165.36,165.38,165.36,165.37,25.56,12
2026-06-14 03:11:00+00:00,165.37,165.37,165.34,165.35,48.25,5
2026-06-14 03:12:00+00:00,165.35,165.37,165.33,165.36,32.11,10
2026-06-14 03:13:00+00:00,165.35,165.36,165.33,165.36,28.32,15
2026-06-14 03:14:00+00:00,165.36,165.36,165.34,165.34,1.96,6
2026-06-14 03:15:00+00:00,165.34,165.39,165.34,165.39,72.22,14
2026-06-14 03:16:00+00:00,165.38,165.4,165.37,165.4,42.4,16
2026-06-14 03:17:00+00:00,165.4,165.4,165.39,165.4,0.51,3
2026-06-14 03:18:00+00:00,165.39,165.41,165.39,165.41,37.72,9
2026-06-14 03:19:00+00:00,165.41,165.41,165.39,165.4,0.95,5
2026-06-14 03:20:00+00:00,165.39,165.45,165.34,165.45,38.8,21
2026-06-14 03:21:00+00:00,165.44,165.45,165.44,165.45,24.46,11
2026-06-14 03:22:00+00:00,165.45,165.55,165.45,165.46,25.46,22
2026-06-14 03:23:00+00:00,165.46,165.47,165.45,165.47,3.75,14
2026-06-14 03:24:00+00:00,165.54,165.55,165.49,165.53,20.19,14
2026-06-14 03:25:00+00:00,165.52,165.53,165.52,165.53,2.53,9
2026-06-14 03:26:00+00:00,165.53,165.53,165.5,165.51,4.33,10
2026-06-14 03:27:00+00:00,165.47,165.48,165.47,165.48,0.76,3
2026-06-14 03:28:00+00:00,165.48,165.52,165.48,165.52,10.71,4
2026-06-14 03:29:00+00:00,165.5,165.51,165.5,165.51,0.56,4
2026-06-14 03:30:00+00:00,165.51,165.51,165.5,165.51,12.54,4
2026-06-14 03:31:00+00:00,165.51,165.51,165.45,165.45,4.36,7
2026-06-14 03:32:00+00:00,165.44,165.46,165.44,165.44,5.01,10
2026-06-14 03:33:00+00:00,165.44,165.45,165.39,165.39,5.47,12
2026-06-14 03:34:00+00:00,165.39,165.39,165.38,165.39,6.27,12
2026-06-14 03:35:00+00:00,165.38,165.38,165.34,165.37,34.76,26
2026-06-14 03:36:00+00:00,165.36,165.37,165.36,165.37,7.43,8
2026-06-14 03:37:00+00:00,165.37,165.39,165.36,165.39,26.18,23
2026-06-14 03:38:00+00:00,165.39,165.39,165.34,165.36,42.67,14
2026-06-14 03:39:00+00:00,165.36,165.43,165.36,165.39,18.35,19
2026-06-14 03:40:00+00:00,165.39,165.41,165.36,165.41,42.76,17
2026-06-14 03:41:00+00:00,165.35,165.35,165.34,165.35,7.93,8
2026-06-14 03:42:00+00:00,165.34,165.34,165.23,165.24,137.54,29
2026-06-14 03:43:00+00:00,165.24,165.27,165.22,165.26,24.74,28
2026-06-14 03:44:00+00:00,165.25,165.27,165.25,165.27,19.32,15
2026-06-14 03:45:00+00:00,165.27,165.27,165.21,165.24,9.37,14
2026-06-14 03:46:00+00:00,165.22,165.3,165.22,165.3,66.08,15
2026-06-14 03:47:00+00:00,165.3,165.34,165.3,165.34,19.46,8
2026-06-14 03:48:00+00:00,165.34,165.38,165.34,165.36,40.97,13
2026-06-14 03:49:00+00:00,165.37,165.41,165.37,165.38,17.68,10
2026-06-14 03:50:00+00:00,165.38,165.38,165.35,165.35,17.08,10
2026-06-14 03:51:00+00:00,165.36,165.36,165.35,165.35,0.95,7
2026-06-14 03:52:00+00:00,165.35,165.36,165.35,165.36,0.69,6
2026-06-14 03:53:00+00:00,165.35,165.35,165.3,165.33,34.78,15
2026-06-14 03:54:00+00:00,165.33,165.33,165.31,165.31,1.66,8
2026-06-14 03:55:00+00:00,165.32,165.32,165.31,165.32,34.99,9
2026-06-14 03:56:00+00:00,165.32,165.32,165.22,165.22,24.1,16
2026-06-14 03:57:00+00:00,165.24,165.25,165.22,165.22,78.75,10
2026-06-14 03:58:00+00:00,165.22,165.22,165.21,165.22,0.8,3
2026-06-14 03:59:00+00:00,165.22,165.23,165.22,165.23,1.26,5
2026-06-14 04:00:00+00:00,165.23,165.27,165.23,165.27,13.48,7
2026-06-14 04:01:00+00:00,165.25,165.27,165.25,165.25,0.57,5
2026-06-14 04:02:00+00:00,165.24,165.24,165.23,165.23,1.52,4
2026-06-14 04:03:00+00:00,165.22,165.23,165.22,165.23,5.99,8
2026-06-14 04:04:00+00:00,165.25,165.27,165.22,165.23,46.86,12
2026-06-14 04:05:00+00:00,165.22,165.22,165.22,165.22,8.29,4
2026-06-14 04:06:00+00:00,165.23,165.28,165.22,165.28,82.02,16
2026-06-14 04:07:00+00:00,165.27,165.27,165.24,165.24,10.44,10
2026-06-14 04:08:00+00:00,165.27,165.27,165.22,165.23,16.24,13
2026-06-14 04:09:00+00:00,165.23,165.23,165.22,165.23,22.68,12
2026-06-14 04:10:00+00:00,165.23,165.23,165.23,165.23,6.5,2
2026-06-14 04:11:00+00:00,165.23,165.23,165.23,165.23,0.18,1
2026-06-14 04:12:00+00:00,165.22,165.27,165.22,165.27,17.94,9
2026-06-14 04:13:00+00:00,165.26,165.26,165.24,165.24,21.62,5
2026-06-14 04:14:00+00:00,165.24,165.31,165.24,165.31,14.13,8
2026-06-14 04:15:00+00:00,165.3,165.3,165.25,165.26,6.95,4
2026-06-14 04:16:00+00:00,165.26,165.27,165.25,165.27,2.41,7
2026-06-14 04:17:00+00:00,165.24,165.32,165.24,165.27,19.4,11
2026-06-14 04:18:00+00:00,165.26,165.26,165.17,165.17,903.07,37
2026-06-14 04:19:00+00:00,165.23,165.27,165.22,165.26,16.76,15
2026-06-14 04:20:00+00:00,165.23,165.23,165.22,165.23,2.45,4
2026-06-14 04:21:00+00:00,165.23,165.23,165.17,165.17,155.17,18
2026-06-14 04:22:00+00:00,165.2,165.23,165.2,165.23,15.56,13
2026-06-14 04:23:00+00:00,165.23,165.23,165.21,165.23,15.81,6
2026-06-14 04:24:00+00:00,165.23,165.23,165.2,165.23,12.43,8
2026-06-14 04:25:00+00:00,165.23,165.23,165.2,165.23,7.88,7
2026-06-14 04:26:00+00:00,165.23,165.27,165.23,165.27,24.87,6
2026-06-14 04:27:00+00:00,165.27,165.27,165.23,165.24,5.44,7
2026-06-14 04:28:00+00:00,165.24,165.25,165.21,165.23,45.75,23
2026-06-14 04:29:00+00:00,165.25,165.25,165.23,165.25,23.64,5
2026-06-14 04:30:00+00:00,165.24,165.25,165.24,165.25,27.82,10
2026-06-14 04:31:00+00:00,165.25,165.25,165.25,165.25,0.62,1
2026-06-14 04:32:00+00:00,165.25,165.25,165.22,165.23,6.67,9
2026-06-14 04:33:00+00:00,165.22,165.23,165.16,165.16,4.17,12
2026-06-14 04:34:00+00:00,165.14,165.2,165.14,165.2,55.87,12
2026-06-14 04:35:00+00:00,165.19,165.19,165.19,165.19,0.12,1
2026-06-14 04:36:00+00:00,165.2,165.22,165.2,165.22,6.33,8
2026-06-14 04:37:00+00:00,165.22,165.25,165.22,165.25,4.21,4
2026-06-14 04:38:00+00:00,165.25,165.25,165.25,165.25,11.79,1
2026-06-14 04:39:00+00:00,165.25,165.25,165.25,165.25,0.0,0
2026-06-14 04:40:00+00:00,165.18,165.22,165.18,165.21,51.23,14
2026-06-14 04:41:00+00:00,165.22,165.22,165.21,165.21,10.56,5
2026-06-14 04:42:00+00:00,165.22,165.25,165.22,165.24,16.61,6
2026-06-14 04:43:00+00:00,165.21,165.22,165.21,165.22,1.58,3
2026-06-14 04:44:00+00:00,165.2,165.2,165.15,165.17,34.07,11
2026-06-14 04:45:00+00:00,165.17,165.17,165.15,165.15,2.56,4
2026-06-14 04:46:00+00:00,165.15,165.15,165.08,165.08,47.68,10
2026-06-14 04:47:00+00:00,165.08,165.09,164.99,165.01,237.08,50
2026-06-14 04:48:00+00:00,164.99,165.06,164.97,165.03,71.77,24
2026-06-14 04:49:00+00:00,165.03,165.11,165.03,165.11,16.95,8
2026-06-14 04:50:00+00:00,165.09,165.11,165.06,165.06,17.46,6
2026-06-14 04:51:00+00:00,165.05,165.08,165.04,165.07,4.84,6
2026-06-14 04:52:00+00:00,165.03,165.12,165.03,165.12,12.23,6
2026-06-14 04:53:00+00:00,165.07,165.07,165.06,165.07,16.98,9
2026-06-14 04:54:00+00:00,165.07,165.14,165.07,165.09,57.6,20
2026-06-14 04:55:00+00:00,165.09,165.09,165.04,165.04,28.78,10
2026-06-14 04:56:00+00:00,165.09,165.16,165.09,165.16,12.0,7
2026-06-14 04:57:00+00:00,165.13,165.21,165.13,165.21,4.26,8
2026-06-14 04:58:00+00:00,165.21,165.21,165.21,165.21,0.0,0
2026-06-14 04:59:00+00:00,165.17,165.19,165.14,165.17,32.84,15
2026-06-14 05:00:00+00:00,165.12,165.19,165.12,165.19,31.82,8
2026-06-14 05:01:00+00:00,165.2,165.25,165.2,165.22,12.48,9
2026-06-14 05:02:00+00:00,165.14,165.21,165.14,165.21,20.73,9
2026-06-14 05:03:00+00:00,165.19,165.19,165.19,165.19,0.66,1
2026-06-14 05:04:00+00:00,165.2,165.25,165.2,165.23,12.35,6
2026-06-14 05:05:00+00:00,165.2,165.2,165.18,165.18,0.4,4
2026-06-14 05:06:00+00:00,165.17,165.17,165.11,165.11,6.72,7
2026-06-14 05:07:00+00:00,165.09,165.11,165.06,165.07,67.82,12
2026-06-14 05:08:00+00:00,165.09,165.18,165.09,165.16,6.38,10
2026-06-14 05:09:00+00:00,165.17,165.19,165.17,165.18,3.24,9
2026-06-14 05:10:00+00:00,165.21,165.76,165.15,165.44,8046.21,231
2026-06-14 05:11:00+00:00,165.45,166.96,165.45,166.18,16452.34,612
2026-06-14 05:12:00+00:00,166.22,166.27,166.2,166.22,66.76,19
2026-06-14 05:13:00+00:00,166.26,166.41,166.2,166.41,821.47,108
2026-06-14 05:14:00+00:00,166.4,166.49,166.35,166.46,919.49,108
2026-06-14 05:15:00+00:00,166.46,166.55,166.46,166.52,287.77,59
2026-06-14 05:16:00+00:00,166.52,166.71,166.48,166.71,800.77,146
2026-06-14 05:17:00+00:00,166.71,166.78,166.53,166.58,676.37,137
2026-06-14 05:18:00+00:00,166.57,166.66,166.57,166.62,379.5,87
2026-06-14 05:19:00+00:00,166.61,166.63,166.52,166.54,982.44,115
2026-06-14 05:20:00+00:00,166.55,166.55,166.36,166.36,599.29,82
2026-06-14 05:21:00+00:00,166.36,166.39,166.14,166.32,561.38,73
2026-06-14 05:22:00+00:00,166.32,166.34,166.22,166.22,251.25,51
2026-06-14 05:23:00+00:00,166.21,166.21,166.14,166.14,466.32,63
2026-06-14 05:24:00+00:00,166.14,166.26,166.12,166.19,69.88,25
2026-06-14 05:25:00+00:00,166.18,166.18,166.09,166.09,472.84,29
2026-06-14 05:26:00+00:00,166.09,166.11,166.04,166.09,113.24,38
2026-06-14 05:27:00+00:00,166.09,166.09,166.0,166.0,70.58,35
2026-06-14 05:28:00+00:00,166.0,166.01,165.93,165.98,468.48,44
2026-06-14 05:29:00+00:00,165.99,166.03,165.95,165.96,15.36,16
2026-06-14 05:30:00+00:00,165.95,166.3,165.94,166.29,262.07,67
2026-06-14 05:31:00+00:00,166.28,166.28,166.12,166.24,263.42,53
2026-06-14 05:32:00+00:00,166.22,166.22,166.16,166.18,41.73,9
2026-06-14 05:33:00+00:00,166.17,166.17,166.16,166.17,27.7,9
2026-06-14 05:34:00+00:00,166.17,166.24,166.17,166.18,14.31,11
2026-06-14 05:35:00+00:00,166.28,166.28,166.28,166.28,50.28,3
2026-06-14 05:36:00+00:00,166.27,166.35,166.25,166.25,30.42,11
2026-06-14 05:37:00+00:00,166.25,166.25,166.14,166.19,10.7,9
2026-06-14 05:38:00+00:00,166.21,166.21,166.1,166.1,22.28,9
2026-06-14 05:39:00+00:00,166.11,166.15,166.11,166.15,0.72,4
2026-06-14 05:40:00+00:00,166.07,166.07,166.03,166.03,0.8,4
2026-06-14 05:41:00+00:00,166.03,166.03,166.02,166.02,5.05,6
2026-06-14 05:42:00+00:00,166.0,166.07,166.0,166.07,7.51,7
2026-06-14 05:43:00+00:00,166.07,166.11,166.07,166.11,17.68,7
2026-06-14 05:44:00+00:00,166.11,166.11,166.01,166.03,35.53,24
2026-06-14 05:45:00+00:00,166.02,166.06,166.0,166.06,2.14,5
2026-06-14 05:46:00+00:00,166.02,166.02,165.96,165.98,16.9,13
2026-06-14 05:47:00+00:00,165.98,165.98,165.98,165.98,0.0,0
2026-06-14 05:48:00+00:00,165.98,166.07,165.98,166.05,11.45,15
2026-06-14 05:49:00+00:00,166.05,166.09,165.96,166.01,96.07,25
2026-06-14 05:50:00+00:00,166.0,166.03,165.97,165.99,7.56,7
2026-06-14 05:51:00+00:00,165.99,165.99,165.99,165.99,1.45,2
2026-06-14 05:52:00+00:00,165.98,165.98,165.94,165.94,52.4,10
2026-06-14 05:53:00+00:00,165.93,165.93,165.8,165.81,59.35,23
2026-06-14 05:54:00+00:00,165.8,165.8,165.79,165.79,62.63,7
2026-06-14 05:55:00+00:00,165.79,165.86,165.78,165.86,2.42,7
2026-06-14 05:56:00+00:00,165.85,165.89,165.85,165.88,10.09,6
2026-06-14 05:57:00+00:00,165.84,165.91,165.83,165.91,2.51,8
2026-06-14 05:58:00+00:00,165.93,165.95,165.91,165.93,7.67,10
2026-06-14 05:59:00+00:00,165.96,165.98,165.94,165.96,61.12,15
2026-06-14 06:00:00+00:00,165.95,166.04,165.94,165.96,17.16,17
2026-06-14 06:01:00+00:00,165.97,166.01,165.92,166.01,105.7,27
2026-06-14 06:02:00+00:00,166.02,166.04,166.02,166.04,20.62,7
2026-06-14 06:03:00+00:00,166.08,166.08,166.02,166.02,26.0,11
2026-06-14 06:04:00+00:00,166.04,166.1,166.04,166.1,12.74,7
2026-06-14 06:05:00+00:00,166.09,166.11,166.09,166.11,1.08,3
2026-06-14 06:06:00+00:00,166.11,166.11,166.11,166.11,0.37,2
2026-06-14 06:07:00+00:00,166.09,166.11,166.09,166.1,3.48,8
2026-06-14 06:08:00+00:00,166.1,166.11,166.07,166.07,3.8,5
2026-06-14 06:09:00+00:00,166.08,166.08,166.06,166.07,2.78,6
2026-06-14 06:10:00+00:00,166.05,166.05,166.0,166.0,9.57,11
2026-06-14 06:11:00+00:00,166.0,166.0,165.95,166.0,13.35,9
2026-06-14 06:12:00+00:00,165.95,165.95,165.94,165.95,5.1,4
2026-06-14 06:13:00+00:00,165.95,166.04,165.95,166.0,16.17,10
2026-06-14 06:14:00+00:00,166.0,166.0,166.0,166.0,0.0,0
2026-06-14 06:15:00+00:00,166.05,166.06,166.02,166.05,1.78,8
2026-06-14 06:16:00+00:00,166.06,166.1,166.05,166.1,3.38,6
2026-06-14 06:17:00+00:00,166.12,166.12,166.12,166.12,0.44,2
2026-06-14 06:18:00+00:00,166.02,166.03,166.02,166.03,0.19,2
2026-06-14 06:19:00+00:00,166.02,166.02,165.93,165.93,18.0,11
2026-06-14 06:20:00+00:00,165.97,165.97,165.94,165.94,3.85,5
2026-06-14 06:21:00+00:00,165.94,165.97,165.93,165.95,13.82,14
2026-06-14 06:22:00+00:00,165.86,165.86,165.85,165.86,34.16,9
2026-06-14 06:23:00+00:00,165.9,165.95,165.9,165.95,8.61,3
2026-06-14 06:24:00+00:00,165.95,165.95,165.9,165.94,27.28,9
2026-06-14 06:25:00+00:00,165.93,165.99,165.93,165.99,0.68,3
2026-06-14 06:26:00+00:00,166.09,166.15,166.09,166.15,2.71,4
2026-06-14 06:27:00+00:00,166.15,166.15,166.15,166.15,0.0,0
2026-06-14 06:28:00+00:00,166.06,166.06,165.98,166.04,17.68,13
2026-06-14 06:29:00+00:00,166.0,166.04,166.0,166.0,12.0,12
2026-06-14 06:30:00+00:00,166.03,166.04,166.0,166.0,7.74,6
2026-06-14 06:31:00+00:00,166.03,166.04,166.01,166.01,8.06,5
2026-06-14 06:32:00+00:00,166.04,166.04,166.04,166.04,0.1,1
2026-06-14 06:33:00+00:00,166.04,166.08,166.04,166.08,0.45,3
2026-06-14 06:34:00+00:00,166.12,166.17,166.12,166.15,41.13,17
2026-06-14 06:35:00+00:00,166.14,166.15,166.09,166.15,36.43,18
2026-06-14 06:36:00+00:00,166.1,166.1,166.08,166.08,11.34,3
2026-06-14 06:37:00+00:00,166.09,166.32,166.09,166.32,220.59,20
2026-06-14 06:38:00+00:00,166.34,166.38,166.32,166.32,34.7,24
2026-06-14 06:39:00+00:00,166.31,166.31,166.27,166.29,4.0,11
2026-06-14 06:40:00+00:00,166.31,166.34,166.31,166.34,4.88,4
2026-06-14 06:41:00+00:00,166.3,166.38,166.25,166.38,31.28,11
2026-06-14 06:42:00+00:00,166.38,166.4,166.37,166.4,32.18,18
2026-06-14 06:43:00+00:00,166.39,166.42,166.31,166.33,141.01,35
2026-06-14 06:44:00+00:00,166.36,166.42,166.34,166.34,115.21,40
2026-06-14 06:45:00+00:00,166.3,166.38,166.29,166.36,39.85,23
2026-06-14 06:46:00+00:00,166.33,166.37,166.29,166.37,21.11,19
2026-06-14 06:47:00+00:00,166.35,166.38,166.33,166.34,24.76,11
2026-06-14 06:48:00+00:00,166.32,166.32,166.32,166.32,0.09,1
2026-06-14 06:49:00+00:00,166.32,166.35,166.32,166.33,8.5,11
2026-06-14 06:50:00+00:00,166.35,166.37,166.33,166.37,8.42,10
2026-06-14 06:51:00+00:00,166.36,166.36,166.36,166.36,0.09,1
2026-06-14 06:52:00+00:00,166.36,166.37,166.35,166.35,18.32,6
2026-06-14 06:53:00+00:00,166.37,166.38,166.35,166.35,31.42,17
2026-06-14 06:54:00+00:00,166.36,166.38,166.35,166.35,133.76,22
2026-06-14 06:55:00+00:00,166.38,166.38,166.37,166.38,139.74,19
2026-06-14 06:56:00+00:00,166.37,166.38,166.31,166.31,201.72,34
2026-06-14 06:57:00+00:00,166.31,166.38,166.3,166.38,6.49,22
2026-06-14 06:58:00+00:00,166.38,166.38,166.36,166.38,2.33,11
2026-06-14 06:59:00+00:00,166.37,166.37,166.33,166.37,37.39,26
2026-06-14 07:00:00+00:00,166.36,166.54,166.36,166.51,48.27,38
2026-06-14 07:01:00+00:00,166.48,166.55,166.48,166.49,10.33,10
2026-06-14 07:02:00+00:00,166.48,166.56,166.48,166.55,8.72,12
2026-06-14 07:03:00+00:00,166.55,166.59,166.55,166.56,6.5,7
2026-06-14 07:04:00+00:00,166.57,166.6,166.56,166.6,53.85,15
2026-06-14 07:05:00+00:00,166.59,166.59,166.36,166.44,2031.38,108
2026-06-14 07:06:00+00:00,166.46,166.53,166.46,166.51,19.19,9
2026-06-14 07:07:00+00:00,166.49,166.57,166.45,166.47,109.49,34
2026-06-14 07:08:00+00:00,166.48,166.49,166.47,166.49,27.6,10
2026-06-14 07:09:00+00:00,166.49,166.56,166.49,166.56,34.78,13
2026-06-14 07:10:00+00:00,166.55,166.56,166.51,166.55,10.56,15
2026-06-14 07:11:00+00:00,166.54,166.86,166.51,166.8,42.37,39
2026-06-14 07:12:00+00:00,166.8,166.86,166.8,166.83,12.8,13
2026-06-14 07:13:00+00:00,166.8,166.84,166.77,166.8,75.56,30
2026-06-14 07:14:00+00:00,166.82,166.92,166.82,166.83,514.15,54
2026-06-14 07:15:00+00:00,166.8,166.8,166.71,166.79,124.79,35
2026-06-14 07:16:00+00:00,166.79,166.86,166.77,166.86,37.85,12
2026-06-14 07:17:00+00:00,166.82,166.82,166.71,166.71,121.15,25
2026-06-14 07:18:00+00:00,166.71,166.72,166.71,166.71,2.8,4
2026-06-14 07:19:00+00:00,166.72,166.75,166.71,166.72,40.95,17
2026-06-14 07:20:00+00:00,166.75,166.76,166.73,166.76,28.19,10
2026-06-14 07:21:00+00:00,166.75,166.77,166.75,166.77,9.73,6
2026-06-14 07:22:00+00:00,166.77,166.8,166.76,166.76,17.12,12
2026-06-14 07:23:00+00:00,166.77,166.79,166.66,166.77,354.92,52
2026-06-14 07:24:00+00:00,166.78,166.79,166.76,166.76,4.67,5
2026-06-14 07:25:00+00:00,166.76,166.82,166.76,166.82,3.2,7
2026-06-14 07:26:00+00:00,166.79,166.79,166.78,166.78,14.72,13
2026-06-14 07:27:00+00:00,166.73,166.8,166.72,166.8,3.62,9
2026-06-14 07:28:00+00:00,166.8,166.88,166.78,166.83,19.49,28
2026-06-14 07:29:00+00:00,166.85,166.85,166.81,166.84,9.77,15
2026-06-14 07:30:00+00:00,166.81,166.9,166.77,166.9,101.13,32
2026-06-14 07:31:00+00:00,166.87,166.89,166.75,166.88,120.06,34
2026-06-14 07:32:00+00:00,166.88,166.88,166.7,166.77,74.12,45
2026-06-14 07:33:00+00:00,166.73,166.73,166.7,166.73,84.78,16
2026-06-14 07:34:00+00:00,166.8,166.87,166.73,166.84,143.27,48
2026-06-14 07:35:00+00:00,166.84,167.04,166.83,166.97,1811.6,103
2026-06-14 07:36:00+00:00,166.94,167.12,166.93,166.99,808.46,93
2026-06-14 07:37:00+00:00,167.0,167.03,167.0,167.0,133.22,34
2026-06-14 07:38:00+00:00,167.0,167.36,167.0,167.21,972.48,195
2026-06-14 07:39:00+00:00,167.25,167.27,167.1,167.1,336.71,44
2026-06-14 07:40:00+00:00,167.17,167.27,167.1,167.23,513.78,80
2026-06-14 07:41:00+00:00,167.23,167.32,167.18,167.26,393.97,69
2026-06-14 07:42:00+00:00,167.24,167.3,167.16,167.23,500.69,70
2026-06-14 07:43:00+00:00,167.21,167.22,167.06,167.13,157.35,44
2026-06-14 07:44:00+00:00,167.08,167.19,167.08,167.19,171.2,31
2026-06-14 07:45:00+00:00,167.17,167.24,167.14,167.21,197.18,31
2026-06-14 07:46:00+00:00,167.21,167.24,167.16,167.24,152.42,52
2026-06-14 07:47:00+00:00,167.24,167.25,167.2,167.24,77.42,36
2026-06-14 07:48:00+00:00,167.21,167.23,167.12,167.16,125.6,51
2026-06-14 07:49:00+00:00,167.16,167.21,167.11,167.14,62.66,23
2026-06-14 07:50:00+00:00,167.14,167.18,167.13,167.13,49.23,15
2026-06-14 07:51:00+00:00,167.18,167.18,167.11,167.14,19.93,16
2026-06-14 07:52:00+00:00,167.13,167.14,167.09,167.14,58.33,24
2026-06-14 07:53:00+00:00,167.14,167.14,167.09,167.14,172.2,35
2026-06-14 07:54:00+00:00,167.11,167.14,167.07,167.12,154.45,23
2026-06-14 07:55:00+00:00,167.14,167.17,167.12,167.15,760.25,38
2026-06-14 07:56:00+00:00,167.14,167.36,167.14,167.36,542.87,63
2026-06-14 07:57:00+00:00,167.36,167.41,167.27,167.34,1117.71,118
2026-06-14 07:58:00+00:00,167.34,167.36,167.32,167.32,13.25,15
2026-06-14 07:59:00+00:00,167.36,167.51,167.35,167.51,1068.63,100
2026-06-14 08:00:00+00:00,167.51,167.56,167.5,167.5,244.76,85
2026-06-14 08:01:00+00:00,167.5,167.51,167.5,167.5,462.71,69
2026-06-14 08:02:00+00:00,167.51,167.51,167.5,167.5,383.51,64
2026-06-14 08:03:00+00:00,167.5,167.51,167.5,167.5,127.15,37
2026-06-14 08:04:00+00:00,167.5,167.55,167.5,167.5,447.45,64
2026-06-14 08:05:00+00:00,167.5,167.51,167.5,167.51,377.16,56
2026-06-14 08:06:00+00:00,167.5,167.62,167.5,167.59,532.83,72
2026-06-14 08:07:00+00:00,167.58,167.63,167.56,167.62,596.89,42
2026-06-14 08:08:00+00:00,167.63,167.63,167.62,167.63,167.18,41
2026-06-14 08:09:00+00:00,167.63,167.73,167.56,167.57,363.65,60
2026-06-14 08:10:00+00:00,167.56,167.56,167.5,167.5,553.23,41
2026-06-14 08:11:00+00:00,167.5,167.51,167.5,167.51,296.67,24
2026-06-14 08:12:00+00:00,167.51,167.52,167.5,167.5,242.93,13
2026-06-14 08:13:00+00:00,167.5,167.51,167.5,167.5,260.57,24
2026-06-14 08:14:00+00:00,167.5,167.52,167.5,167.5,39.13,10
2026-06-14 08:15:00+00:00,167.5,167.51,167.5,167.5,581.87,26
2026-06-14 08:16:00+00:00,167.5,167.52,167.5,167.51,1156.36,16
2026-06-14 08:17:00+00:00,167.5,167.52,167.5,167.51,178.09,26
2026-06-14 08:18:00+00:00,167.51,167.67,167.51,167.61,325.7,38
2026-06-14 08:19:00+00:00,167.63,167.66,167.62,167.64,6.31,13
2026-06-14 08:20:00+00:00,167.66,167.66,167.55,167.57,48.81,24
2026-06-14 08:21:00+00:00,167.57,167.57,167.5,167.53,33.94,17
2026-06-14 08:22:00+00:00,167.56,167.58,167.56,167.56,16.1,16
2026-06-14 08:23:00+00:00,167.57,167.57,167.56,167.57,51.93,15
2026-06-14 08:24:00+00:00,167.56,167.59,167.51,167.51,56.96,32
2026-06-14 08:25:00+00:00,167.51,167.51,167.5,167.5,92.6,25
2026-06-14 08:26:00+00:00,167.51,167.54,167.5,167.53,118.85,20
2026-06-14 08:27:00+00:00,167.55,167.59,167.5,167.5,365.52,29
2026-06-14 08:28:00+00:00,167.5,167.51,167.5,167.5,220.41,44
2026-06-14 08:29:00+00:00,167.5,167.51,167.5,167.51,296.49,55
2026-06-14 08:30:00+00:00,167.5,167.59,167.5,167.59,605.99,21
2026-06-14 08:31:00+00:00,167.59,167.69,167.58,167.69,37.09,22
2026-06-14 08:32:00+00:00,167.68,167.69,167.63,167.66,34.31,20
2026-06-14 08:33:00+00:00,167.66,167.69,167.52,167.52,182.63,32
2026-06-14 08:34:00+00:00,167.5,167.6,167.5,167.6,73.88,18
2026-06-14 08:35:00+00:00,167.59,167.61,167.59,167.61,0.73,3
2026-06-14 08:36:00+00:00,167.62,167.62,167.59,167.6,26.16,19
2026-06-14 08:37:00+00:00,167.62,167.71,167.53,167.54,345.45,46
2026-06-14 08:38:00+00:00,167.61,167.61,167.5,167.56,131.76,28
2026-06-14 08:39:00+00:00,167.57,167.58,167.5,167.5,75.19,12
2026-06-14 08:40:00+00:00,167.51,167.53,167.5,167.53,44.17,15
2026-06-14 08:41:00+00:00,167.55,167.55,167.5,167.54,224.77,20
2026-06-14 08:42:00+00:00,167.55,167.56,167.52,167.53,179.5,22
2026-06-14 08:43:00+00:00,167.52,167.52,167.5,167.51,392.1,8
2026-06-14 08:44:00+00:00,167.53,167.58,167.53,167.56,4.35,9
2026-06-14 08:45:00+00:00,167.58,167.58,167.5,167.5,824.36,42
2026-06-14 08:46:00+00:00,167.5,167.51,167.5,167.5,607.07,7
2026-06-14 08:47:00+00:00,167.5,167.51,167.5,167.51,33.24,9
2026-06-14 08:48:00+00:00,167.51,167.51,167.5,167.5,351.25,12
2026-06-14 08:49:00+00:00,167.51,167.55,167.5,167.55,85.35,9
2026-06-14 08:50:00+00:00,167.55,167.58,167.5,167.51,313.26,26
2026-06-14 08:51:00+00:00,167.5,167.51,167.5,167.51,177.75,17
2026-06-14 08:52:00+00:00,167.5,167.52,167.5,167.52,38.3,4
2026-06-14 08:53:00+00:00,167.5,167.51,167.5,167.5,684.98,15
2026-06-14 08:54:00+00:00,167.51,167.51,167.45,167.46,121.51,27
2026-06-14 08:55:00+00:00,167.45,167.5,167.45,167.45,319.12,21
2026-06-14 08:56:00+00:00,167.45,167.46,167.45,167.45,125.12,11
2026-06-14 08:57:00+00:00,167.45,167.46,167.45,167.45,108.49,18
2026-06-14 08:58:00+00:00,167.46,167.46,167.45,167.46,117.8,25
2026-06-14 08:59:00+00:00,167.45,167.47,167.45,167.47,61.89,14
2026-06-14 09:00:00+00:00,167.47,167.5,167.43,167.43,166.63,21
2026-06-14 09:01:00+00:00,167.4,167.4,167.1,167.1,102.44,26
2026-06-14 09:02:00+00:00,167.09,167.12,167.02,167.11,179.3,27
2026-06-14 09:03:00+00:00,167.06,167.07,166.91,166.96,133.4,37
2026-06-14 09:04:00+00:00,166.92,166.95,166.71,166.72,272.15,55
2026-06-14 09:05:00+00:00,166.76,166.85,166.76,166.85,287.35,25
2026-06-14 09:06:00+00:00,166.8,166.92,166.7,166.71,136.93,38
2026-06-14 09:07:00+00:00,166.71,166.71,166.08,166.35,3719.4,231
2026-06-14 09:08:00+00:00,166.34,166.39,166.3,166.3,663.54,66
2026-06-14 09:09:00+00:00,166.31,166.33,166.3,166.33,177.01,21
2026-06-14 09:10:00+00:00,166.34,166.4,166.31,166.38,141.52,32
2026-06-14 09:11:00+00:00,166.37,166.37,166.31,166.34,177.06,10
2026-06-14 09:12:00+00:00,166.38,166.38,166.35,166.37,5.4,8
2026-06-14 09:13:00+00:00,166.37,166.45,166.37,166.39,524.95,36
2026-06-14 09:14:00+00:00,166.39,166.39,166.35,166.38,66.42,19
2026-06-14 09:15:00+00:00,166.38,166.38,166.38,166.38,7.76,5
2026-06-14 09:16:00+00:00,166.38,166.51,166.38,166.45,46.64,24
2026-06-14 09:17:00+00:00,166.45,166.45,166.38,166.45,174.48,23
2026-06-14 09:18:00+00:00,166.45,166.52,166.41,166.52,28.73,21
2026-06-14 09:19:00+00:00,166.52,166.52,166.46,166.5,38.14,11
2026-06-14 09:20:00+00:00,166.51,166.58,166.51,166.57,40.65,18
2026-06-14 09:21:00+00:00,166.57,166.67,166.57,166.62,18.32,16
2026-06-14 09:22:00+00:00,166.65,166.84,166.65,166.74,861.22,62
2026-06-14 09:23:00+00:00,166.75,166.82,166.73,166.82,71.61,23
2026-06-14 09:24:00+00:00,166.82,166.88,166.73,166.88,21.89,20
2026-06-14 09:25:00+00:00,166.84,166.88,166.83,166.84,23.09,11
2026-06-14 09:26:00+00:00,166.84,166.9,166.8,166.88,38.98,29
2026-06-14 09:27:00+00:00,166.8,166.81,166.79,166.81,61.28,21
2026-06-14 09:28:00+00:00,166.8,166.8,166.75,166.78,189.65,26
2026-06-14 09:29:00+00:00,166.74,166.74,166.5,166.5,285.48,42
2026-06-14 09:30:00+00:00,166.58,166.58,166.5,166.5,8.79,10
2026-06-14 09:31:00+00:00,166.53,166.55,166.51,166.55,4.73,8
2026-06-14 09:32:00+00:00,166.54,166.74,166.54,166.74,111.75,29
2026-06-14 09:33:00+00:00,166.7,166.81,166.7,166.7,52.05,19
2026-06-14 09:34:00+00:00,166.7,166.92,166.6,166.87,3804.56,94
2026-06-14 09:35:00+00:00,166.87,167.07,166.87,166.97,737.22,79
2026-06-14 09:36:00+00:00,166.97,167.01,166.94,167.01,74.41,34
2026-06-14 09:37:00+00:00,167.0,167.04,166.93,167.03,95.01,34
2026-06-14 09:38:00+00:00,167.03,167.09,167.01,167.09,45.86,34
2026-06-14 09:39:00+00:00,167.09,167.09,167.01,167.06,22.52,16
2026-06-14 09:40:00+00:00,167.04,167.09,167.03,167.05,15.94,14
2026-06-14 09:41:00+00:00,167.04,167.07,166.97,167.02,163.52,27
2026-06-14 09:42:00+00:00,167.02,167.21,167.0,167.17,45.65,35
2026-06-14 09:43:00+00:00,167.2,167.33,167.2,167.29,179.61,31
2026-06-14 09:44:00+00:00,167.25,167.44,167.22,167.41,1913.88,121
2026-06-14 09:45:00+00:00,167.4,167.45,167.4,167.4,673.78,48
2026-06-14 09:46:00+00:00,167.42,167.45,167.4,167.41,193.11,22
2026-06-14 09:47:00+00:00,167.43,167.46,167.4,167.4,2140.56,137
2026-06-14 09:48:00+00:00,167.4,167.41,167.4,167.4,267.32,32
2026-06-14 09:49:00+00:00,167.4,167.46,167.4,167.44,475.62,49
2026-06-14 09:50:00+00:00,167.4,167.46,167.4,167.4,365.7,58
2026-06-14 09:51:00+00:00,167.4,167.4,167.26,167.28,1634.89,35
2026-06-14 09:52:00+00:00,167.28,167.31,167.28,167.29,43.57,10
2026-06-14 09:53:00+00:00,167.31,167.31,167.2,167.2,128.08,20
2026-06-14 09:54:00+00:00,167.17,167.17,166.99,166.99,336.75,34
2026-06-14 09:55:00+00:00,166.98,167.11,166.98,167.11,71.37,23
2026-06-14 09:56:00+00:00,167.09,167.22,166.97,166.97,257.05,46
2026-06-14 09:57:00+00:00,167.01,167.05,167.0,167.0,16.28,8
2026-06-14 09:58:00+00:00,167.02,167.18,167.02,167.13,36.32,13
2026-06-14 09:59:00+00:00,167.13,167.22,167.1,167.1,358.58,69
2026-06-14 10:00:00+00:00,167.1,167.11,166.94,166.94,157.77,58
2026-06-14 10:01:00+00:00,166.91,166.92,166.77,166.81,63.25,34
2026-06-14 10:02:00+00:00,166.82,166.89,166.82,166.88,39.87,20
2026-06-14 10:03:00+00:00,166.9,166.99,166.85,166.85,168.82,33
2026-06-14 10:04:00+00:00,166.84,166.87,166.77,166.87,51.77,20
2026-06-14 10:05:00+00:00,166.93,167.0,166.92,167.0,44.66,12
2026-06-14 10:06:00+00:00,166.95,167.12,166.95,167.11,74.06,38
2026-06-14 10:07:00+00:00,167.1,167.2,167.1,167.1,25.59,24
2026-06-14 10:08:00+00:00,167.14,167.14,167.14,167.14,1.03,4
2026-06-14 10:09:00+00:00,167.13,167.15,167.13,167.15,10.1,5
2026-06-14 10:10:00+00:00,167.13,167.13,167.09,167.1,78.48,23
2026-06-14 10:11:00+00:00,167.1,167.1,167.1,167.1,30.96,5
2026-06-14 10:12:00+00:00,167.1,167.11,167.05,167.05,52.56,18
2026-06-14 10:13:00+00:00,167.05,167.05,167.0,167.03,44.67,18
2026-06-14 10:14:00+00:00,167.04,167.04,167.03,167.04,1.48,13
2026-06-14 10:15:00+00:00,167.03,167.07,167.0,167.06,14.42,19
2026-06-14 10:16:00+00:00,167.03,167.09,167.01,167.07,22.22,26
2026-06-14 10:17:00+00:00,167.06,167.21,167.06,167.17,57.51,21
2026-06-14 10:18:00+00:00,167.17,167.23,167.14,167.23,12.16,8
2026-06-14 10:19:00+00:00,167.23,167.23,167.15,167.18,17.28,16
2026-06-14 10:20:00+00:00,167.18,167.29,167.15,167.29,118.08,35
2026-06-14 10:21:00+00:00,167.27,167.35,167.21,167.35,254.31,61
2026-06-14 10:22:00+00:00,167.28,167.35,167.2,167.27,237.08,54
2026-06-14 10:23:00+00:00,167.24,167.24,167.14,167.21,49.8,19
2026-06-14 10:24:00+00:00,167.2,167.27,167.2,167.27,2.49,6
2026-06-14 10:25:00+00:00,167.25,167.35,167.22,167.26,152.72,34
2026-06-14 10:26:00+00:00,167.37,167.4,167.14,167.19,96.82,61
2026-06-14 10:27:00+00:00,167.12,167.14,167.08,167.08,28.23,23
2026-06-14 10:28:00+00:00,167.09,167.09,167.05,167.05,5.65,10
2026-06-14 10:29:00+00:00,167.09,167.2,167.07,167.2,51.17,28
2026-06-14 10:30:00+00:00,167.21,167.23,167.21,167.23,4.42,4
2026-06-14 10:31:00+00:00,167.24,167.28,167.24,167.27,3.31,6
2026-06-14 10:32:00+00:00,167.29,167.36,167.26,167.26,33.53,25
2026-06-14 10:33:00+00:00,167.25,167.25,167.15,167.18,30.88,28
2026-06-14 10:34:00+00:00,167.19,167.32,167.19,167.25,204.27,64
2026-06-14 10:35:00+00:00,167.26,167.43,167.26,167.43,39.46,26
2026-06-14 10:36:00+00:00,167.43,167.43,167.32,167.39,29.17,27
2026-06-14 10:37:00+00:00,167.4,167.4,167.38,167.39,2.35,9
2026-06-14 10:38:00+00:00,167.4,167.42,167.28,167.42,198.14,68
2026-06-14 10:39:00+00:00,167.36,167.44,167.27,167.44,424.22,102
2026-06-14 10:40:00+00:00,167.4,167.4,167.31,167.37,37.78,19
2026-06-14 10:41:00+00:00,167.36,167.39,167.32,167.32,12.95,18
2026-06-14 10:42:00+00:00,167.34,167.36,167.32,167.34,30.68,23
2026-06-14 10:43:00+00:00,167.33,167.34,167.26,167.26,10.26,19
2026-06-14 10:44:00+00:00,167.26,167.26,167.07,167.07,37.55,47
2026-06-14 10:45:00+00:00,167.09,167.1,167.08,167.09,7.87,12
2026-06-14 10:46:00+00:00,167.08,167.09,167.02,167.04,21.07,22
2026-06-14 10:47:00+00:00,167.03,167.04,166.97,167.0,25.06,42
2026-06-14 10:48:00+00:00,166.98,167.0,166.96,166.96,147.91,32
2026-06-14 10:49:00+00:00,166.94,166.96,166.85,166.85,291.61,56
2026-06-14 10:50:00+00:00,166.86,166.94,166.86,166.94,119.8,23
2026-06-14 10:51:00+00:00,166.93,167.14,166.93,167.06,267.09,153
2026-06-14 10:52:00+00:00,167.15,167.28,167.05,167.2,160.83,78
2026-06-14 10:53:00+00:00,167.28,167.44,167.23,167.38,98.22,51
2026-06-14 10:54:00+00:00,167.44,167.59,167.42,167.59,176.51,44
2026-06-14 10:55:00+00:00,167.54,167.67,167.53,167.67,88.61,36
2026-06-14 10:56:00+00:00,167.67,167.79,167.67,167.79,481.59,80
2026-06-14 10:57:00+00:00,167.69,167.73,167.68,167.7,16.65,20
2026-06-14 10:58:00+00:00,167.66,167.66,167.54,167.58,65.19,31
2026-06-14 10:59:00+00:00,167.52,167.61,167.46,167.5,185.13,48
2026-06-14 11:00:00+00:00,167.5,167.51,167.41,167.41,18.45,23
2026-06-14 11:01:00+00:00,167.44,167.48,167.44,167.48,6.04,11
2026-06-14 11:02:00+00:00,167.48,167.74,167.48,167.74,539.72,91
2026-06-14 11:03:00+00:00,167.69,167.71,167.62,167.62,32.87,30
2026-06-14 11:04:00+00:00,167.65,167.65,167.59,167.63,20.23,27
2026-06-14 11:05:00+00:00,167.61,167.68,167.53,167.53,79.43,62
2026-06-14 11:06:00+00:00,167.53,167.56,167.49,167.49,73.02,32
2026-06-14 11:07:00+00:00,167.49,167.52,167.38,167.51,73.17,36
2026-06-14 11:08:00+00:00,167.51,167.51,167.44,167.49,26.65,31
2026-06-14 11:09:00+00:00,167.49,167.52,167.46,167.46,22.76,24
2026-06-14 11:10:00+00:00,167.46,167.58,167.46,167.58,19.66,19
2026-06-14 11:11:00+00:00,167.6,167.71,167.59,167.67,114.32,49
2026-06-14 11:12:00+00:00,167.69,167.72,167.58,167.58,56.05,24
2026-06-14 11:13:00+00:00,167.61,167.61,167.53,167.53,141.16,40
2026-06-14 11:14:00+00:00,167.53,167.54,167.47,167.47,30.4,28
2026-06-14 11:15:00+00:00,167.47,167.47,167.44,167.44,54.23,19
2026-06-14 11:16:00+00:00,167.45,167.55,167.44,167.44,74.45,30
2026-06-14 11:17:00+00:00,167.45,167.53,167.41,167.43,67.57,35
2026-06-14 11:18:00+00:00,167.43,167.46,167.4,167.4,34.8,14
2026-06-14 11:19:00+00:00,167.38,167.46,167.33,167.46,87.7,42
2026-06-14 11:20:00+00:00,167.44,167.5,167.41,167.49,30.04,25
2026-06-14 11:21:00+00:00,167.49,167.53,167.49,167.53,38.83,10
2026-06-14 11:22:00+00:00,167.53,167.73,167.53,167.65,333.31,82
2026-06-14 11:23:00+00:00,167.69,167.77,167.64,167.71,123.08,55
2026-06-14 11:24:00+00:00,167.67,167.73,167.66,167.69,26.41,22
2026-06-14 11:25:00+00:00,167.72,167.73,167.49,167.49,63.06,46
2026-06-14 11:26:00+00:00,167.49,167.6,167.47,167.59,611.92,50
2026-06-14 11:27:00+00:00,167.59,167.59,167.59,167.59,5.65,8
2026-06-14 11:28:00+00:00,167.59,167.6,167.58,167.6,7.23,7
2026-06-14 11:29:00+00:00,167.6,167.66,167.59,167.66,41.87,23
2026-06-14 11:30:00+00:00,167.66,167.67,167.61,167.61,44.94,15
2026-06-14 11:31:00+00:00,167.62,167.62,167.54,167.57,264.62,39
2026-06-14 11:32:00+00:00,167.56,167.56,167.55,167.55,11.56,7
2026-06-14 11:33:00+00:00,167.54,167.59,167.53,167.56,11.51,10
2026-06-14 11:34:00+00:00,167.56,167.63,167.44,167.51,1066.65,85
2026-06-14 11:35:00+00:00,167.53,167.57,167.5,167.5,9.0,12
2026-06-14 11:36:00+00:00,167.5,167.54,167.46,167.52,3.26,8
2026-06-14 11:37:00+00:00,167.51,167.56,167.45,167.45,39.01,15
2026-06-14 11:38:00+00:00,167.45,167.45,167.45,167.45,0.48,2
2026-06-14 11:39:00+00:00,167.48,167.58,167.37,167.39,1481.61,134
2026-06-14 11:40:00+00:00,167.41,167.42,167.37,167.37,44.29,21
2026-06-14 11:41:00+00:00,167.39,167.41,167.37,167.4,16.99,13
2026-06-14 11:42:00+00:00,167.42,167.45,167.36,167.42,206.15,44
2026-06-14 11:43:00+00:00,167.42,167.42,167.3,167.37,443.56,48
2026-06-14 11:44:00+00:00,167.39,167.4,167.38,167.38,17.07,6
2026-06-14 11:45:00+00:00,167.38,167.42,167.38,167.42,26.15,13
2026-06-14 11:46:00+00:00,167.42,167.42,167.4,167.41,125.18,10
2026-06-14 11:47:00+00:00,167.42,167.42,167.41,167.41,24.65,11
2026-06-14 11:48:00+00:00,167.42,167.42,167.4,167.42,255.56,46
2026-06-14 11:49:00+00:00,167.42,167.42,167.4,167.4,54.66,11
2026-06-14 11:50:00+00:00,167.4,167.41,167.4,167.4,2.58,6
2026-06-14 11:51:00+00:00,167.41,167.42,167.41,167.41,14.64,7
2026-06-14 11:52:00+00:00,167.41,167.42,167.34,167.34,51.42,20
2026-06-14 11:53:00+00:00,167.32,167.32,167.26,167.28,31.36,33
2026-06-14 11:54:00+00:00,167.29,167.32,167.29,167.32,5.97,8
2026-06-14 11:55:00+00:00,167.32,167.33,167.25,167.31,131.74,31
2026-06-14 11:56:00+00:00,167.31,167.33,167.23,167.31,298.92,62
2026-06-14 11:57:00+00:00,167.25,167.34,167.25,167.29,245.73,52
2026-06-14 11:58:00+00:00,167.34,167.34,167.26,167.27,66.35,22
2026-06-14 11:59:00+00:00,167.32,167.33,167.28,167.3,17.71,7
2026-06-14 12:00:00+00:00,167.3,167.4,167.3,167.4,38.0,18
2026-06-14 12:01:00+00:00,167.4,167.55,167.4,167.55,53.83,30
2026-06-14 12:02:00+00:00,167.54,167.62,167.48,167.6,39.89,34
2026-06-14 12:03:00+00:00,167.6,167.63,167.57,167.57,4.72,7
2026-06-14 12:04:00+00:00,167.56,167.6,167.56,167.56,6.52,16
2026-06-14 12:05:00+00:00,167.56,167.62,167.55,167.62,78.0,19
2026-06-14 12:06:00+00:00,167.57,167.62,167.52,167.57,323.04,47
2026-06-14 12:07:00+00:00,167.56,167.57,167.54,167.56,11.22,6
2026-06-14 12:08:00+00:00,167.57,167.57,167.49,167.51,135.14,23
2026-06-14 12:09:00+00:00,167.53,167.53,167.36,167.37,26.49,24
2026-06-14 12:10:00+00:00,167.42,167.44,167.3,167.34,207.9,47
2026-06-14 12:11:00+00:00,167.34,167.35,167.34,167.35,3.94,6
2026-06-14 12:12:00+00:00,167.37,167.45,167.37,167.45,0.22,2
2026-06-14 12:13:00+00:00,167.45,167.58,167.45,167.51,420.82,37
2026-06-14 12:14:00+00:00,167.48,167.48,167.47,167.47,0.35,2
2026-06-14 12:15:00+00:00,167.47,167.52,167.47,167.52,8.17,12
2026-06-14 12:16:00+00:00,167.59,167.7,167.59,167.65,60.62,32
2026-06-14 12:17:00+00:00,167.62,167.62,167.44,167.44,138.14,55
2026-06-14 12:18:00+00:00,167.37,167.51,167.34,167.51,30.2,16
2026-06-14 12:19:00+00:00,167.5,167.57,167.48,167.57,108.79,24
2026-06-14 12:20:00+00:00,167.53,167.58,167.52,167.58,14.39,9
2026-06-14 12:21:00+00:00,167.58,167.58,167.51,167.51,14.49,12
2026-06-14 12:22:00+00:00,167.62,167.63,167.58,167.58,0.92,3
2026-06-14 12:23:00+00:00,167.54,167.56,167.54,167.56,1.12,4
2026-06-14 12:24:00+00:00,167.55,167.56,167.51,167.56,6.02,12
2026-06-14 12:25:00+00:00,167.55,167.56,167.55,167.56,47.8,11
2026-06-14 12:26:00+00:00,167.55,167.55,167.41,167.44,9.63,13
2026-06-14 12:27:00+00:00,167.42,167.46,167.42,167.46,0.37,3
2026-06-14 12:28:00+00:00,167.46,167.51,167.45,167.48,11.0,16
2026-06-14 12:29:00+00:00,167.5,167.52,167.5,167.52,5.59,11
2026-06-14 12:30:00+00:00,167.51,167.52,167.4,167.4,195.51,34
2026-06-14 12:31:00+00:00,167.4,167.44,167.09,167.1,44.13,46
2026-06-14 12:32:00+00:00,167.13,167.18,167.07,167.07,92.67,26
2026-06-14 12:33:00+00:00,167.06,167.06,167.0,167.01,119.59,33
2026-06-14 12:34:00+00:00,167.01,167.05,167.0,167.03,101.91,30
2026-06-14 12:35:00+00:00,167.04,167.11,166.88,166.88,455.06,59
2026-06-14 12:36:00+00:00,166.86,166.9,166.86,166.86,19.2,15
2026-06-14 12:37:00+00:00,166.87,166.87,166.75,166.83,325.96,57
2026-06-14 12:38:00+00:00,166.74,166.83,166.74,166.8,1.96,6
2026-06-14 12:39:00+00:00,166.8,166.9,166.74,166.9,22.64,20
2026-06-14 12:40:00+00:00,166.87,166.93,166.86,166.92,12.62,16
2026-06-14 12:41:00+00:00,166.88,166.91,166.88,166.91,0.58,4
2026-06-14 12:42:00+00:00,166.91,166.94,166.87,166.88,46.1,20
2026-06-14 12:43:00+00:00,166.81,166.94,166.81,166.94,46.31,10
2026-06-14 12:44:00+00:00,166.96,167.06,166.95,167.01,113.76,26
2026-06-14 12:45:00+00:00,167.05,167.06,166.94,167.01,91.6,31
2026-06-14 12:46:00+00:00,167.03,167.05,167.0,167.03,31.61,14
2026-06-14 12:47:00+00:00,166.98,166.98,166.84,166.86,20.97,21
2026-06-14 12:48:00+00:00,166.84,166.85,166.38,166.47,200.61,65
2026-06-14 12:49:00+00:00,166.42,166.44,166.08,166.44,621.22,120
2026-06-14 12:50:00+00:00,166.42,166.47,166.37,166.37,77.84,29
2026-06-14 12:51:00+00:00,166.31,166.37,166.17,166.25,188.09,72
2026-06-14 12:52:00+00:00,166.25,166.73,166.22,166.6,234.17,105
2026-06-14 12:53:00+00:00,166.66,166.67,166.5,166.5,23.4,27
2026-06-14 12:54:00+00:00,166.51,166.54,166.48,166.53,33.09,24
2026-06-14 12:55:00+00:00,166.54,166.54,166.52,166.53,68.79,15
2026-06-14 12:56:00+00:00,166.52,166.56,166.52,166.56,32.68,10
2026-06-14 12:57:00+00:00,166.55,166.61,166.52,166.61,214.6,34
2026-06-14 12:58:00+00:00,166.6,166.64,166.6,166.61,5.84,12
2026-06-14 12:59:00+00:00,166.58,166.59,166.54,166.57,2.03,8
2026-06-14 13:00:00+00:00,166.55,166.65,166.55,166.65,38.07,17
2026-06-14 13:01:00+00:00,166.67,166.75,166.67,166.75,32.48,12
2026-06-14 13:02:00+00:00,166.75,166.83,166.74,166.78,65.55,27
2026-06-14 13:03:00+00:00,166.77,166.82,166.76,166.8,170.26,23
2026-06-14 13:04:00+00:00,166.78,166.81,166.78,166.81,8.35,6
2026-06-14 13:05:00+00:00,166.78,166.87,166.77,166.87,18.91,15
2026-06-14 13:06:00+00:00,166.86,166.87,166.8,166.8,13.98,18
2026-06-14 13:07:00+00:00,166.82,166.85,166.82,166.85,28.97,22
2026-06-14 13:08:00+00:00,166.84,166.86,166.84,166.86,0.94,7
2026-06-14 13:09:00+00:00,166.85,166.87,166.8,166.8,36.81,33
2026-06-14 13:10:00+00:00,166.83,166.87,166.74,166.75,56.56,29
2026-06-14 13:11:00+00:00,166.75,166.78,166.69,166.77,117.93,46
2026-06-14 13:12:00+00:00,166.79,166.81,166.66,166.67,10.02,11
2026-06-14 13:13:00+00:00,166.66,166.71,166.55,166.71,78.76,28
2026-06-14 13:14:00+00:00,166.71,166.79,166.68,166.74,79.69,43
2026-06-14 13:15:00+00:00,166.78,166.8,166.66,166.66,137.67,32
2026-06-14 13:16:00+00:00,166.66,166.73,166.64,166.73,37.05,29
2026-06-14 13:17:00+00:00,166.69,166.74,166.68,166.7,85.85,30
2026-06-14 13:18:00+00:00,166.7,166.76,166.58,166.59,53.72,37
2026-06-14 13:19:00+00:00,166.62,166.64,166.61,166.61,58.37,15
2026-06-14 13:20:00+00:00,166.59,166.64,166.59,166.62,45.76,30
2026-06-14 13:21:00+00:00,166.6,166.63,166.6,166.61,3.37,9
2026-06-14 13:22:00+00:00,166.55,166.57,166.51,166.51,34.5,19
2026-06-14 13:23:00+00:00,166.55,166.63,166.5,166.55,131.15,45
2026-06-14 13:24:00+00:00,166.54,166.54,166.53,166.53,0.78,4
2026-06-14 13:25:00+00:00,166.53,166.54,166.52,166.53,9.66,13
2026-06-14 13:26:00+00:00,166.53,166.54,166.53,166.54,3.47,5
2026-06-14 13:27:00+00:00,166.54,166.54,166.53,166.53,3.64,4
2026-06-14 13:28:00+00:00,166.52,166.58,166.52,166.58,93.93,18
2026-06-14 13:29:00+00:00,166.58,166.59,166.5,166.59,203.92,46
2026-06-14 13:30:00+00:00,166.52,166.54,166.51,166.52,68.07,14
2026-06-14 13:31:00+00:00,166.52,166.52,166.45,166.45,51.58,23
2026-06-14 13:32:00+00:00,166.44,166.44,166.35,166.35,14.9,17
2026-06-14 13:33:00+00:00,166.35,166.36,166.26,166.31,177.4,45
2026-06-14 13:34:00+00:00,166.32,166.35,166.3,166.34,24.68,20
2026-06-14 13:35:00+00:00,166.35,166.53,166.35,166.53,614.68,45
2026-06-14 13:36:00+00:00,166.53,166.65,166.53,166.64,11.57,15
2026-06-14 13:37:00+00:00,166.63,166.64,166.52,166.53,405.06,44
2026-06-14 13:38:00+00:00,166.49,166.62,166.49,166.62,613.53,45
2026-06-14 13:39:00+00:00,166.62,166.66,166.61,166.65,20.63,20
2026-06-14 13:40:00+00:00,166.66,166.69,166.65,166.69,6.48,10
2026-06-14 13:41:00+00:00,166.68,166.7,166.68,166.69,19.01,7
2026-06-14 13:42:00+00:00,166.7,166.75,166.54,166.54,1137.32,73
2026-06-14 13:43:00+00:00,166.54,166.59,166.34,166.48,642.6,90
2026-06-14 13:44:00+00:00,166.52,166.59,166.52,166.59,19.58,12
2026-06-14 13:45:00+00:00,166.55,166.62,166.54,166.59,7.5,13
2026-06-14 13:46:00+00:00,166.59,166.65,166.59,166.65,9.17,10
2026-06-14 13:47:00+00:00,166.63,166.71,166.63,166.7,91.98,24
2026-06-14 13:48:00+00:00,166.7,166.7,166.69,166.69,0.56,3
2026-06-14 13:49:00+00:00,166.69,166.7,166.65,166.7,55.09,19
2026-06-14 13:50:00+00:00,166.68,166.68,166.65,166.67,34.03,17
2026-06-14 13:51:00+00:00,166.67,166.72,166.57,166.57,431.27,63
2026-06-14 13:52:00+00:00,166.57,166.58,166.55,166.57,18.0,19
2026-06-14 13:53:00+00:00,166.57,166.61,166.57,166.61,14.12,21
2026-06-14 13:54:00+00:00,166.6,166.62,166.56,166.6,14.32,22
2026-06-14 13:55:00+00:00,166.57,166.6,166.57,166.57,4.34,7
2026-06-14 13:56:00+00:00,166.6,166.67,166.6,166.66,90.63,32
2026-06-14 13:57:00+00:00,166.66,166.67,166.63,166.65,21.92,12
2026-06-14 13:58:00+00:00,166.66,166.73,166.66,166.73,38.45,18
2026-06-14 13:59:00+00:00,166.73,166.8,166.73,166.79,35.87,24
2026-06-14 14:00:00+00:00,166.8,166.98,166.8,166.95,203.45,67
2026-06-14 14:01:00+00:00,166.95,167.0,166.95,166.95,75.65,27
2026-06-14 14:02:00+00:00,166.97,166.98,166.87,166.87,15.68,23
2026-06-14 14:03:00+00:00,166.86,166.87,166.86,166.87,1.27,5
2026-06-14 14:04:00+00:00,166.87,166.87,166.69,166.69,61.05,26
2026-06-14 14:05:00+00:00,166.72,166.79,166.72,166.79,106.29,21
2026-06-14 14:06:00+00:00,166.8,166.89,166.8,166.87,11.79,15
2026-06-14 14:07:00+00:00,166.87,166.91,166.87,166.9,18.84,24
2026-06-14 14:08:00+00:00,166.9,166.9,166.89,166.89,8.65,7
2026-06-14 14:09:00+00:00,166.85,166.86,166.73,166.73,46.11,18
2026-06-14 14:10:00+00:00,166.72,166.75,166.72,166.75,1.35,2
2026-06-14 14:11:00+00:00,166.74,166.74,166.66,166.66,4.41,10
2026-06-14 14:12:00+00:00,166.68,166.68,166.65,166.65,5.16,11
2026-06-14 14:13:00+00:00,166.64,166.81,166.58,166.81,101.54,54
2026-06-14 14:14:00+00:00,166.81,166.88,166.77,166.86,224.95,32
2026-06-14 14:15:00+00:00,166.87,166.89,166.79,166.79,109.4,32
2026-06-14 14:16:00+00:00,166.79,166.8,166.79,166.79,1.32,4
2026-06-14 14:17:00+00:00,166.79,166.79,166.7,166.7,12.18,9
2026-06-14 14:18:00+00:00,166.71,166.73,166.7,166.73,16.33,14
2026-06-14 14:19:00+00:00,166.73,166.74,166.73,166.74,4.1,7
2026-06-14 14:20:00+00:00,166.75,166.77,166.7,166.7,139.0,27
2026-06-14 14:21:00+00:00,166.71,166.76,166.71,166.75,24.78,23
2026-06-14 14:22:00+00:00,166.75,166.84,166.74,166.84,42.38,32
2026-06-14 14:23:00+00:00,166.84,166.84,166.83,166.83,21.02,14
2026-06-14 14:24:00+00:00,166.84,166.88,166.83,166.87,30.62,22
2026-06-14 14:25:00+00:00,166.87,166.9,166.87,166.88,40.54,23
2026-06-14 14:26:00+00:00,166.88,166.88,166.83,166.84,30.3,12
2026-06-14 14:27:00+00:00,166.84,166.86,166.83,166.83,31.43,15
2026-06-14 14:28:00+00:00,166.83,166.83,166.78,166.78,77.76,28
2026-06-14 14:29:00+00:00,166.75,166.75,166.64,166.67,160.35,28
2026-06-14 14:30:00+00:00,166.67,166.67,166.52,166.57,165.16,33
2026-06-14 14:31:00+00:00,166.52,166.52,166.47,166.5,19.57,25
2026-06-14 14:32:00+00:00,166.49,166.5,166.44,166.44,89.01,22
2026-06-14 14:33:00+00:00,166.44,166.47,166.36,166.36,168.26,38
2026-06-14 14:34:00+00:00,166.33,166.33,166.05,166.13,232.87,72
2026-06-14 14:35:00+00:00,166.13,166.17,166.06,166.12,65.27,32
2026-06-14 14:36:00+00:00,166.15,166.18,166.15,166.18,6.34,9
2026-06-14 14:37:00+00:00,166.22,166.26,166.16,166.26,108.08,31
2026-06-14 14:38:00+00:00,166.2,166.2,166.05,166.12,284.65,39
2026-06-14 14:39:00+00:00,166.14,166.14,166.11,166.12,280.83,22
2026-06-14 14:40:00+00:00,166.12,166.17,166.02,166.15,548.92,64
2026-06-14 14:41:00+00:00,166.14,166.14,166.05,166.13,190.51,40
2026-06-14 14:42:00+00:00,166.13,166.13,166.0,166.0,148.36,28
2026-06-14 14:43:00+00:00,166.01,166.04,166.0,166.0,112.71,18
2026-06-14 14:44:00+00:00,166.0,166.01,166.0,166.01,92.2,13
2026-06-14 14:45:00+00:00,166.0,166.01,166.0,166.0,516.75,31
2026-06-14 14:46:00+00:00,166.01,166.01,165.95,165.97,190.45,32
2026-06-14 14:47:00+00:00,166.0,166.03,165.95,165.95,326.86,51
2026-06-14 14:48:00+00:00,166.0,166.0,165.68,165.68,1526.21,131
2026-06-14 14:49:00+00:00,165.71,165.95,165.71,165.89,536.28,85
2026-06-14 14:50:00+00:00,165.89,166.08,165.89,166.08,187.02,33
2026-06-14 14:51:00+00:00,166.08,166.29,166.08,166.27,112.76,45
2026-06-14 14:52:00+00:00,166.25,166.3,166.16,166.16,213.74,54
2026-06-14 14:53:00+00:00,166.2,166.31,166.19,166.21,270.15,36
2026-06-14 14:54:00+00:00,166.17,166.18,166.17,166.18,11.49,8
2026-06-14 14:55:00+00:00,166.17,166.22,166.17,166.21,57.2,21
2026-06-14 14:56:00+00:00,166.2,166.21,166.09,166.09,151.67,26
2026-06-14 14:57:00+00:00,166.14,166.17,166.14,166.17,12.05,11
2026-06-14 14:58:00+00:00,166.12,166.15,166.12,166.13,3.21,10
2026-06-14 14:59:00+00:00,166.13,166.13,166.03,166.03,14.78,12
2026-06-14 15:00:00+00:00,166.05,166.33,166.05,166.32,185.07,77
2026-06-14 15:01:00+00:00,166.32,166.42,166.32,166.39,66.52,16
2026-06-14 15:02:00+00:00,166.39,166.43,166.35,166.43,46.89,18
2026-06-14 15:03:00+00:00,166.44,166.5,166.3,166.3,202.98,31
2026-06-14 15:04:00+00:00,166.33,166.34,166.28,166.31,19.55,21
2026-06-14 15:05:00+00:00,166.32,166.37,166.32,166.33,30.1,17
2026-06-14 15:06:00+00:00,166.34,166.44,166.34,166.42,230.83,46
2026-06-14 15:07:00+00:00,166.38,166.43,166.38,166.43,2.08,3
2026-06-14 15:08:00+00:00,166.42,166.58,166.42,166.58,142.46,28
2026-06-14 15:09:00+00:00,166.64,166.66,166.62,166.64,89.76,21
2026-06-14 15:10:00+00:00,166.64,166.7,166.59,166.7,239.03,44
2026-06-14 15:11:00+00:00,166.65,166.65,166.55,166.6,168.67,34
2026-06-14 15:12:00+00:00,166.59,166.76,166.59,166.76,98.61,34
2026-06-14 15:13:00+00:00,166.72,166.75,166.69,166.7,129.26,25
2026-06-14 15:14:00+00:00,166.64,166.76,166.61,166.71,101.72,23
2026-06-14 15:15:00+00:00,166.71,166.81,166.63,166.63,544.83,80
2026-06-14 15:16:00+00:00,166.63,166.69,166.63,166.64,12.44,15
2026-06-14 15:17:00+00:00,166.63,166.64,166.59,166.61,56.38,26
2026-06-14 15:18:00+00:00,166.66,166.73,166.65,166.66,199.93,38
2026-06-14 15:19:00+00:00,166.66,166.66,166.6,166.6,37.99,19
2026-06-14 15:20:00+00:00,166.65,166.67,166.54,166.54,103.02,37
2026-06-14 15:21:00+00:00,166.52,166.56,166.48,166.56,60.14,33
2026-06-14 15:22:00+00:00,166.51,166.58,166.49,166.55,178.25,33
2026-06-14 15:23:00+00:00,166.55,166.62,166.5,166.6,204.08,31
2026-06-14 15:24:00+00:00,166.56,166.59,166.54,166.55,94.72,17
2026-06-14 15:25:00+00:00,166.55,166.55,166.43,166.44,63.5,31
2026-06-14 15:26:00+00:00,166.44,166.47,166.43,166.44,4.73,7
2026-06-14 15:27:00+00:00,166.43,166.43,166.34,166.35,5.25,13
2026-06-14 15:28:00+00:00,166.35,166.4,166.34,166.34,102.95,24
2026-06-14 15:29:00+00:00,166.34,166.34,166.28,166.28,7.55,13
2026-06-14 15:30:00+00:00,166.32,166.32,166.32,166.32,0.07,1
2026-06-14 15:31:00+00:00,166.33,166.33,166.3,166.3,8.26,11
2026-06-14 15:32:00+00:00,166.31,166.33,166.28,166.31,12.87,18
2026-06-14 15:33:00+00:00,166.28,166.33,166.28,166.33,268.26,15
2026-06-14 15:34:00+00:00,166.32,166.33,166.31,166.33,34.69,7
2026-06-14 15:35:00+00:00,166.33,166.33,166.27,166.33,311.8,29
2026-06-14 15:36:00+00:00,166.33,166.33,166.23,166.3,214.14,42
2026-06-14 15:37:00+00:00,166.28,166.41,166.28,166.4,186.95,19
2026-06-14 15:38:00+00:00,166.38,166.42,166.32,166.42,107.25,23
2026-06-14 15:39:00+00:00,166.33,166.43,166.28,166.42,272.46,52
2026-06-14 15:40:00+00:00,166.39,166.42,166.37,166.39,7.03,9
2026-06-14 15:41:00+00:00,166.43,166.5,166.43,166.49,0.23,3
2026-06-14 15:42:00+00:00,166.5,166.56,166.5,166.54,7.79,8
2026-06-14 15:43:00+00:00,166.57,166.58,166.52,166.52,13.17,5
2026-06-14 15:44:00+00:00,166.55,166.55,166.5,166.5,2.68,7
2026-06-14 15:45:00+00:00,166.52,166.55,166.44,166.48,119.83,25
2026-06-14 15:46:00+00:00,166.5,166.59,166.5,166.59,40.98,20
2026-06-14 15:47:00+00:00,166.58,166.62,166.54,166.62,40.47,19
2026-06-14 15:48:00+00:00,166.57,166.65,166.51,166.62,127.37,41
2026-06-14 15:49:00+00:00,166.59,166.61,166.54,166.59,39.9,26
2026-06-14 15:50:00+00:00,166.56,166.6,166.54,166.58,40.09,18
2026-06-14 15:51:00+00:00,166.58,166.66,166.53,166.66,169.43,57
2026-06-14 15:52:00+00:00,166.58,166.6,166.5,166.6,180.48,38
2026-06-14 15:53:00+00:00,166.56,166.57,166.45,166.5,36.21,26
2026-06-14 15:54:00+00:00,166.48,166.48,166.41,166.44,37.28,14
2026-06-14 15:55:00+00:00,166.43,166.57,166.41,166.56,71.67,20
2026-06-14 15:56:00+00:00,166.52,166.6,166.51,166.6,26.98,15
2026-06-14 15:57:00+00:00,166.6,166.65,166.54,166.62,34.42,22
2026-06-14 15:58:00+00:00,166.63,166.63,166.62,166.63,2.68,8
2026-06-14 15:59:00+00:00,166.62,166.64,166.55,166.55,89.69,25
2026-06-14 16:00:00+00:00,166.5,166.6,166.5,166.6,6.22,9
2026-06-14 16:01:00+00:00,166.61,166.81,166.57,166.81,331.42,58
2026-06-14 16:02:00+00:00,166.7,166.78,166.65,166.65,956.56,63
2026-06-14 16:03:00+00:00,166.65,166.74,166.62,166.65,155.8,33
2026-06-14 16:04:00+00:00,166.61,166.71,166.56,166.6,77.72,25
2026-06-14 16:05:00+00:00,166.61,166.63,166.59,166.63,2.67,12
2026-06-14 16:06:00+00:00,166.63,166.68,166.61,166.61,23.68,12
2026-06-14 16:07:00+00:00,166.58,166.62,166.55,166.55,23.82,20
2026-06-14 16:08:00+00:00,166.69,166.74,166.66,166.67,9.78,10
2026-06-14 16:09:00+00:00,166.63,166.68,166.61,166.68,6.46,17
2026-06-14 16:10:00+00:00,166.65,166.68,166.63,166.63,8.41,6
2026-06-14 16:11:00+00:00,166.62,166.71,166.62,166.67,39.04,15
2026-06-14 16:12:00+00:00,166.69,166.74,166.68,166.7,8.05,8
2026-06-14 16:13:00+00:00,166.66,166.78,166.66,166.76,157.32,19
2026-06-14 16:14:00+00:00,166.76,166.89,166.76,166.89,46.54,14
2026-06-14 16:15:00+00:00,166.9,166.9,166.87,166.87,23.6,14
2026-06-14 16:16:00+00:00,166.9,166.9,166.88,166.89,9.82,11
2026-06-14 16:17:00+00:00,166.87,166.87,166.78,166.78,174.7,18
2026-06-14 16:18:00+00:00,166.77,166.77,166.69,166.69,24.2,21
2026-06-14 16:19:00+00:00,166.69,166.69,166.69,166.69,0.14,2
2026-06-14 16:20:00+00:00,166.72,166.72,166.65,166.67,26.9,11
2026-06-14 16:21:00+00:00,166.68,166.78,166.68,166.78,14.37,9
2026-06-14 16:22:00+00:00,166.77,166.77,166.72,166.72,86.58,15
2026-06-14 16:23:00+00:00,166.76,166.76,166.73,166.74,30.83,6
2026-06-14 16:24:00+00:00,166.73,166.73,166.59,166.7,17.03,15
2026-06-14 16:25:00+00:00,166.69,166.74,166.65,166.74,42.96,14
2026-06-14 16:26:00+00:00,166.71,166.74,166.7,166.72,3.55,6
2026-06-14 16:27:00+00:00,166.72,166.75,166.72,166.72,2.55,6
2026-06-14 16:28:00+00:00,166.72,166.76,166.72,166.76,2.27,4
2026-06-14 16:29:00+00:00,166.73,166.8,166.71,166.77,29.46,22
2026-06-14 16:30:00+00:00,166.79,166.86,166.75,166.86,29.69,18
2026-06-14 16:31:00+00:00,166.8,166.8,166.8,166.8,0.07,1
2026-06-14 16:32:00+00:00,166.83,166.83,166.75,166.75,18.25,6
2026-06-14 16:33:00+00:00,166.75,166.76,166.75,166.75,6.62,6
2026-06-14 16:34:00+00:00,166.75,166.8,166.75,166.8,5.51,7
2026-06-14 16:35:00+00:00,166.8,166.8,166.77,166.8,0.42,5
2026-06-14 16:36:00+00:00,166.82,166.82,166.78,166.8,1.6,12
2026-06-14 16:37:00+00:00,166.76,166.8,166.75,166.76,4.88,6
2026-06-14 16:38:00+00:00,166.75,166.75,166.68,166.69,36.18,7
2026-06-14 16:39:00+00:00,166.69,166.73,166.55,166.55,214.97,38
2026-06-14 16:40:00+00:00,166.64,166.67,166.64,166.67,37.33,8
2026-06-14 16:41:00+00:00,166.66,166.67,166.66,166.67,78.69,20
2026-06-14 16:42:00+00:00,166.66,166.67,166.66,166.67,6.09,9
2026-06-14 16:43:00+00:00,166.67,166.67,166.59,166.62,43.85,26
2026-06-14 16:44:00+00:00,166.61,166.62,166.53,166.54,17.21,17
2026-06-14 16:45:00+00:00,166.54,166.61,166.51,166.54,92.74,35
2026-06-14 16:46:00+00:00,166.54,166.55,166.5,166.51,14.91,13
2026-06-14 16:47:00+00:00,166.55,166.57,166.54,166.57,1.28,6
2026-06-14 16:48:00+00:00,166.55,166.55,166.51,166.51,8.6,10
2026-06-14 16:49:00+00:00,166.52,166.58,166.52,166.56,3.07,9
2026-06-14 16:50:00+00:00,166.56,166.58,166.54,166.54,2.02,5
2026-06-14 16:51:00+00:00,166.55,166.62,166.55,166.6,9.3,10
2026-06-14 16:52:00+00:00,166.59,166.67,166.59,166.67,16.45,17
2026-06-14 16:53:00+00:00,166.66,166.67,166.6,166.62,100.78,9
2026-06-14 16:54:00+00:00,166.61,166.62,166.46,166.46,108.89,26
2026-06-14 16:55:00+00:00,166.49,166.51,166.42,166.46,211.35,42
2026-06-14 16:56:00+00:00,166.5,166.5,166.42,166.48,220.62,33
2026-06-14 16:57:00+00:00,166.47,166.47,166.37,166.44,219.01,40
2026-06-14 16:58:00+00:00,166.41,166.42,166.31,166.35,222.85,49
2026-06-14 16:59:00+00:00,166.34,166.47,166.2,166.45,1831.89,137
2026-06-14 17:00:00+00:00,166.43,166.5,166.42,166.42,18.63,15
2026-06-14 17:01:00+00:00,166.43,166.43,166.41,166.43,32.29,17
2026-06-14 17:02:00+00:00,166.42,166.65,166.42,166.63,60.33,35
2026-06-14 17:03:00+00:00,166.64,166.65,166.61,166.62,10.91,15
2026-06-14 17:04:00+00:00,166.6,166.67,166.6,166.67,19.28,23
2026-06-14 17:05:00+00:00,166.66,166.7,166.66,166.7,9.36,9
2026-06-14 17:06:00+00:00,166.68,166.68,166.6,166.6,78.16,41
2026-06-14 17:07:00+00:00,166.59,166.6,166.58,166.58,247.52,11
2026-06-14 17:08:00+00:00,166.58,166.6,166.58,166.6,48.9,15
2026-06-14 17:09:00+00:00,166.6,166.62,166.59,166.61,46.08,17
2026-06-14 17:10:00+00:00,166.62,166.64,166.61,166.64,9.41,8
2026-06-14 17:11:00+00:00,166.65,166.65,166.62,166.63,26.64,7
2026-06-14 17:12:00+00:00,166.62,166.63,166.6,166.63,14.76,12
2026-06-14 17:13:00+00:00,166.61,166.63,166.57,166.59,14.38,25
2026-06-14 17:14:00+00:00,166.59,166.61,166.57,166.61,6.23,11
2026-06-14 17:15:00+00:00,166.6,166.61,166.57,166.6,8.27,19
2026-06-14 17:16:00+00:00,166.59,166.65,166.57,166.64,40.6,24
2026-06-14 17:17:00+00:00,166.62,166.66,166.55,166.61,129.53,30
2026-06-14 17:18:00+00:00,166.58,166.7,166.58,166.63,189.99,53
2026-06-14 17:19:00+00:00,166.66,166.71,166.6,166.61,124.95,14
2026-06-14 17:20:00+00:00,166.63,166.63,166.6,166.63,0.42,5
2026-06-14 17:21:00+00:00,166.63,166.66,166.6,166.61,15.09,20
2026-06-14 17:22:00+00:00,166.64,166.68,166.61,166.68,11.27,27
2026-06-14 17:23:00+00:00,166.66,166.71,166.63,166.68,16.03,23
2026-06-14 17:24:00+00:00,166.7,166.71,166.6,166.6,354.02,69
2026-06-14 17:25:00+00:00,166.6,166.64,166.56,166.56,182.73,33
2026-06-14 17:26:00+00:00,166.56,166.56,166.51,166.51,18.68,24
2026-06-14 17:27:00+00:00,166.51,166.52,166.51,166.51,9.6,11
2026-06-14 17:28:00+00:00,166.51,166.51,166.44,166.49,92.18,42
2026-06-14 17:29:00+00:00,166.49,166.51,166.48,166.49,17.72,10
2026-06-14 17:30:00+00:00,166.49,166.52,166.47,166.52,54.56,18
2026-06-14 17:31:00+00:00,166.5,166.52,166.5,166.52,0.21,3
2026-06-14 17:32:00+00:00,166.51,166.53,166.51,166.53,3.39,8
2026-06-14 17:33:00+00:00,166.51,166.52,166.5,166.5,20.22,13
2026-06-14 17:34:00+00:00,166.5,166.51,166.5,166.5,54.46,14
2026-06-14 17:35:00+00:00,166.51,166.51,166.48,166.48,6.19,12
2026-06-14 17:36:00+00:00,166.5,166.54,166.5,166.54,35.29,12
2026-06-14 17:37:00+00:00,166.54,166.6,166.41,166.41,180.81,59
2026-06-14 17:38:00+00:00,166.5,166.52,166.48,166.48,11.93,13
2026-06-14 17:39:00+00:00,166.48,166.48,166.47,166.48,8.36,8
2026-06-14 17:40:00+00:00,166.48,166.51,166.48,166.51,26.15,20
2026-06-14 17:41:00+00:00,166.5,166.51,166.5,166.5,15.19,12
2026-06-14 17:42:00+00:00,166.48,166.49,166.45,166.45,6.56,12
2026-06-14 17:43:00+00:00,166.45,166.48,166.43,166.48,33.33,28
2026-06-14 17:44:00+00:00,166.44,166.54,166.44,166.54,172.2,20
2026-06-14 17:45:00+00:00,166.53,166.54,166.48,166.54,30.88,14
2026-06-14 17:46:00+00:00,166.52,166.52,166.46,166.5,10.67,9
2026-06-14 17:47:00+00:00,166.43,166.46,166.43,166.46,3.17,4
2026-06-14 17:48:00+00:00,166.43,166.46,166.42,166.43,4.73,7
2026-06-14 17:49:00+00:00,166.42,166.43,166.38,166.38,7.01,7
2026-06-14 17:50:00+00:00,166.33,166.38,166.3,166.38,25.04,14
2026-06-14 17:51:00+00:00,166.33,166.41,166.3,166.41,170.49,27
2026-06-14 17:52:00+00:00,166.4,166.45,166.37,166.45,54.52,14
2026-06-14 17:53:00+00:00,166.41,166.45,166.0,166.01,702.86,68
2026-06-14 17:54:00+00:00,166.02,166.28,166.02,166.18,1614.59,101
2026-06-14 17:55:00+00:00,166.19,166.19,166.18,166.18,11.87,10
2026-06-14 17:56:00+00:00,166.12,166.17,165.98,166.02,134.07,29
2026-06-14 17:57:00+00:00,166.04,166.18,165.98,166.18,263.28,65
2026-06-14 17:58:00+00:00,166.13,166.19,166.05,166.16,179.38,34
2026-06-14 17:59:00+00:00,166.16,166.18,166.13,166.17,30.9,22
2026-06-14 18:00:00+00:00,166.19,166.19,166.19,166.19,29.99,11
2026-06-14 18:01:00+00:00,166.19,166.19,166.14,166.14,19.0,24
2026-06-14 18:02:00+00:00,166.1,166.14,165.97,166.0,144.0,27
2026-06-14 18:03:00+00:00,166.03,166.07,165.95,166.02,126.65,36
2026-06-14 18:04:00+00:00,166.04,166.19,166.01,166.15,248.69,43
2026-06-14 18:05:00+00:00,166.13,166.19,166.13,166.19,73.74,22
2026-06-14 18:06:00+00:00,166.19,166.19,166.09,166.15,165.64,33
2026-06-14 18:07:00+00:00,166.15,166.19,166.12,166.19,81.16,35
2026-06-14 18:08:00+00:00,166.19,166.28,166.19,166.25,440.74,54
2026-06-14 18:09:00+00:00,166.21,166.22,166.2,166.2,10.94,7
2026-06-14 18:10:00+00:00,166.2,166.21,166.2,166.21,27.07,8
2026-06-14 18:11:00+00:00,166.2,166.35,166.13,166.35,179.57,39
2026-06-14 18:12:00+00:00,166.33,166.33,166.23,166.3,67.17,18
2026-06-14 18:13:00+00:00,166.3,166.36,166.3,166.36,27.68,14
2026-06-14 18:14:00+00:00,166.36,166.36,166.35,166.35,1.05,3
2026-06-14 18:15:00+00:00,166.39,166.44,166.39,166.42,13.44,6
2026-06-14 18:16:00+00:00,166.44,166.44,166.29,166.29,103.1,9
2026-06-14 18:17:00+00:00,166.26,166.26,166.26,166.26,0.53,1
2026-06-14 18:18:00+00:00,166.25,166.25,166.22,166.22,6.1,7
2026-06-14 18:19:00+00:00,166.24,166.24,166.18,166.18,214.78,26
2026-06-14 18:20:00+00:00,166.22,166.22,166.18,166.18,38.62,7
2026-06-14 18:21:00+00:00,166.18,166.23,166.18,166.21,27.44,23
2026-06-14 18:22:00+00:00,166.12,166.19,166.03,166.03,157.55,51
2026-06-14 18:23:00+00:00,166.03,166.12,166.02,166.1,118.26,43
2026-06-14 18:24:00+00:00,166.01,166.08,165.96,166.03,232.38,49
2026-06-14 18:25:00+00:00,166.02,166.02,165.95,166.02,43.49,14
2026-06-14 18:26:00+00:00,165.97,166.0,165.9,165.98,127.64,25
2026-06-14 18:27:00+00:00,165.95,165.98,165.95,165.96,18.19,6
2026-06-14 18:28:00+00:00,165.94,165.98,165.94,165.98,34.91,6
2026-06-14 18:29:00+00:00,165.96,166.0,165.96,165.98,16.87,6
2026-06-14 18:30:00+00:00,166.0,166.0,165.89,165.97,536.11,37
2026-06-14 18:31:00+00:00,165.98,166.05,165.98,166.01,48.24,14
2026-06-14 18:32:00+00:00,166.09,166.12,166.07,166.12,80.3,17
2026-06-14 18:33:00+00:00,166.11,166.18,166.08,166.15,23.53,11
2026-06-14 18:34:00+00:00,166.14,166.14,166.1,166.14,16.56,4
2026-06-14 18:35:00+00:00,166.09,166.09,166.01,166.04,17.52,7
2026-06-14 18:36:00+00:00,166.0,166.08,165.98,166.08,37.36,14
2026-06-14 18:37:00+00:00,166.07,166.14,166.06,166.14,18.46,7
2026-06-14 18:38:00+00:00,166.1,166.11,165.94,166.11,29.74,19
2026-06-14 18:39:00+00:00,166.15,166.18,166.12,166.15,28.46,13
2026-06-14 18:40:00+00:00,166.16,166.2,166.11,166.2,33.4,18
2026-06-14 18:41:00+00:00,166.2,166.2,166.12,166.18,41.17,26
2026-06-14 18:42:00+00:00,166.1,166.14,166.09,166.12,33.98,22
2026-06-14 18:43:00+00:00,166.08,166.15,166.05,166.09,100.41,35
2026-06-14 18:44:00+00:00,166.09,166.16,166.07,166.16,37.64,23
2026-06-14 18:45:00+00:00,166.09,166.11,166.06,166.11,26.63,22
2026-06-14 18:46:00+00:00,166.18,166.18,166.17,166.18,16.48,3
2026-06-14 18:47:00+00:00,166.06,166.13,166.03,166.11,74.23,26
2026-06-14 18:48:00+00:00,166.09,166.14,166.09,166.14,22.71,11
2026-06-14 18:49:00+00:00,166.13,166.14,166.12,166.14,17.87,13
2026-06-14 18:50:00+00:00,166.14,166.15,166.14,166.14,16.58,6
2026-06-14 18:51:00+00:00,166.19,166.2,166.19,166.19,16.49,5
2026-06-14 18:52:00+00:00,166.2,166.25,166.2,166.25,36.11,3
2026-06-14 18:53:00+00:00,166.25,166.28,166.25,166.26,56.61,11
2026-06-14 18:54:00+00:00,166.31,166.34,166.31,166.34,58.35,9
2026-06-14 18:55:00+00:00,166.34,166.36,166.34,166.36,56.73,10
2026-06-14 18:56:00+00:00,166.38,166.4,166.26,166.31,88.47,29
2026-06-14 18:57:00+00:00,166.29,166.32,166.24,166.24,101.95,39
2026-06-14 18:58:00+00:00,166.29,166.34,166.29,166.34,39.82,10
2026-06-14 18:59:00+00:00,166.36,166.42,166.36,166.42,39.95,13
2026-06-14 19:00:00+00:00,166.4,166.43,166.39,166.39,49.86,25
2026-06-14 19:01:00+00:00,166.39,166.43,166.31,166.35,150.49,41
2026-06-14 19:02:00+00:00,166.35,166.36,166.32,166.34,47.46,16
2026-06-14 19:03:00+00:00,166.38,166.5,166.36,166.46,91.41,39
2026-06-14 19:04:00+00:00,166.43,166.5,166.36,166.46,46.33,23
2026-06-14 19:05:00+00:00,166.45,166.5,166.45,166.5,39.92,5
2026-06-14 19:06:00+00:00,166.5,166.51,166.36,166.42,83.24,30
2026-06-14 19:07:00+00:00,166.45,166.56,166.45,166.51,94.71,25
2026-06-14 19:08:00+00:00,166.51,166.56,166.41,166.46,53.58,27
2026-06-14 19:09:00+00:00,166.47,166.49,166.4,166.47,54.56,31
2026-06-14 19:10:00+00:00,166.48,166.53,166.39,166.42,129.05,38
2026-06-14 19:11:00+00:00,166.43,166.46,166.4,166.44,41.16,19
2026-06-14 19:12:00+00:00,166.46,166.57,166.46,166.52,55.28,32
2026-06-14 19:13:00+00:00,166.58,166.62,166.51,166.59,51.89,35
2026-06-14 19:14:00+00:00,166.55,166.58,166.47,166.51,137.36,47
2026-06-14 19:15:00+00:00,166.57,166.6,166.43,166.49,71.4,48
2026-06-14 19:16:00+00:00,166.49,166.63,166.49,166.57,83.72,30
2026-06-14 19:17:00+00:00,166.57,166.66,166.54,166.62,60.83,37
2026-06-14 19:18:00+00:00,166.6,166.64,166.5,166.52,291.45,47
2026-06-14 19:19:00+00:00,166.5,166.58,166.48,166.48,44.95,21
2026-06-14 19:20:00+00:00,166.49,166.56,166.42,166.53,81.9,34
2026-06-14 19:21:00+00:00,166.53,166.57,166.51,166.57,44.08,14
2026-06-14 19:22:00+00:00,166.64,166.68,166.63,166.68,74.69,14
2026-06-14 19:23:00+00:00,166.65,166.68,166.61,166.62,3.97,7
2026-06-14 19:24:00+00:00,166.59,166.59,166.52,166.53,8.11,8
2026-06-14 19:25:00+00:00,166.56,166.57,166.45,166.47,64.95,21
2026-06-14 19:26:00+00:00,166.46,166.49,166.44,166.45,18.56,11
2026-06-14 19:27:00+00:00,166.45,166.45,166.37,166.37,9.76,10
2026-06-14 19:28:00+00:00,166.37,166.55,166.37,166.4,134.4,38
2026-06-14 19:29:00+00:00,166.41,166.41,166.39,166.39,32.6,6
2026-06-14 19:30:00+00:00,166.37,166.39,166.35,166.35,2.94,10
2026-06-14 19:31:00+00:00,166.39,166.44,166.37,166.39,17.86,15
2026-06-14 19:32:00+00:00,166.43,166.51,166.35,166.47,176.7,47
2026-06-14 19:33:00+00:00,166.5,166.54,166.5,166.53,8.0,15
2026-06-14 19:34:00+00:00,166.54,166.56,166.5,166.5,68.11,24
2026-06-14 19:35:00+00:00,166.5,166.57,166.48,166.48,98.03,27
2026-06-14 19:36:00+00:00,166.49,166.52,166.47,166.49,10.76,15
2026-06-14 19:37:00+00:00,166.46,166.5,166.44,166.45,70.03,39
2026-06-14 19:38:00+00:00,166.48,166.48,166.43,166.47,128.86,49
2026-06-14 19:39:00+00:00,166.44,166.52,166.43,166.51,7.85,12
2026-06-14 19:40:00+00:00,166.52,166.59,166.51,166.53,73.47,20
2026-06-14 19:41:00+00:00,166.55,166.58,166.49,166.56,49.62,35
2026-06-14 19:42:00+00:00,166.54,166.57,166.45,166.56,107.21,39
2026-06-14 19:43:00+00:00,166.55,166.56,166.44,166.55,91.74,50
2026-06-14 19:44:00+00:00,166.54,166.61,166.54,166.6,25.87,24
2026-06-14 19:45:00+00:00,166.61,166.63,166.55,166.59,23.33,24
2026-06-14 19:46:00+00:00,166.58,166.62,166.52,166.52,35.16,32
2026-06-14 19:47:00+00:00,166.59,166.68,166.55,166.68,31.78,33
2026-06-14 19:48:00+00:00,166.68,166.7,166.66,166.7,23.6,22
2026-06-14 19:49:00+00:00,166.68,166.69,166.58,166.64,63.41,36
2026-06-14 19:50:00+00:00,166.64,166.7,166.61,166.7,44.96,26
2026-06-14 19:51:00+00:00,166.73,166.77,166.68,166.71,28.74,43
2026-06-14 19:52:00+00:00,166.71,166.77,166.69,166.77,27.55,21
2026-06-14 19:53:00+00:00,166.77,166.81,166.75,166.76,37.17,32
2026-06-14 19:54:00+00:00,166.77,166.81,166.7,166.78,32.72,34
2026-06-14 19:55:00+00:00,166.79,166.82,166.68,166.75,48.28,43
2026-06-14 19:56:00+00:00,166.7,166.8,166.66,166.8,20.72,14
2026-06-14 19:57:00+00:00,166.79,166.83,166.75,166.81,125.45,46
2026-06-14 19:58:00+00:00,166.81,166.81,166.67,166.8,36.61,31
2026-06-14 19:59:00+00:00,166.79,166.8,166.7,166.77,31.14,27
2026-06-14 20:00:00+00:00,166.79,166.85,166.79,166.85,142.67,14
2026-06-14 20:01:00+00:00,166.85,166.85,166.82,166.82,162.31,43
2026-06-14 20:02:00+00:00,166.8,166.85,166.8,166.85,21.52,13
2026-06-14 20:03:00+00:00,166.85,166.85,166.79,166.84,69.59,35
2026-06-14 20:04:00+00:00,166.82,166.84,166.73,166.75,190.48,44
2026-06-14 20:05:00+00:00,166.74,166.78,166.68,166.78,49.43,32
2026-06-14 20:06:00+00:00,166.77,166.78,166.7,166.76,26.28,29
2026-06-14 20:07:00+00:00,166.74,166.79,166.68,166.79,29.76,29
2026-06-14 20:08:00+00:00,166.8,166.85,166.78,166.85,67.35,37
2026-06-14 20:09:00+00:00,166.82,166.85,166.76,166.85,79.92,32
2026-06-14 20:10:00+00:00,166.85,166.85,166.77,166.83,30.87,19
2026-06-14 20:11:00+00:00,166.81,166.81,166.68,166.68,36.29,30
2026-06-14 20:12:00+00:00,166.75,166.76,166.72,166.73,3.66,12
2026-06-14 20:13:00+00:00,166.75,166.84,166.74,166.82,6.54,12
2026-06-14 20:14:00+00:00,166.83,166.85,166.81,166.85,2.37,10
2026-06-14 20:15:00+00:00,166.85,166.85,166.76,166.79,39.85,21
2026-06-14 20:16:00+00:00,166.84,166.85,166.77,166.79,8.36,10
2026-06-14 20:17:00+00:00,166.79,166.79,166.67,166.73,68.49,19
2026-06-14 20:18:00+00:00,166.73,166.83,166.73,166.83,11.41,15
2026-06-14 20:19:00+00:00,166.82,166.9,166.8,166.87,160.5,27
2026-06-14 20:20:00+00:00,166.87,167.0,166.87,166.96,226.55,51
2026-06-14 20:21:00+00:00,166.96,167.07,166.96,167.07,88.19,43
2026-06-14 20:22:00+00:00,167.07,167.08,166.93,167.03,627.24,66
2026-06-14 20:23:00+00:00,167.03,167.08,167.0,167.04,11.83,20
2026-06-14 20:24:00+00:00,167.04,167.07,166.95,167.04,238.06,42
2026-06-14 20:25:00+00:00,167.04,167.05,167.01,167.05,13.57,18
2026-06-14 20:26:00+00:00,167.0,167.02,167.0,167.02,5.55,13
2026-06-14 20:27:00+00:00,167.01,167.08,166.99,167.06,24.55,34
2026-06-14 20:28:00+00:00,167.06,167.06,166.99,167.02,12.04,15
2026-06-14 20:29:00+00:00,167.01,167.01,166.89,166.89,502.62,46
2026-06-14 20:30:00+00:00,166.9,166.95,166.89,166.95,51.43,22
2026-06-14 20:31:00+00:00,166.96,166.98,166.92,166.92,44.34,16
2026-06-14 20:32:00+00:00,166.93,166.95,166.91,166.93,10.8,16
2026-06-14 20:33:00+00:00,166.95,166.95,166.94,166.95,10.24,11
2026-06-14 20:34:00+00:00,166.95,166.95,166.9,166.92,27.61,17
2026-06-14 20:35:00+00:00,166.93,167.04,166.9,167.01,57.35,24
2026-06-14 20:36:00+00:00,167.01,167.01,166.98,166.99,2.69,10
2026-06-14 20:37:00+00:00,166.96,166.98,166.93,166.98,236.57,33
2026-06-14 20:38:00+00:00,166.98,166.98,166.97,166.98,10.84,14
2026-06-14 20:39:00+00:00,166.98,166.99,166.9,166.95,534.48,42
2026-06-14 20:40:00+00:00,166.95,166.95,166.84,166.89,23.01,21
2026-06-14 20:41:00+00:00,166.89,166.91,166.89,166.91,3.69,9
2026-06-14 20:42:00+00:00,166.91,166.93,166.59,166.7,1925.67,83
2026-06-14 20:43:00+00:00,166.72,166.99,166.69,166.89,2257.82,107
2026-06-14 20:44:00+00:00,166.9,166.9,166.81,166.81,21.42,17
2026-06-14 20:45:00+00:00,166.88,166.88,166.86,166.86,5.14,11
2026-06-14 20:46:00+00:00,166.87,166.87,166.81,166.81,10.06,13
2026-06-14 20:47:00+00:00,166.82,166.87,166.81,166.86,22.35,14
2026-06-14 20:48:00+00:00,166.84,166.88,166.81,166.83,36.13,21
2026-06-14 20:49:00+00:00,166.82,166.82,166.7,166.7,43.47,22
2026-06-14 20:50:00+00:00,166.72,166.77,166.71,166.73,24.62,22
2026-06-14 20:51:00+00:00,166.71,166.74,166.68,166.68,8.17,14
2026-06-14 20:52:00+00:00,166.7,166.8,166.7,166.78,2.3,6
2026-06-14 20:53:00+00:00,166.78,166.82,166.78,166.82,2.26,8
2026-06-14 20:54:00+00:00,166.82,166.87,166.76,166.77,76.83,33
2026-06-14 20:55:00+00:00,166.81,166.81,166.8,166.81,2.43,8
2026-06-14 20:56:00+00:00,166.81,166.81,166.8,166.81,2.54,8
2026-06-14 20:57:00+00:00,166.81,166.83,166.8,166.83,30.71,14
2026-06-14 20:58:00+00:00,166.83,166.84,166.83,166.84,5.77,12
2026-06-14 20:59:00+00:00,166.84,166.84,166.7,166.71,234.78,35
2026-06-14 21:00:00+00:00,166.8,166.8,166.67,166.78,134.07,38
2026-06-14 21:01:00+00:00,166.79,166.86,166.79,166.82,8.33,13
2026-06-14 21:02:00+00:00,166.85,166.85,166.68,166.68,64.44,29
2026-06-14 21:03:00+00:00,166.7,166.86,166.7,166.86,22.04,20
2026-06-14 21:04:00+00:00,166.82,166.88,166.81,166.86,46.3,26
2026-06-14 21:05:00+00:00,166.87,166.92,166.85,166.85,11.73,18
2026-06-14 21:06:00+00:00,166.91,166.94,166.91,166.92,8.05,16
2026-06-14 21:07:00+00:00,166.92,167.1,166.92,167.06,1028.92,67
2026-06-14 21:08:00+00:00,167.08,167.11,167.06,167.11,25.67,18
2026-06-14 21:09:00+00:00,167.08,167.11,167.04,167.07,30.32,29
2026-06-14 21:10:00+00:00,167.11,167.11,167.03,167.04,13.31,16
2026-06-14 21:11:00+00:00,167.05,167.09,167.02,167.02,14.36,18
2026-06-14 21:12:00+00:00,167.06,167.06,167.03,167.05,7.77,15
2026-06-14 21:13:00+00:00,167.06,167.07,167.0,167.03,10.92,26
2026-06-14 21:14:00+00:00,167.03,167.07,167.0,167.0,18.03,22
2026-06-14 21:15:00+00:00,167.05,167.08,167.05,167.07,181.87,55
2026-06-14 21:16:00+00:00,167.07,167.1,167.07,167.1,96.51,28
2026-06-14 21:17:00+00:00,167.07,167.12,167.07,167.12,41.61,23
2026-06-14 21:18:00+00:00,167.09,167.21,167.09,167.19,223.94,30
2026-06-14 21:19:00+00:00,167.21,167.28,167.21,167.27,31.47,20
2026-06-14 21:20:00+00:00,167.21,167.26,167.15,167.16,25.76,19
2026-06-14 21:21:00+00:00,167.24,167.28,167.22,167.28,14.66,16
2026-06-14 21:22:00+00:00,167.27,167.44,167.27,167.38,858.38,111
2026-06-14 21:23:00+00:00,167.35,167.45,167.26,167.43,332.96,63
2026-06-14 21:24:00+00:00,167.41,167.47,167.35,167.35,175.54,45
2026-06-14 21:25:00+00:00,167.36,167.39,167.35,167.35,115.47,19
2026-06-14 21:26:00+00:00,167.35,167.4,167.3,167.34,39.73,34
2026-06-14 21:27:00+00:00,167.34,167.45,167.32,167.4,188.78,60
2026-06-14 21:28:00+00:00,167.4,167.4,167.31,167.31,43.05,40
2026-06-14 21:29:00+00:00,167.37,167.5,167.31,167.5,104.83,72
2026-06-14 21:30:00+00:00,167.52,167.62,167.47,167.47,189.23,75
2026-06-14 21:31:00+00:00,167.51,167.76,167.47,167.76,147.84,68
2026-06-14 21:32:00+00:00,167.74,167.83,167.62,167.82,281.46,122
2026-06-14 21:33:00+00:00,167.8,168.0,167.74,168.0,758.58,108
2026-06-14 21:34:00+00:00,168.0,168.07,167.93,167.98,419.92,90
2026-06-14 21:35:00+00:00,167.97,168.03,167.88,167.88,343.08,75
2026-06-14 21:36:00+00:00,167.89,168.42,167.89,168.39,3399.61,263
2026-06-14 21:37:00+00:00,168.4,168.59,168.24,168.53,1299.87,257
2026-06-14 21:38:00+00:00,168.54,169.0,168.54,168.99,1565.32,226
2026-06-14 21:39:00+00:00,169.0,169.0,168.91,168.94,667.36,61
2026-06-14 21:40:00+00:00,168.83,168.99,168.81,168.98,429.92,119
2026-06-14 21:41:00+00:00,168.98,169.0,168.85,168.88,411.55,95
2026-06-14 21:42:00+00:00,168.89,169.13,168.81,168.91,2820.29,267
2026-06-14 21:43:00+00:00,168.92,169.0,168.76,168.99,2511.37,214
2026-06-14 21:44:00+00:00,168.91,169.0,168.78,168.8,1854.57,207
2026-06-14 21:45:00+00:00,168.8,168.8,168.69,168.8,289.31,99
2026-06-14 21:46:00+00:00,168.79,168.97,168.74,168.97,967.13,135
2026-06-14 21:47:00+00:00,168.98,169.06,168.86,168.91,1892.35,120
2026-06-14 21:48:00+00:00,168.91,169.08,168.91,169.04,490.92,89
2026-06-14 21:49:00+00:00,169.04,169.06,168.86,168.98,678.15,116
2026-06-14 21:50:00+00:00,169.0,169.05,168.59,168.66,1270.93,192
2026-06-14 21:51:00+00:00,168.66,168.78,168.48,168.59,2295.23,125
2026-06-14 21:52:00+00:00,168.6,168.66,168.51,168.51,276.41,66
2026-06-14 21:53:00+00:00,168.52,168.58,168.37,168.58,602.0,78
2026-06-14 21:54:00+00:00,168.58,168.69,168.43,168.44,244.52,65
2026-06-14 21:55:00+00:00,168.45,168.59,168.41,168.41,249.34,62
2026-06-14 21:56:00+00:00,168.49,168.59,168.41,168.5,193.45,64
2026-06-14 21:57:00+00:00,168.53,168.62,168.47,168.5,418.76,92
2026-06-14 21:58:00+00:00,168.46,168.5,168.39,168.42,131.27,49
2026-06-14 21:59:00+00:00,168.43,168.5,168.03,168.28,2508.39,159
2026-06-14 22:00:00+00:00,168.25,168.41,168.13,168.31,270.44,62
2026-06-14 22:01:00+00:00,168.38,168.5,168.29,168.37,174.05,76
2026-06-14 22:02:00+00:00,168.41,168.5,168.29,168.39,450.78,90
2026-06-14 22:03:00+00:00,168.41,168.56,168.31,168.35,375.27,74
2026-06-14 22:04:00+00:00,168.35,168.35,168.11,168.14,1492.48,170
2026-06-14 22:05:00+00:00,168.15,168.15,167.52,167.54,3480.87,246
2026-06-14 22:06:00+00:00,167.56,167.7,167.54,167.65,241.51,59
2026-06-14 22:07:00+00:00,167.7,167.7,167.38,167.54,625.47,119
2026-06-14 22:08:00+00:00,167.54,167.64,167.35,167.63,281.37,75
2026-06-14 22:09:00+00:00,167.64,167.99,167.64,167.95,565.72,107
2026-06-14 22:10:00+00:00,167.9,168.16,167.88,168.16,263.78,51
2026-06-14 22:11:00+00:00,168.17,168.17,167.97,168.06,145.17,37
2026-06-14 22:12:00+00:00,168.07,168.19,167.99,168.12,342.08,51
2026-06-14 22:13:00+00:00,168.12,168.34,168.08,168.29,34.64,22
2026-06-14 22:14:00+00:00,168.26,168.32,168.05,168.05,21.82,16
2026-06-14 22:15:00+00:00,168.0,168.0,167.99,167.99,266.53,33
2026-06-14 22:16:00+00:00,167.99,168.0,167.9,167.9,511.78,41
2026-06-14 22:17:00+00:00,167.89,167.96,167.67,167.86,881.02,110
2026-06-14 22:18:00+00:00,167.78,167.93,167.73,167.9,29.34,21
2026-06-14 22:19:00+00:00,167.9,168.07,167.86,168.07,246.69,58
2026-06-14 22:20:00+00:00,168.04,168.06,167.96,168.03,184.0,31
2026-06-14 22:21:00+00:00,168.02,168.02,167.99,168.01,13.86,10
2026-06-14 22:22:00+00:00,168.0,168.05,167.99,168.05,48.48,19
2026-06-14 22:23:00+00:00,168.06,168.1,168.0,168.04,97.8,46
2026-06-14 22:24:00+00:00,168.08,168.15,168.08,168.14,37.41,16
2026-06-14 22:25:00+00:00,168.13,168.93,168.11,168.85,1344.65,186
2026-06-14 22:26:00+00:00,168.86,169.29,168.86,169.17,743.08,130
2026-06-14 22:27:00+00:00,169.17,169.17,168.94,169.1,1107.96,96
2026-06-14 22:28:00+00:00,169.1,169.31,169.08,169.23,866.79,79
2026-06-14 22:29:00+00:00,169.24,169.45,169.23,169.3,1890.3,194
2026-06-14 22:30:00+00:00,169.3,169.41,169.12,169.23,781.25,103
2026-06-14 22:31:00+00:00,169.25,169.29,169.09,169.1,1268.33,153
2026-06-14 22:32:00+00:00,169.1,169.13,169.0,169.0,546.75,85
2026-06-14 22:33:00+00:00,169.01,169.3,169.01,169.21,426.35,77
2026-06-14 22:34:00+00:00,169.2,169.45,169.2,169.38,478.83,105
2026-06-14 22:35:00+00:00,169.39,169.45,169.31,169.35,487.03,115
2026-06-14 22:36:00+00:00,169.4,169.45,169.39,169.4,506.96,65
2026-06-14 22:37:00+00:00,169.43,169.43,169.39,169.4,777.85,52
2026-06-14 22:38:00+00:00,169.41,169.45,169.31,169.32,401.71,69
2026-06-14 22:39:00+00:00,169.37,169.37,169.08,169.1,1088.22,92
2026-06-14 22:40:00+00:00,169.1,169.1,168.65,168.77,2587.79,157
2026-06-14 22:41:00+00:00,168.79,168.89,168.7,168.81,125.82,53
2026-06-14 22:42:00+00:00,168.84,168.89,168.78,168.78,602.39,64
2026-06-14 22:43:00+00:00,168.82,168.92,168.78,168.85,115.88,25
2026-06-14 22:44:00+00:00,168.86,169.1,168.86,168.94,335.8,66
2026-06-14 22:45:00+00:00,168.96,169.09,168.96,169.04,175.96,53
2026-06-14 22:46:00+00:00,169.08,169.12,169.04,169.08,168.4,47
2026-06-14 22:47:00+00:00,169.11,169.14,169.04,169.05,223.99,61
2026-06-14 22:48:00+00:00,169.08,169.2,169.0,169.12,269.91,91
2026-06-14 22:49:00+00:00,169.18,169.31,169.07,169.18,445.12,128
2026-06-14 22:50:00+00:00,169.2,169.27,169.15,169.16,518.86,96
2026-06-14 22:51:00+00:00,169.18,169.26,169.15,169.21,201.6,55
2026-06-14 22:52:00+00:00,169.21,169.45,169.2,169.35,309.29,104
2026-06-14 22:53:00+00:00,169.35,169.42,169.22,169.25,346.09,82
2026-06-14 22:54:00+00:00,169.3,169.54,169.3,169.54,1304.11,166
2026-06-14 22:55:00+00:00,169.47,169.55,169.28,169.35,856.05,138
2026-06-14 22:56:00+00:00,169.38,169.38,169.14,169.29,307.94,64
2026-06-14 22:57:00+00:00,169.27,169.37,169.24,169.34,374.6,70
2026-06-14 22:58:00+00:00,169.33,169.44,169.33,169.44,375.62,94
2026-06-14 22:59:00+00:00,169.44,169.51,169.39,169.45,309.1,68
2026-06-14 23:00:00+00:00,169.49,169.6,169.35,169.52,720.98,180
2026-06-14 23:01:00+00:00,169.53,169.53,169.31,169.43,250.2,73
2026-06-14 23:02:00+00:00,169.38,169.42,169.1,169.2,2264.83,143
2026-06-14 23:03:00+00:00,169.2,169.26,169.17,169.24,228.88,43
2026-06-14 23:04:00+00:00,169.22,169.27,169.18,169.25,207.74,53
2026-06-14 23:05:00+00:00,169.23,169.23,168.92,168.96,389.82,72
2026-06-14 23:06:00+00:00,168.97,168.97,168.77,168.91,632.92,70
2026-06-14 23:07:00+00:00,168.94,168.95,168.85,168.94,444.55,35
2026-06-14 23:08:00+00:00,168.95,169.05,168.8,168.92,842.79,77
2026-06-14 23:09:00+00:00,168.93,168.94,168.81,168.86,86.99,35
2026-06-14 23:10:00+00:00,168.88,169.04,168.85,168.99,271.63,53
2026-06-14 23:11:00+00:00,168.99,169.04,168.98,169.03,37.69,24
2026-06-14 23:12:00+00:00,169.02,169.03,168.79,168.87,1797.62,116
2026-06-14 23:13:00+00:00,168.87,169.01,168.87,169.01,941.7,49
2026-06-14 23:14:00+00:00,168.93,168.97,168.75,168.84,717.28,48
2026-06-14 23:15:00+00:00,168.84,168.85,168.78,168.83,381.53,26
2026-06-14 23:16:00+00:00,168.83,168.83,168.66,168.71,209.52,55
2026-06-14 23:17:00+00:00,168.72,168.78,168.57,168.65,204.06,38
2026-06-14 23:18:00+00:00,168.63,168.75,168.56,168.71,643.87,63
2026-06-14 23:19:00+00:00,168.65,168.65,168.56,168.56,601.37,30
2026-06-14 23:20:00+00:00,168.54,168.55,168.41,168.45,484.31,49
2026-06-14 23:21:00+00:00,168.44,168.46,168.01,168.01,860.12,98
2026-06-14 23:22:00+00:00,168.02,168.08,167.84,167.84,337.02,63
2026-06-14 23:23:00+00:00,167.85,168.08,167.84,168.01,512.47,49
2026-06-14 23:24:00+00:00,168.01,168.01,167.97,167.97,185.75,28
2026-06-14 23:25:00+00:00,167.97,168.01,167.92,167.94,185.84,50
2026-06-14 23:26:00+00:00,167.94,168.02,167.88,167.9,414.07,68
2026-06-14 23:27:00+00:00,167.9,168.04,167.88,167.88,671.92,115
2026-06-14 23:28:00+00:00,167.93,168.0,167.71,167.77,50.52,36
2026-06-14 23:29:00+00:00,167.78,167.86,167.77,167.85,19.78,22
2026-06-14 23:30:00+00:00,167.85,167.94,167.64,167.72,222.03,65
2026-06-14 23:31:00+00:00,167.74,167.74,167.35,167.44,761.99,119
2026-06-14 23:32:00+00:00,167.44,167.46,167.33,167.46,980.56,123
2026-06-14 23:33:00+00:00,167.37,167.47,166.81,166.97,1447.33,180
2026-06-14 23:34:00+00:00,166.99,167.22,166.99,167.22,457.21,60
2026-06-14 23:35:00+00:00,167.22,167.58,167.22,167.58,148.21,44
2026-06-14 23:36:00+00:00,167.58,167.58,167.3,167.42,516.06,50
2026-06-14 23:37:00+00:00,167.43,167.54,167.39,167.43,189.41,31
2026-06-14 23:38:00+00:00,167.43,167.43,167.22,167.29,1551.57,115
2026-06-14 23:39:00+00:00,167.29,167.29,167.16,167.26,855.12,86
2026-06-14 23:40:00+00:00,167.27,167.29,167.21,167.29,287.89,30
2026-06-14 23:41:00+00:00,167.28,167.3,167.25,167.3,56.04,18
2026-06-14 23:42:00+00:00,167.29,167.39,167.18,167.39,278.75,53
2026-06-14 23:43:00+00:00,167.42,167.59,167.42,167.59,37.87,24
2026-06-14 23:44:00+00:00,167.59,167.61,167.52,167.53,48.82,22
2026-06-14 23:45:00+00:00,167.54,167.81,167.54,167.71,87.06,34
2026-06-14 23:46:00+00:00,167.75,167.77,167.68,167.68,89.15,39
2026-06-14 23:47:00+00:00,167.73,167.76,167.65,167.75,272.21,54
2026-06-14 23:48:00+00:00,167.74,167.8,167.72,167.78,183.91,39
2026-06-14 23:49:00+00:00,167.76,167.81,167.74,167.78,331.76,46
2026-06-14 23:50:00+00:00,167.77,167.8,167.76,167.78,51.71,23
2026-06-14 23:51:00+00:00,167.8,167.8,167.75,167.76,12.52,14
2026-06-14 23:52:00+00:00,167.79,167.8,167.73,167.77,19.25,22
2026-06-14 23:53:00+00:00,167.75,167.82,167.7,167.8,90.09,26
2026-06-14 23:54:00+00:00,167.81,167.88,167.81,167.84,89.97,25
2026-06-14 23:55:00+00:00,167.85,167.89,167.77,167.78,21.17,22
2026-06-14 23:56:00+00:00,167.78,167.86,167.77,167.8,27.63,25
2026-06-14 23:57:00+00:00,167.83,167.84,167.81,167.82,18.98,15
2026-06-14 23:58:00+00:00,167.84,167.92,167.81,167.92,195.42,34
2026-06-14 23:59:00+00:00,167.9,168.0,167.9,167.94,140.49,38
2026-06-15 00:00:00+00:00,168.01,169.31,167.92,168.88,2475.45,318
2026-06-15 00:01:00+00:00,168.84,169.11,167.92,168.84,1731.05,234
2026-06-15 00:02:00+00:00,168.86,169.01,167.88,167.97,772.77,170
2026-06-15 00:03:00+00:00,167.97,168.28,167.8,168.16,280.46,64
2026-06-15 00:04:00+00:00,168.22,168.36,167.42,167.42,5559.34,385
2026-06-15 00:05:00+00:00,167.42,167.42,167.1,167.32,1278.69,208
2026-06-15 00:06:00+00:00,167.4,167.4,167.14,167.26,635.03,99
2026-06-15 00:07:00+00:00,167.28,167.44,167.03,167.42,824.54,102
2026-06-15 00:08:00+00:00,167.48,167.6,167.05,167.38,6957.47,320
2026-06-15 00:09:00+00:00,167.38,167.41,166.94,167.1,532.31,96
2026-06-15 00:10:00+00:00,167.07,167.43,167.0,167.38,255.0,59
2026-06-15 00:11:00+00:00,167.4,167.62,167.39,167.58,396.57,67
2026-06-15 00:12:00+00:00,167.59,168.15,167.59,167.93,1943.22,203
2026-06-15 00:13:00+00:00,167.93,168.43,167.93,168.31,100.82,59
2026-06-15 00:14:00+00:00,168.44,168.68,168.34,168.68,29.52,22
2026-06-15 00:15:00+00:00,168.68,168.68,168.37,168.41,1247.37,86
2026-06-15 00:16:00+00:00,168.48,168.55,168.24,168.24,575.15,55
2026-06-15 00:17:00+00:00,168.22,168.25,168.01,168.12,279.7,48
2026-06-15 00:18:00+00:00,168.16,168.36,168.16,168.33,159.73,36
2026-06-15 00:19:00+00:00,168.27,168.58,168.27,168.58,367.18,46
2026-06-15 00:20:00+00:00,168.6,168.69,168.47,168.48,622.6,54
2026-06-15 00:21:00+00:00,168.45,168.54,168.04,168.2,549.62,85
2026-06-15 00:22:00+00:00,168.17,168.34,168.1,168.13,304.89,47
2026-06-15 00:23:00+00:00,168.19,168.26,168.14,168.25,177.84,40
2026-06-15 00:24:00+00:00,168.24,168.29,168.17,168.25,66.97,27
2026-06-15 00:25:00+00:00,168.24,168.29,168.1,168.14,127.74,37
2026-06-15 00:26:00+00:00,168.18,168.44,168.18,168.39,450.56,55
2026-06-15 00:27:00+00:00,168.4,168.52,168.27,168.42,198.55,47
2026-06-15 00:28:00+00:00,168.4,168.4,168.34,168.39,201.37,48
2026-06-15 00:29:00+00:00,168.38,168.41,168.36,168.36,137.58,40
2026-06-15 00:30:00+00:00,168.34,168.35,168.25,168.31,136.07,42
2026-06-15 00:31:00+00:00,168.28,168.3,168.04,168.13,272.57,64
2026-06-15 00:32:00+00:00,168.12,168.31,168.08,168.2,545.07,96
2026-06-15 00:33:00+00:00,168.21,168.4,168.17,168.28,1787.17,94
2026-06-15 00:34:00+00:00,168.29,168.42,168.2,168.22,2089.81,141
2026-06-15 00:35:00+00:00,168.23,168.33,168.01,168.01,789.7,120
2026-06-15 00:36:00+00:00,168.04,168.11,167.69,167.69,783.29,124
2026-06-15 00:37:00+00:00,167.69,167.78,167.57,167.78,296.86,65
2026-06-15 00:38:00+00:00,167.8,167.9,167.76,167.78,132.24,42
2026-06-15 00:39:00+00:00,167.78,167.78,167.44,167.58,149.57,49
2026-06-15 00:40:00+00:00,167.57,167.64,167.52,167.56,91.49,43
2026-06-15 00:41:00+00:00,167.55,167.56,167.43,167.43,404.81,64
2026-06-15 00:42:00+00:00,167.45,167.46,167.37,167.4,806.42,93
2026-06-15 00:43:00+00:00,167.39,167.57,167.38,167.57,1102.24,95
2026-06-15 00:44:00+00:00,167.57,167.67,167.45,167.63,618.68,98
2026-06-15 00:45:00+00:00,167.67,167.67,167.59,167.63,73.98,47
2026-06-15 00:46:00+00:00,167.63,167.66,167.51,167.62,250.85,64
2026-06-15 00:47:00+00:00,167.65,167.65,167.4,167.41,738.27,86
2026-06-15 00:48:00+00:00,167.41,167.52,167.34,167.46,750.41,88
2026-06-15 00:49:00+00:00,167.45,167.54,167.4,167.48,302.09,73
2026-06-15 00:50:00+00:00,167.48,167.53,167.38,167.38,73.0,57
2026-06-15 00:51:00+00:00,167.42,167.48,167.27,167.39,227.94,77
2026-06-15 00:52:00+00:00,167.37,167.52,167.35,167.44,198.29,61
2026-06-15 00:53:00+00:00,167.44,167.48,167.4,167.43,172.37,64
2026-06-15 00:54:00+00:00,167.4,167.44,167.29,167.33,116.75,66
2026-06-15 00:55:00+00:00,167.33,167.41,167.32,167.38,126.21,56
2026-06-15 00:56:00+00:00,167.43,167.69,167.36,167.69,251.44,37
2026-06-15 00:57:00+00:00,167.7,167.84,167.68,167.84,40.31,39
2026-06-15 00:58:00+00:00,167.83,167.85,167.72,167.73,79.52,57
2026-06-15 00:59:00+00:00,167.79,167.82,167.7,167.76,34.97,53
2026-06-15 01:00:00+00:00,167.65,167.65,167.08,167.14,670.33,99
2026-06-15 01:01:00+00:00,167.16,167.36,167.13,167.27,424.17,82
2026-06-15 01:02:00+00:00,167.31,167.44,167.23,167.33,98.2,53
2026-06-15 01:03:00+00:00,167.33,167.38,167.12,167.12,30.28,33
2026-06-15 01:04:00+00:00,167.17,167.23,167.11,167.18,326.09,58
2026-06-15 01:05:00+00:00,167.17,167.17,167.0,167.0,412.1,72
2026-06-15 01:06:00+00:00,167.04,167.16,167.01,167.1,210.21,48
2026-06-15 01:07:00+00:00,167.11,167.24,167.07,167.23,109.42,38
2026-06-15 01:08:00+00:00,167.25,167.25,167.09,167.12,164.89,61
2026-06-15 01:09:00+00:00,167.11,167.18,167.03,167.13,543.85,47
2026-06-15 01:10:00+00:00,167.12,167.28,167.12,167.19,160.16,41
2026-06-15 01:11:00+00:00,167.16,167.17,167.13,167.15,31.79,23
2026-06-15 01:12:00+00:00,167.15,167.29,167.14,167.29,28.63,31
2026-06-15 01:13:00+00:00,167.29,167.4,167.28,167.4,127.57,30
2026-06-15 01:14:00+00:00,167.4,167.4,167.28,167.31,323.35,47
2026-06-15 01:15:00+00:00,167.3,167.38,167.28,167.38,114.36,35
2026-06-15 01:16:00+00:00,167.37,167.45,167.37,167.44,58.77,26
2026-06-15 01:17:00+00:00,167.42,167.44,167.27,167.32,25.89,22
2026-06-15 01:18:00+00:00,167.31,167.31,167.14,167.15,14.79,24
2026-06-15 01:19:00+00:00,167.14,167.15,167.0,167.05,32.34,24
2026-06-15 01:20:00+00:00,167.07,167.15,167.07,167.09,14.06,23
2026-06-15 01:21:00+00:00,167.08,167.17,167.05,167.12,147.7,36
2026-06-15 01:22:00+00:00,167.17,167.24,167.15,167.19,41.11,33
2026-06-15 01:23:00+00:00,167.18,167.19,167.0,167.07,334.89,48
2026-06-15 01:24:00+00:00,167.06,167.17,167.0,167.07,280.56,36
2026-06-15 01:25:00+00:00,167.17,167.29,167.15,167.29,32.87,28
2026-06-15 01:26:00+00:00,167.29,167.38,167.28,167.37,645.4,42
2026-06-15 01:27:00+00:00,167.33,167.39,167.3,167.39,17.04,21
2026-06-15 01:28:00+00:00,167.38,167.45,167.37,167.45,60.68,23
2026-06-15 01:29:00+00:00,167.48,167.63,167.48,167.62,35.12,25
2026-06-15 01:30:00+00:00,167.62,167.67,167.51,167.67,93.42,23
2026-06-15 01:31:00+00:00,167.67,167.73,167.64,167.65,108.72,32
2026-06-15 01:32:00+00:00,167.64,167.68,167.57,167.68,17.25,22
2026-06-15 01:33:00+00:00,167.69,167.76,167.68,167.76,97.53,27
2026-06-15 01:34:00+00:00,167.77,167.91,167.77,167.82,204.8,42
2026-06-15 01:35:00+00:00,167.89,167.89,167.66,167.66,220.17,53
2026-06-15 01:36:00+00:00,167.68,167.74,167.66,167.68,46.34,20
2026-06-15 01:37:00+00:00,167.67,167.74,167.63,167.71,69.74,29
2026-06-15 01:38:00+00:00,167.64,167.73,167.62,167.62,114.11,36
2026-06-15 01:39:00+00:00,167.64,167.66,167.53,167.53,520.08,66
2026-06-15 01:40:00+00:00,167.57,167.59,167.46,167.46,126.62,38
2026-06-15 01:41:00+00:00,167.45,167.54,167.4,167.53,552.55,91
2026-06-15 01:42:00+00:00,167.42,167.45,167.34,167.45,64.26,28
2026-06-15 01:43:00+00:00,167.47,167.51,167.42,167.51,115.65,31
2026-06-15 01:44:00+00:00,167.48,167.52,167.44,167.51,73.32,34
2026-06-15 01:45:00+00:00,167.51,167.55,167.49,167.51,19.55,19
2026-06-15 01:46:00+00:00,167.52,167.57,167.46,167.57,228.01,47
2026-06-15 01:47:00+00:00,167.56,167.6,167.37,167.42,84.87,44
2026-06-15 01:48:00+00:00,167.41,167.43,167.36,167.4,96.51,39
2026-06-15 01:49:00+00:00,167.43,167.5,167.41,167.47,140.4,36
2026-06-15 01:50:00+00:00,167.47,167.5,167.44,167.44,38.33,22
2026-06-15 01:51:00+00:00,167.44,167.46,167.4,167.46,130.66,40
2026-06-15 01:52:00+00:00,167.44,167.77,167.28,167.61,5634.71,234
2026-06-15 01:53:00+00:00,167.64,167.64,167.44,167.49,120.46,48
2026-06-15 01:54:00+00:00,167.49,167.51,167.39,167.5,95.0,36
2026-06-15 01:55:00+00:00,167.5,167.52,167.41,167.42,24.53,26
2026-06-15 01:56:00+00:00,167.4,167.43,167.34,167.37,128.85,34
2026-06-15 01:57:00+00:00,167.4,167.41,167.33,167.33,78.22,30
2026-06-15 01:58:00+00:00,167.3,167.37,167.28,167.36,30.52,26
2026-06-15 01:59:00+00:00,167.35,167.49,167.31,167.49,94.68,35
2026-06-15 02:00:00+00:00,167.48,167.49,167.38,167.45,171.95,39
2026-06-15 02:01:00+00:00,167.44,167.5,167.41,167.5,185.24,35
2026-06-15 02:02:00+00:00,167.5,167.5,167.25,167.25,25.51,24
2026-06-15 02:03:00+00:00,167.24,167.31,167.22,167.3,178.77,32
2026-06-15 02:04:00+00:00,167.29,167.41,167.27,167.41,109.61,30
2026-06-15 02:05:00+00:00,167.42,167.42,167.34,167.35,33.14,23
2026-06-15 02:06:00+00:00,167.4,167.49,167.36,167.48,147.31,31
2026-06-15 02:07:00+00:00,167.47,167.53,167.43,167.49,16.44,18
2026-06-15 02:08:00+00:00,167.48,167.52,167.39,167.43,131.44,49
2026-06-15 02:09:00+00:00,167.46,167.49,167.3,167.41,74.67,33
2026-06-15 02:10:00+00:00,167.41,167.45,167.41,167.43,38.97,24
2026-06-15 02:11:00+00:00,167.44,167.45,167.38,167.42,17.88,18
2026-06-15 02:12:00+00:00,167.43,167.45,167.41,167.45,17.9,16
2026-06-15 02:13:00+00:00,167.45,167.46,167.39,167.42,401.14,57
2026-06-15 02:14:00+00:00,167.43,167.45,167.33,167.34,159.63,41
2026-06-15 02:15:00+00:00,167.33,167.38,167.3,167.36,49.7,34
2026-06-15 02:16:00+00:00,167.3,167.44,167.3,167.35,44.65,35
2026-06-15 02:17:00+00:00,167.33,167.45,167.3,167.45,24.25,30
2026-06-15 02:18:00+00:00,167.45,167.59,167.44,167.58,56.04,37
2026-06-15 02:19:00+00:00,167.56,167.56,167.47,167.5,29.16,27
2026-06-15 02:20:00+00:00,167.49,167.54,167.41,167.42,116.33,42
2026-06-15 02:21:00+00:00,167.46,167.5,167.42,167.48,28.72,27
2026-06-15 02:22:00+00:00,167.47,167.5,167.38,167.47,198.72,43
2026-06-15 02:23:00+00:00,167.48,167.51,167.43,167.45,80.36,33
2026-06-15 02:24:00+00:00,167.44,167.49,167.44,167.49,15.56,24
2026-06-15 02:25:00+00:00,167.5,167.53,167.47,167.48,67.86,43
2026-06-15 02:26:00+00:00,167.5,167.58,167.5,167.58,27.29,21
2026-06-15 02:27:00+00:00,167.58,167.66,167.57,167.66,14.73,20
2026-06-15 02:28:00+00:00,167.66,167.69,167.65,167.69,24.0,26
2026-06-15 02:29:00+00:00,167.64,167.7,167.63,167.7,26.22,31
2026-06-15 02:30:00+00:00,167.72,167.82,167.71,167.8,106.26,45
2026-06-15 02:31:00+00:00,167.81,167.86,167.81,167.86,29.73,18
2026-06-15 02:32:00+00:00,167.85,167.88,167.8,167.85,35.96,35
2026-06-15 02:33:00+00:00,167.84,167.85,167.64,167.64,100.82,48
2026-06-15 02:34:00+00:00,167.69,167.7,167.64,167.69,32.34,34
2026-06-15 02:35:00+00:00,167.69,167.73,167.61,167.73,27.14,30
2026-06-15 02:36:00+00:00,167.73,167.76,167.65,167.71,73.1,46
2026-06-15 02:37:00+00:00,167.7,167.7,167.6,167.66,28.42,36
2026-06-15 02:38:00+00:00,167.65,167.71,167.62,167.71,258.9,28
2026-06-15 02:39:00+00:00,167.71,167.78,167.7,167.71,131.23,50
2026-06-15 02:40:00+00:00,167.75,167.87,167.71,167.87,528.23,77
2026-06-15 02:41:00+00:00,167.82,167.92,167.69,167.78,1067.17,94
2026-06-15 02:42:00+00:00,167.77,167.78,167.72,167.78,167.18,45
2026-06-15 02:43:00+00:00,167.78,167.78,167.67,167.74,209.11,52
2026-06-15 02:44:00+00:00,167.73,167.74,167.57,167.61,41.21,44
2026-06-15 02:45:00+00:00,167.59,167.62,167.54,167.56,87.53,43
2026-06-15 02:46:00+00:00,167.56,167.58,167.49,167.52,546.49,58
2026-06-15 02:47:00+00:00,167.52,167.52,167.45,167.45,866.94,72
2026-06-15 02:48:00+00:00,167.47,167.52,167.45,167.52,27.41,21
2026-06-15 02:49:00+00:00,167.52,167.56,167.49,167.55,866.06,49
2026-06-15 02:50:00+00:00,167.55,167.68,167.55,167.67,1978.34,57
2026-06-15 02:51:00+00:00,167.67,167.73,167.64,167.71,2212.44,124
2026-06-15 02:52:00+00:00,167.71,167.74,167.7,167.74,336.83,48
2026-06-15 02:53:00+00:00,167.74,167.74,167.7,167.72,693.75,34
2026-06-15 02:54:00+00:00,167.71,167.73,167.7,167.7,1010.71,70
2026-06-15 02:55:00+00:00,167.72,167.78,167.7,167.74,272.15,53
2026-06-15 02:56:00+00:00,167.73,167.74,167.7,167.73,813.21,78
2026-06-15 02:57:00+00:00,167.71,167.77,167.7,167.72,427.24,59
2026-06-15 02:58:00+00:00,167.73,167.82,167.71,167.82,1460.06,96
2026-06-15 02:59:00+00:00,167.82,167.83,167.81,167.81,1184.25,67
2026-06-15 03:00:00+00:00,167.82,167.87,167.81,167.84,144.35,40
2026-06-15 03:01:00+00:00,167.84,167.85,167.81,167.85,142.67,37
2026-06-15 03:02:00+00:00,167.84,167.84,167.82,167.84,21.87,23
2026-06-15 03:03:00+00:00,167.84,167.91,167.82,167.84,306.16,69
2026-06-15 03:04:00+00:00,167.82,167.85,167.81,167.81,675.46,61
2026-06-15 03:05:00+00:00,167.81,167.84,167.81,167.81,1786.47,96
2026-06-15 03:06:00+00:00,167.81,167.82,167.37,167.67,5693.15,237
2026-06-15 03:07:00+00:00,167.69,167.73,167.66,167.66,236.92,42
2026-06-15 03:08:00+00:00,167.68,167.74,167.66,167.72,20.85,23
2026-06-15 03:09:00+00:00,167.72,167.74,167.67,167.73,34.57,36
2026-06-15 03:10:00+00:00,167.71,167.76,167.68,167.74,27.81,28
2026-06-15 03:11:00+00:00,167.75,167.75,167.68,167.73,150.04,32
2026-06-15 03:12:00+00:00,167.73,167.74,167.72,167.72,82.11,23
2026-06-15 03:13:00+00:00,167.73,167.75,167.72,167.75,2441.71,105
2026-06-15 03:14:00+00:00,167.75,167.75,167.66,167.67,985.59,58
2026-06-15 03:15:00+00:00,167.65,167.73,167.59,167.7,159.65,32
2026-06-15 03:16:00+00:00,167.73,167.74,167.53,167.65,148.43,38
2026-06-15 03:17:00+00:00,167.65,167.68,167.53,167.59,50.6,26
2026-06-15 03:18:00+00:00,167.58,167.66,167.57,167.63,317.41,34
2026-06-15 03:19:00+00:00,167.64,167.7,167.6,167.6,218.85,28
2026-06-15 03:20:00+00:00,167.6,167.66,167.55,167.6,157.23,32
2026-06-15 03:21:00+00:00,167.58,167.61,167.55,167.59,21.11,28
2026-06-15 03:22:00+00:00,167.62,167.65,167.6,167.6,55.29,33
2026-06-15 03:23:00+00:00,167.62,167.73,167.6,167.7,24.13,25
2026-06-15 03:24:00+00:00,167.71,167.78,167.69,167.78,21.78,34
2026-06-15 03:25:00+00:00,167.78,167.78,167.74,167.77,58.03,23
2026-06-15 03:26:00+00:00,167.71,167.79,167.59,167.76,869.97,82
2026-06-15 03:27:00+00:00,167.74,167.75,167.65,167.65,87.74,40
2026-06-15 03:28:00+00:00,167.66,167.68,167.58,167.64,64.11,36
2026-06-15 03:29:00+00:00,167.64,167.64,167.58,167.63,46.96,32
2026-06-15 03:30:00+00:00,167.63,167.64,167.54,167.59,37.9,29
2026-06-15 03:31:00+00:00,167.58,167.62,167.56,167.59,91.03,30
2026-06-15 03:32:00+00:00,167.6,167.6,167.54,167.56,67.73,32
2026-06-15 03:33:00+00:00,167.6,167.6,167.52,167.56,34.81,25
2026-06-15 03:34:00+00:00,167.56,167.66,167.5,167.66,180.91,37
2026-06-15 03:35:00+00:00,167.66,167.66,167.55,167.62,86.7,30
2026-06-15 03:36:00+00:00,167.64,167.66,167.59,167.6,175.69,40
2026-06-15 03:37:00+00:00,167.63,167.66,167.58,167.63,131.17,41
2026-06-15 03:38:00+00:00,167.64,167.66,167.62,167.65,77.54,31
2026-06-15 03:39:00+00:00,167.66,167.74,167.6,167.74,1146.28,102
2026-06-15 03:40:00+00:00,167.74,167.9,167.72,167.87,1119.08,106
2026-06-15 03:41:00+00:00,167.88,167.94,167.8,167.93,118.31,39
2026-06-15 03:42:00+00:00,167.93,168.14,167.92,168.11,140.12,56
2026-06-15 03:43:00+00:00,168.13,168.14,167.92,167.99,225.87,77
2026-06-15 03:44:00+00:00,167.99,168.14,167.99,168.1,103.37,49
2026-06-15 03:45:00+00:00,168.13,168.15,168.07,168.15,100.04,49
2026-06-15 03:46:00+00:00,168.15,168.16,167.89,168.01,247.52,66
2026-06-15 03:47:00+00:00,168.01,168.01,167.89,167.98,407.16,87
2026-06-15 03:48:00+00:00,167.98,168.0,167.83,167.86,113.92,48
2026-06-15 03:49:00+00:00,167.87,168.05,167.87,167.99,44.19,33
2026-06-15 03:50:00+00:00,167.93,168.2,167.9,168.08,91.45,39
2026-06-15 03:51:00+00:00,168.09,168.19,168.03,168.03,262.2,67
2026-06-15 03:52:00+00:00,168.05,168.07,167.79,167.98,144.77,47
2026-06-15 03:53:00+00:00,167.99,168.01,167.86,167.94,90.47,41
2026-06-15 03:54:00+00:00,167.96,168.06,167.96,168.03,26.15,30
2026-06-15 03:55:00+00:00,168.05,168.1,168.02,168.08,139.39,51
2026-06-15 03:56:00+00:00,168.06,168.16,168.04,168.16,55.58,37
2026-06-15 03:57:00+00:00,168.17,168.34,168.08,168.2,401.06,87
2026-06-15 03:58:00+00:00,168.28,168.61,168.28,168.5,203.8,89
2026-06-15 03:59:00+00:00,168.6,168.6,168.47,168.49,127.67,49
2026-06-15 04:00:00+00:00,168.37,168.72,168.35,168.65,992.99,74
2026-06-15 04:01:00+00:00,168.66,168.83,168.61,168.83,1886.38,132
2026-06-15 04:02:00+00:00,168.75,168.76,168.32,168.44,2090.78,162
2026-06-15 04:03:00+00:00,168.45,168.49,168.01,168.29,6055.89,255
2026-06-15 04:04:00+00:00,168.29,168.5,168.05,168.44,3868.23,181
2026-06-15 04:05:00+00:00,168.43,168.53,168.34,168.45,1891.09,102
2026-06-15 04:06:00+00:00,168.51,168.75,168.43,168.56,376.5,88
2026-06-15 04:07:00+00:00,168.58,168.72,168.58,168.65,292.73,61
2026-06-15 04:08:00+00:00,168.67,168.72,168.6,168.66,277.48,47
2026-06-15 04:09:00+00:00,168.66,168.68,168.53,168.53,140.69,54
2026-06-15 04:10:00+00:00,168.54,168.59,168.5,168.53,40.09,30
2026-06-15 04:11:00+00:00,168.55,168.59,168.5,168.55,62.36,34
2026-06-15 04:12:00+00:00,168.52,168.58,168.43,168.47,695.08,74
2026-06-15 04:13:00+00:00,168.48,168.53,168.45,168.47,35.97,36
2026-06-15 04:14:00+00:00,168.46,168.48,168.38,168.42,130.23,45
2026-06-15 04:15:00+00:00,168.4,168.49,168.38,168.39,97.32,47
2026-06-15 04:16:00+00:00,168.43,168.54,168.4,168.51,102.77,34
2026-06-15 04:17:00+00:00,168.53,168.55,168.45,168.45,468.46,70
2026-06-15 04:18:00+00:00,168.47,168.5,168.42,168.44,121.31,45
2026-06-15 04:19:00+00:00,168.44,168.49,168.43,168.48,31.25,30
2026-06-15 04:20:00+00:00,168.47,168.61,168.47,168.54,191.29,44
2026-06-15 04:21:00+00:00,168.54,168.59,168.48,168.52,45.51,37
2026-06-15 04:22:00+00:00,168.53,168.58,168.5,168.56,79.75,34
2026-06-15 04:23:00+00:00,168.55,168.65,168.55,168.65,59.78,27
2026-06-15 04:24:00+00:00,168.65,168.65,168.54,168.54,537.17,37
2026-06-15 04:25:00+00:00,168.54,168.57,168.5,168.55,167.47,41
2026-06-15 04:26:00+00:00,168.56,168.65,168.53,168.64,1753.29,48
2026-06-15 04:27:00+00:00,168.65,168.97,168.62,168.83,802.72,148
2026-06-15 04:28:00+00:00,168.94,168.99,168.65,168.65,1558.18,93
2026-06-15 04:29:00+00:00,168.61,168.75,168.61,168.73,818.02,76
2026-06-15 04:30:00+00:00,168.73,168.78,168.68,168.75,323.82,66
2026-06-15 04:31:00+00:00,168.75,168.87,168.74,168.87,381.47,54
2026-06-15 04:32:00+00:00,168.86,168.94,168.85,168.94,236.89,55
2026-06-15 04:33:00+00:00,168.96,168.96,168.85,168.9,403.71,64
2026-06-15 04:34:00+00:00,168.91,168.94,168.88,168.93,163.44,33
2026-06-15 04:35:00+00:00,168.93,169.1,168.89,169.1,610.75,103
2026-06-15 04:36:00+00:00,169.1,169.17,169.0,169.09,302.09,65
2026-06-15 04:37:00+00:00,169.09,169.09,169.0,169.06,456.58,70
2026-06-15 04:38:00+00:00,169.06,169.16,169.05,169.16,102.63,51
2026-06-15 04:39:00+00:00,169.17,169.35,169.16,169.35,192.06,62
2026-06-15 04:40:00+00:00,169.37,169.45,169.18,169.34,306.57,92
2026-06-15 04:41:00+00:00,169.34,169.4,169.25,169.31,576.9,91
2026-06-15 04:42:00+00:00,169.32,169.5,169.31,169.39,511.58,106
2026-06-15 04:43:00+00:00,169.39,169.57,169.32,169.57,264.0,94
2026-06-15 04:44:00+00:00,169.57,169.63,169.23,169.28,373.46,115
2026-06-15 04:45:00+00:00,169.3,169.32,169.03,169.25,557.76,97
2026-06-15 04:46:00+00:00,169.28,169.46,169.28,169.44,182.13,62
2026-06-15 04:47:00+00:00,169.46,169.5,169.29,169.44,86.04,44
2026-06-15 04:48:00+00:00,169.45,169.5,169.27,169.4,457.55,93
2026-06-15 04:49:00+00:00,169.46,169.56,169.33,169.5,132.33,51
2026-06-15 04:50:00+00:00,169.5,169.57,169.5,169.57,50.37,33
2026-06-15 04:51:00+00:00,169.57,169.6,169.48,169.56,121.88,45
2026-06-15 04:52:00+00:00,169.56,169.71,169.56,169.7,267.34,108
2026-06-15 04:53:00+00:00,169.7,169.8,169.55,169.71,1001.62,157
2026-06-15 04:54:00+00:00,169.7,169.71,169.42,169.68,191.83,87
2026-06-15 04:55:00+00:00,169.67,169.73,169.6,169.71,148.03,60
2026-06-15 04:56:00+00:00,169.69,169.77,169.68,169.77,43.86,44
2026-06-15 04:57:00+00:00,169.76,169.8,169.7,169.71,38.13,41
2026-06-15 04:58:00+00:00,169.71,169.81,169.69,169.76,93.89,55
2026-06-15 04:59:00+00:00,169.78,169.8,169.53,169.57,94.2,56
2026-06-15 05:00:00+00:00,169.57,169.57,169.4,169.56,184.02,66
2026-06-15 05:01:00+00:00,169.53,169.57,169.44,169.57,70.17,55
2026-06-15 05:02:00+00:00,169.56,169.56,169.46,169.47,115.57,54
2026-06-15 05:03:00+00:00,169.47,169.47,169.27,169.32,197.69,59
2026-06-15 05:04:00+00:00,169.36,169.44,169.15,169.15,117.26,60
2026-06-15 05:05:00+00:00,169.21,169.22,169.02,169.11,1314.19,107
2026-06-15 05:06:00+00:00,169.04,169.21,168.91,168.98,42.29,45
2026-06-15 05:07:00+00:00,168.98,169.05,168.9,168.94,211.62,57
2026-06-15 05:08:00+00:00,168.92,169.0,168.84,168.97,55.92,43
2026-06-15 05:09:00+00:00,168.99,169.02,168.85,168.89,118.69,42
2026-06-15 05:10:00+00:00,168.93,169.08,168.85,168.94,219.14,69
2026-06-15 05:11:00+00:00,168.96,169.05,168.89,168.95,46.32,34
2026-06-15 05:12:00+00:00,168.93,168.94,168.63,168.7,379.45,90
2026-06-15 05:13:00+00:00,168.68,168.79,168.64,168.73,102.37,55
2026-06-15 05:14:00+00:00,168.73,168.92,168.71,168.92,71.8,40
2026-06-15 05:15:00+00:00,168.96,168.97,168.87,168.95,104.63,47
2026-06-15 05:16:00+00:00,168.96,169.0,168.91,168.97,107.32,37
2026-06-15 05:17:00+00:00,168.97,168.97,168.77,168.82,59.59,38
2026-06-15 05:18:00+00:00,168.81,168.84,168.81,168.84,31.51,31
2026-06-15 05:19:00+00:00,168.82,168.88,168.8,168.88,53.81,32
2026-06-15 05:20:00+00:00,168.88,168.93,168.82,168.93,99.21,32
2026-06-15 05:21:00+00:00,168.9,168.9,168.78,168.8,36.54,39
2026-06-15 05:22:00+00:00,168.79,168.83,168.75,168.75,45.05,32
2026-06-15 05:23:00+00:00,168.71,168.73,168.66,168.73,31.92,28
2026-06-15 05:24:00+00:00,168.73,169.06,168.73,168.96,4109.73,178
2026-06-15 05:25:00+00:00,168.95,168.95,168.75,168.82,104.38,42
2026-06-15 05:26:00+00:00,168.82,168.97,168.76,168.92,374.34,71
2026-06-15 05:27:00+00:00,168.88,168.92,168.79,168.82,531.16,82
2026-06-15 05:28:00+00:00,168.84,168.94,168.78,168.94,297.28,54
2026-06-15 05:29:00+00:00,168.85,168.98,168.83,168.98,368.1,57
2026-06-15 05:30:00+00:00,168.92,169.07,168.86,169.04,1390.7,109
2026-06-15 05:31:00+00:00,169.03,169.06,168.9,168.9,135.04,39
2026-06-15 05:32:00+00:00,168.86,168.91,168.76,168.87,411.51,58
2026-06-15 05:33:00+00:00,168.89,168.96,168.86,168.9,66.11,48
2026-06-15 05:34:00+00:00,168.86,168.86,168.63,168.68,174.95,41
2026-06-15 05:35:00+00:00,168.65,168.75,168.58,168.64,39.44,28
2026-06-15 05:36:00+00:00,168.63,168.69,168.56,168.63,70.87,41
2026-06-15 05:37:00+00:00,168.64,168.72,168.55,168.67,85.96,31
2026-06-15 05:38:00+00:00,168.74,168.88,168.72,168.76,167.61,34
2026-06-15 05:39:00+00:00,168.74,168.74,168.51,168.55,147.68,47
2026-06-15 05:40:00+00:00,168.54,168.63,168.48,168.63,26.58,23
2026-06-15 05:41:00+00:00,168.59,168.66,168.53,168.61,54.73,24
2026-06-15 05:42:00+00:00,168.6,168.78,168.6,168.77,299.76,37
2026-06-15 05:43:00+00:00,168.81,168.85,168.74,168.81,22.04,23
2026-06-15 05:44:00+00:00,168.78,168.88,168.78,168.85,65.61,30
2026-06-15 05:45:00+00:00,168.82,168.86,168.75,168.86,90.74,41
2026-06-15 05:46:00+00:00,168.85,168.98,168.85,168.95,50.58,30
2026-06-15 05:47:00+00:00,168.95,168.95,168.79,168.91,175.97,41
2026-06-15 05:48:00+00:00,168.91,168.92,168.86,168.89,136.73,30
2026-06-15 05:49:00+00:00,168.9,168.97,168.85,168.97,145.75,43
2026-06-15 05:50:00+00:00,168.97,169.08,168.91,169.08,269.6,50
2026-06-15 05:51:00+00:00,169.08,169.09,168.76,168.8,103.86,46
2026-06-15 05:52:00+00:00,168.8,168.9,168.8,168.8,33.52,31
2026-06-15 05:53:00+00:00,168.87,169.04,168.87,169.0,92.51,40
2026-06-15 05:54:00+00:00,169.0,169.03,168.93,168.98,432.19,60
2026-06-15 05:55:00+00:00,168.98,168.98,168.87,168.87,40.06,34
2026-06-15 05:56:00+00:00,168.85,168.99,168.85,168.97,60.41,27
2026-06-15 05:57:00+00:00,168.97,169.05,168.94,168.99,33.05,28
2026-06-15 05:58:00+00:00,168.98,169.06,168.94,169.06,40.74,35
2026-06-15 05:59:00+00:00,169.03,169.09,169.03,169.08,237.31,37
2026-06-15 06:00:00+00:00,169.09,169.1,168.88,169.1,504.04,77
2026-06-15 06:01:00+00:00,169.1,169.18,169.09,169.18,224.77,53
2026-06-15 06:02:00+00:00,169.18,169.37,169.15,169.37,192.56,54
2026-06-15 06:03:00+00:00,169.37,169.45,169.3,169.34,655.24,63
2026-06-15 06:04:00+00:00,169.39,169.53,169.39,169.51,609.15,86
2026-06-15 06:05:00+00:00,169.48,169.7,169.44,169.64,452.2,128
2026-06-15 06:06:00+00:00,169.65,169.85,169.61,169.79,935.9,141
2026-06-15 06:07:00+00:00,169.79,169.79,169.64,169.67,480.9,69
2026-06-15 06:08:00+00:00,169.67,169.9,169.67,169.76,766.86,155
2026-06-15 06:09:00+00:00,169.78,169.98,169.72,169.82,1516.97,233
2026-06-15 06:10:00+00:00,169.86,169.96,169.58,169.64,1116.58,129
2026-06-15 06:11:00+00:00,169.64,169.83,169.59,169.83,237.59,69
2026-06-15 06:12:00+00:00,169.85,169.88,169.72,169.76,87.39,47
2026-06-15 06:13:00+00:00,169.78,169.92,169.78,169.85,170.37,75
2026-06-15 06:14:00+00:00,169.85,169.97,169.85,169.93,106.77,52
2026-06-15 06:15:00+00:00,169.92,170.03,169.92,170.03,1765.04,169
2026-06-15 06:16:00+00:00,170.03,170.03,169.85,169.97,679.58,59
2026-06-15 06:17:00+00:00,169.98,170.09,169.76,169.78,953.2,136
2026-06-15 06:18:00+00:00,169.83,170.01,169.78,169.79,992.38,82
2026-06-15 06:19:00+00:00,169.79,169.96,169.78,169.94,59.52,33
2026-06-15 06:20:00+00:00,169.97,170.08,169.94,170.01,219.27,58
2026-06-15 06:21:00+00:00,170.02,170.16,170.01,170.11,565.62,89
2026-06-15 06:22:00+00:00,170.11,170.14,170.07,170.13,355.79,66
2026-06-15 06:23:00+00:00,170.13,170.32,170.12,170.15,1715.9,215
2026-06-15 06:24:00+00:00,170.19,170.44,170.19,170.41,1301.41,155
2026-06-15 06:25:00+00:00,170.38,170.44,170.17,170.36,978.03,115
2026-06-15 06:26:00+00:00,170.35,170.57,170.32,170.57,1591.19,169
2026-06-15 06:27:00+00:00,170.56,170.57,170.15,170.15,1302.44,178
2026-06-15 06:28:00+00:00,170.15,170.41,170.0,170.39,1034.23,156
2026-06-15 06:29:00+00:00,170.36,170.52,170.25,170.4,730.12,109
2026-06-15 06:30:00+00:00,170.48,170.54,170.32,170.54,149.85,49
2026-06-15 06:31:00+00:00,170.54,170.63,170.48,170.58,289.68,80
2026-06-15 06:32:00+00:00,170.58,170.59,170.31,170.31,243.29,68
2026-06-15 06:33:00+00:00,170.38,170.47,170.3,170.32,433.82,74
2026-06-15 06:34:00+00:00,170.38,170.41,170.1,170.13,274.19,73
2026-06-15 06:35:00+00:00,170.14,170.21,170.07,170.15,146.67,55
2026-06-15 06:36:00+00:00,170.22,170.38,170.13,170.13,247.8,66
2026-06-15 06:37:00+00:00,170.13,170.35,170.08,170.31,171.05,53
2026-06-15 06:38:00+00:00,170.35,170.38,170.21,170.26,126.44,41
2026-06-15 06:39:00+00:00,170.25,170.32,170.1,170.16,804.48,153
2026-06-15 06:40:00+00:00,170.16,170.23,170.04,170.07,204.26,79
2026-06-15 06:41:00+00:00,170.08,170.21,170.08,170.1,225.14,45
2026-06-15 06:42:00+00:00,170.13,170.29,170.13,170.25,238.0,54
2026-06-15 06:43:00+00:00,170.28,170.39,170.25,170.35,33.48,36
2026-06-15 06:44:00+00:00,170.34,170.42,170.23,170.42,1896.56,127
2026-06-15 06:45:00+00:00,170.43,170.63,170.34,170.63,1752.31,123
2026-06-15 06:46:00+00:00,170.63,171.0,170.59,170.88,8503.53,387
2026-06-15 06:47:00+00:00,170.89,171.15,170.84,171.04,3094.16,241
2026-06-15 06:48:00+00:00,171.07,171.21,171.06,171.1,943.84,99
2026-06-15 06:49:00+00:00,171.1,171.16,171.05,171.06,352.64,66
2026-06-15 06:50:00+00:00,171.06,171.15,170.94,170.99,890.13,91
2026-06-15 06:51:00+00:00,171.02,171.09,170.96,171.03,147.54,34
2026-06-15 06:52:00+00:00,170.99,171.03,170.95,171.0,93.64,34
2026-06-15 06:53:00+00:00,171.01,171.06,170.93,170.94,190.71,44
2026-06-15 06:54:00+00:00,171.0,171.21,170.93,171.06,1846.34,155
2026-06-15 06:55:00+00:00,171.1,171.22,171.0,171.03,2118.81,159
2026-06-15 06:56:00+00:00,171.04,171.26,171.0,171.14,1799.22,176
2026-06-15 06:57:00+00:00,171.16,171.24,170.96,171.03,956.95,114
2026-06-15 06:58:00+00:00,171.08,171.25,170.94,171.0,1038.04,113
2026-06-15 06:59:00+00:00,171.12,171.12,170.77,170.87,1966.48,138
2026-06-15 07:00:00+00:00,170.87,171.0,170.6,170.96,1578.33,187
2026-06-15 07:01:00+00:00,170.95,171.07,170.88,171.01,1306.56,98
2026-06-15 07:02:00+00:00,171.01,171.15,170.83,171.15,328.35,81
2026-06-15 07:03:00+00:00,171.13,171.23,171.06,171.11,688.82,92
2026-06-15 07:04:00+00:00,171.15,171.26,170.95,170.95,1944.07,183
2026-06-15 07:05:00+00:00,171.06,171.2,170.99,171.04,796.05,111
2026-06-15 07:06:00+00:00,171.05,171.07,170.84,171.03,239.85,53
2026-06-15 07:07:00+00:00,171.03,171.1,170.84,170.99,816.69,92
2026-06-15 07:08:00+00:00,170.98,171.14,170.91,171.13,245.56,69
2026-06-15 07:09:00+00:00,171.12,171.26,171.03,171.19,1315.96,119
2026-06-15 07:10:00+00:00,171.21,171.21,171.12,171.18,112.81,43
2026-06-15 07:11:00+00:00,171.18,171.24,171.17,171.21,941.14,89
2026-06-15 07:12:00+00:00,171.21,171.33,171.21,171.23,448.0,82
2026-06-15 07:13:00+00:00,171.29,171.46,171.23,171.46,944.19,98
2026-06-15 07:14:00+00:00,171.45,171.7,171.21,171.64,7060.02,296
2026-06-15 07:15:00+00:00,171.67,171.82,171.55,171.77,621.62,128
2026-06-15 07:16:00+00:00,171.81,171.87,171.63,171.78,1274.42,155
2026-06-15 07:17:00+00:00,171.77,172.08,171.62,171.99,5778.16,301
2026-06-15 07:18:00+00:00,171.97,172.02,171.86,171.96,873.3,159
2026-06-15 07:19:00+00:00,171.96,172.28,171.87,172.28,2348.76,254
2026-06-15 07:20:00+00:00,172.28,172.49,172.26,172.49,2772.56,259
2026-06-15 07:21:00+00:00,172.45,172.66,172.35,172.61,2564.67,320
2026-06-15 07:22:00+00:00,172.56,172.9,172.53,172.68,3587.82,318
2026-06-15 07:23:00+00:00,172.7,172.71,172.27,172.45,3418.52,281
2026-06-15 07:24:00+00:00,172.48,172.65,172.35,172.39,1819.19,155
2026-06-15 07:25:00+00:00,172.38,172.52,172.11,172.15,1513.52,170
2026-06-15 07:26:00+00:00,172.16,172.59,172.11,172.43,1635.62,159
2026-06-15 07:27:00+00:00,172.47,172.68,172.43,172.48,437.88,67
2026-06-15 07:28:00+00:00,172.56,172.8,172.51,172.73,2858.48,146
2026-06-15 07:29:00+00:00,172.71,172.72,172.62,172.68,90.5,42
2026-06-15 07:30:00+00:00,172.63,173.05,172.39,172.73,10667.19,301
2026-06-15 07:31:00+00:00,172.69,172.72,172.55,172.63,1643.25,147
2026-06-15 07:32:00+00:00,172.64,172.94,172.55,172.66,5524.49,161
2026-06-15 07:33:00+00:00,172.67,173.0,172.67,172.97,9363.13,304
2026-06-15 07:34:00+00:00,172.97,173.05,172.92,173.05,1750.84,139
2026-06-15 07:35:00+00:00,173.02,173.05,172.96,173.05,1255.6,88
2026-06-15 07:36:00+00:00,173.05,173.2,173.04,173.2,2219.82,160
2026-06-15 07:37:00+00:00,173.2,173.22,172.83,173.1,522.64,101
2026-06-15 07:38:00+00:00,173.15,173.26,173.07,173.25,1603.32,134
2026-06-15 07:39:00+00:00,173.27,173.29,172.87,173.06,859.41,114
2026-06-15 07:40:00+00:00,173.03,173.23,172.82,173.2,325.08,80
2026-06-15 07:41:00+00:00,173.24,173.31,172.91,173.11,956.99,114
2026-06-15 07:42:00+00:00,173.14,173.14,172.87,172.98,272.57,59
2026-06-15 07:43:00+00:00,172.96,173.06,172.87,172.87,267.49,59
2026-06-15 07:44:00+00:00,172.87,172.99,172.55,172.67,2133.89,262
2026-06-15 07:45:00+00:00,172.7,172.71,172.27,172.27,604.04,118
2026-06-15 07:46:00+00:00,172.3,172.47,172.06,172.1,227.99,69
2026-06-15 07:47:00+00:00,172.1,172.15,171.77,171.85,1104.54,137
2026-06-15 07:48:00+00:00,171.93,171.96,171.78,171.95,178.93,51
2026-06-15 07:49:00+00:00,171.89,171.92,171.53,171.72,5024.06,239
2026-06-15 07:50:00+00:00,171.67,171.9,171.5,171.86,652.14,151
2026-06-15 07:51:00+00:00,171.85,171.85,171.54,171.6,160.61,71
2026-06-15 07:52:00+00:00,171.56,171.74,171.53,171.72,397.78,51
2026-06-15 07:53:00+00:00,171.74,171.79,171.63,171.69,599.93,71
2026-06-15 07:54:00+00:00,171.75,171.79,171.53,171.59,188.73,55
2026-06-15 07:55:00+00:00,171.61,171.91,171.51,171.88,1233.56,129
2026-06-15 07:56:00+00:00,171.89,172.07,171.79,172.0,2549.2,247
2026-06-15 07:57:00+00:00,172.0,172.0,171.62,171.62,452.38,133
2026-06-15 07:58:00+00:00,171.66,171.66,171.45,171.46,250.22,100
2026-06-15 07:59:00+00:00,171.45,171.45,171.14,171.14,620.94,151
2026-06-15 08:00:00+00:00,171.18,171.32,169.84,170.91,9532.96,915
2026-06-15 08:01:00+00:00,170.81,170.92,170.1,170.69,5257.06,504
2026-06-15 08:02:00+00:00,170.64,170.78,170.18,170.28,4827.93,386
2026-06-15 08:03:00+00:00,170.31,170.39,169.04,169.04,3361.78,386
2026-06-15 08:04:00+00:00,169.04,170.67,168.82,169.89,2286.42,327
2026-06-15 08:05:00+00:00,169.87,170.96,169.56,170.71,1991.54,358
2026-06-15 08:06:00+00:00,170.7,170.71,170.4,170.47,1055.15,101
2026-06-15 08:07:00+00:00,170.73,170.91,170.38,170.43,393.33,95
2026-06-15 08:08:00+00:00,170.43,170.65,170.17,170.39,451.66,91
2026-06-15 08:09:00+00:00,170.33,170.62,170.16,170.16,310.51,102
2026-06-15 08:10:00+00:00,170.21,170.6,169.94,170.38,2477.07,132
2026-06-15 08:11:00+00:00,170.49,170.54,170.23,170.27,6521.64,288
2026-06-15 08:12:00+00:00,170.34,170.51,170.27,170.51,3225.28,201
2026-06-15 08:13:00+00:00,170.5,170.51,170.06,170.13,320.51,111
2026-06-15 08:14:00+00:00,170.06,170.23,169.92,170.11,328.76,77
2026-06-15 08:15:00+00:00,170.17,170.27,170.13,170.13,3146.36,104
2026-06-15 08:16:00+00:00,170.21,170.27,170.1,170.11,404.39,72
2026-06-15 08:17:00+00:00,170.14,170.16,169.94,170.0,455.56,64
2026-06-15 08:18:00+00:00,170.03,170.16,169.93,170.06,768.53,125
2026-06-15 08:19:00+00:00,170.07,170.17,170.05,170.08,4280.58,112
2026-06-15 08:20:00+00:00,170.07,170.1,170.0,170.06,471.15,50
2026-06-15 08:21:00+00:00,170.09,170.11,170.01,170.09,142.05,28
2026-06-15 08:22:00+00:00,169.99,169.99,169.37,169.39,2635.71,119
2026-06-15 08:23:00+00:00,169.39,169.6,168.89,169.6,4915.38,316
2026-06-15 08:24:00+00:00,169.62,169.81,169.51,169.51,218.61,68
2026-06-15 08:25:00+00:00,169.47,169.85,169.47,169.73,170.2,53
2026-06-15 08:26:00+00:00,169.75,169.9,169.75,169.88,102.71,30
2026-06-15 08:27:00+00:00,169.92,170.19,169.92,170.03,436.33,90
2026-06-15 08:28:00+00:00,170.07,170.07,169.85,169.87,386.44,47
2026-06-15 08:29:00+00:00,169.86,169.94,169.76,169.88,38.39,27
2026-06-15 08:30:00+00:00,169.85,170.16,169.73,170.13,411.3,61
2026-06-15 08:31:00+00:00,170.14,170.23,170.08,170.15,192.25,31
2026-06-15 08:32:00+00:00,170.18,170.23,170.0,170.06,42.39,32
2026-06-15 08:33:00+00:00,170.05,170.19,170.05,170.16,81.2,36
2026-06-15 08:34:00+00:00,170.12,170.12,169.95,170.09,58.12,29
2026-06-15 08:35:00+00:00,170.17,170.23,170.09,170.21,45.8,20
2026-06-15 08:36:00+00:00,170.18,170.21,170.03,170.13,1685.95,93
2026-06-15 08:37:00+00:00,170.2,170.24,170.11,170.2,684.49,60
2026-06-15 08:38:00+00:00,170.17,170.24,170.16,170.24,693.47,34
2026-06-15 08:39:00+00:00,170.22,170.25,170.2,170.24,2164.26,52
2026-06-15 08:40:00+00:00,170.23,170.27,170.2,170.2,3795.2,126
2026-06-15 08:41:00+00:00,170.2,170.29,170.2,170.23,2569.53,143
2026-06-15 08:42:00+00:00,170.24,170.64,170.21,170.63,329.92,61
2026-06-15 08:43:00+00:00,170.64,170.99,170.62,170.95,1375.98,97
2026-06-15 08:44:00+00:00,170.98,171.2,170.95,171.11,3152.05,126
2026-06-15 08:45:00+00:00,171.11,171.13,170.18,170.29,3142.48,204
2026-06-15 08:46:00+00:00,170.33,170.34,170.0,170.24,1606.14,105
2026-06-15 08:47:00+00:00,170.07,170.2,170.05,170.2,711.18,99
2026-06-15 08:48:00+00:00,170.29,170.29,170.1,170.1,216.53,36
2026-06-15 08:49:00+00:00,170.13,170.19,170.1,170.19,338.98,57
2026-06-15 08:50:00+00:00,170.2,170.27,170.0,170.0,277.22,52
2026-06-15 08:51:00+00:00,170.01,170.08,169.74,169.94,119.56,62
2026-06-15 08:52:00+00:00,169.99,170.07,169.91,169.91,389.48,52
2026-06-15 08:53:00+00:00,169.94,170.04,169.92,169.99,838.0,44
2026-06-15 08:54:00+00:00,170.0,170.09,169.98,170.09,281.99,44
2026-06-15 08:55:00+00:00,170.08,170.16,170.05,170.14,68.41,32
2026-06-15 08:56:00+00:00,170.16,170.16,170.04,170.14,219.59,49
2026-06-15 08:57:00+00:00,170.14,170.16,170.06,170.06,178.69,45
2026-06-15 08:58:00+00:00,170.06,170.12,169.84,170.12,1534.0,109
2026-06-15 08:59:00+00:00,170.11,170.12,169.93,170.07,1075.11,129
2026-06-15 09:00:00+00:00,170.1,170.17,170.08,170.09,567.02,61
2026-06-15 09:01:00+00:00,170.08,170.12,170.04,170.1,644.55,59
2026-06-15 09:02:00+00:00,170.1,170.11,170.0,170.0,392.9,49
2026-06-15 09:03:00+00:00,169.98,170.05,169.9,169.93,517.08,50
2026-06-15 09:04:00+00:00,169.94,169.96,169.86,169.96,50.33,38
2026-06-15 09:05:00+00:00,169.97,169.97,169.7,169.75,99.47,50
2026-06-15 09:06:00+00:00,169.75,170.55,169.74,169.96,13773.69,394
2026-06-15 09:07:00+00:00,169.97,170.05,169.91,169.91,2789.27,202
2026-06-15 09:08:00+00:00,169.92,169.98,169.85,169.88,1179.68,81
2026-06-15 09:09:00+00:00,169.93,170.12,169.93,170.08,2467.76,93
2026-06-15 09:10:00+00:00,170.1,170.15,170.09,170.13,759.78,40
2026-06-15 09:11:00+00:00,170.12,170.17,170.09,170.13,734.57,55
2026-06-15 09:12:00+00:00,170.14,170.23,170.12,170.22,489.0,58
2026-06-15 09:13:00+00:00,170.23,170.32,170.15,170.26,1397.67,70
2026-06-15 09:14:00+00:00,170.26,170.73,170.18,170.73,953.18,78
2026-06-15 09:15:00+00:00,170.73,171.15,170.72,170.81,1795.79,213
2026-06-15 09:16:00+00:00,170.81,170.81,170.45,170.45,304.86,75
2026-06-15 09:17:00+00:00,170.5,170.64,170.44,170.44,521.01,64
2026-06-15 09:18:00+00:00,170.45,170.88,170.44,170.88,241.24,40
2026-06-15 09:19:00+00:00,170.96,171.37,170.92,171.24,3758.04,251
2026-06-15 09:20:00+00:00,171.24,171.5,171.24,171.44,2376.36,312
2026-06-15 09:21:00+00:00,171.44,171.46,171.12,171.28,3417.78,255
2026-06-15 09:22:00+00:00,171.29,171.3,170.91,171.24,1887.08,156
2026-06-15 09:23:00+00:00,171.25,171.53,171.22,171.46,1409.63,189
2026-06-15 09:24:00+00:00,171.49,172.18,171.49,172.18,1967.92,352
2026-06-15 09:25:00+00:00,172.19,172.66,172.16,172.49,6803.45,517
2026-06-15 09:26:00+00:00,172.48,172.55,171.91,171.93,2973.52,335
2026-06-15 09:27:00+00:00,171.92,172.34,171.8,171.89,1108.71,194
2026-06-15 09:28:00+00:00,171.87,172.22,171.75,172.14,3894.55,275
2026-06-15 09:29:00+00:00,172.14,172.53,172.14,172.24,6095.86,413
2026-06-15 09:30:00+00:00,172.28,172.48,172.17,172.47,3078.88,230
2026-06-15 09:31:00+00:00,172.47,172.56,171.86,172.06,4231.35,412
2026-06-15 09:32:00+00:00,172.06,172.26,171.96,171.98,2578.59,305
2026-06-15 09:33:00+00:00,171.97,172.28,171.96,172.2,721.66,110
2026-06-15 09:34:00+00:00,172.21,172.33,172.11,172.22,3812.5,299
2026-06-15 09:35:00+00:00,172.3,172.78,172.29,172.64,6024.89,533
2026-06-15 09:36:00+00:00,172.64,172.88,172.55,172.7,2126.42,238
2026-06-15 09:37:00+00:00,172.68,172.68,172.34,172.59,1646.75,168
2026-06-15 09:38:00+00:00,172.6,172.64,172.14,172.15,2723.35,257
2026-06-15 09:39:00+00:00,172.15,172.21,171.49,171.49,3450.78,188
2026-06-15 09:40:00+00:00,171.52,171.93,171.47,171.93,21783.93,737
2026-06-15 09:41:00+00:00,171.96,171.96,171.74,171.78,3397.67,242
2026-06-15 09:42:00+00:00,171.78,171.83,171.49,171.69,5908.47,273
2026-06-15 09:43:00+00:00,171.71,171.82,171.29,171.35,6488.36,378
2026-06-15 09:44:00+00:00,171.35,171.47,171.15,171.44,7933.48,349
2026-06-15 09:45:00+00:00,171.45,171.47,171.05,171.12,1403.98,160
2026-06-15 09:46:00+00:00,171.1,171.25,171.07,171.25,156.87,48
2026-06-15 09:47:00+00:00,171.21,171.28,171.01,171.05,222.98,40
2026-06-15 09:48:00+00:00,171.14,171.18,171.02,171.18,182.79,52
2026-06-15 09:49:00+00:00,171.1,171.19,170.79,170.98,1557.41,142
2026-06-15 09:50:00+00:00,170.98,171.01,170.82,170.97,140.6,38
2026-06-15 09:51:00+00:00,170.97,171.14,170.94,171.14,144.7,40
2026-06-15 09:52:00+00:00,171.15,171.26,170.95,170.95,348.18,61
2026-06-15 09:53:00+00:00,170.98,171.01,170.82,170.94,678.81,55
2026-06-15 09:54:00+00:00,170.97,171.0,170.55,170.58,1200.15,89
2026-06-15 09:55:00+00:00,170.62,171.28,170.59,171.1,1068.06,142
2026-06-15 09:56:00+00:00,171.1,171.28,171.06,171.22,297.67,65
2026-06-15 09:57:00+00:00,171.2,171.2,170.71,170.78,1442.7,146
2026-06-15 09:58:00+00:00,170.77,171.14,170.77,171.14,295.58,72
2026-06-15 09:59:00+00:00,171.09,171.12,170.68,170.68,515.28,82
2026-06-15 10:00:00+00:00,170.68,171.26,170.62,171.14,817.04,118
2026-06-15 10:01:00+00:00,171.24,171.27,170.89,170.95,379.93,67
2026-06-15 10:02:00+00:00,170.95,171.02,170.56,170.6,387.39,75
2026-06-15 10:03:00+00:00,170.54,170.6,170.2,170.2,922.34,116
2026-06-15 10:04:00+00:00,170.26,170.47,170.16,170.47,658.13,77
2026-06-15 10:05:00+00:00,170.46,170.76,170.45,170.55,770.91,83
2026-06-15 10:06:00+00:00,170.56,170.56,170.23,170.23,845.0,68
2026-06-15 10:07:00+00:00,170.27,170.47,170.21,170.36,1098.0,109
2026-06-15 10:08:00+00:00,170.4,170.51,170.13,170.5,2042.5,151
2026-06-15 10:09:00+00:00,170.44,170.96,170.42,170.82,1077.33,158
2026-06-15 10:10:00+00:00,170.87,170.87,170.45,170.54,1170.48,113
2026-06-15 10:11:00+00:00,170.51,170.58,170.39,170.54,1554.52,150
2026-06-15 10:12:00+00:00,170.54,170.54,170.44,170.49,2161.3,158
2026-06-15 10:13:00+00:00,170.49,170.57,170.44,170.49,1860.19,192
2026-06-15 10:14:00+00:00,170.51,170.72,170.45,170.72,1578.6,119
2026-06-15 10:15:00+00:00,170.73,170.84,170.65,170.79,1665.87,177
2026-06-15 10:16:00+00:00,170.79,170.84,170.56,170.6,322.82,61
2026-06-15 10:17:00+00:00,170.63,170.71,170.52,170.64,1381.95,135
2026-06-15 10:18:00+00:00,170.64,170.64,170.2,170.43,292.35,72
2026-06-15 10:19:00+00:00,170.44,170.44,170.1,170.19,628.51,82
2026-06-15 10:20:00+00:00,170.19,170.29,170.14,170.24,2543.81,223
2026-06-15 10:21:00+00:00,170.24,170.56,170.24,170.56,4137.5,262
2026-06-15 10:22:00+00:00,170.51,170.69,170.46,170.49,1473.64,141
2026-06-15 10:23:00+00:00,170.49,170.57,170.25,170.25,912.08,75
2026-06-15 10:24:00+00:00,170.2,170.62,170.18,170.58,1161.0,119
2026-06-15 10:25:00+00:00,170.58,170.61,170.27,170.39,145.3,45
2026-06-15 10:26:00+00:00,170.4,170.47,170.3,170.3,497.12,40
2026-06-15 10:27:00+00:00,170.34,170.35,170.18,170.19,463.39,57
2026-06-15 10:28:00+00:00,170.23,170.23,170.1,170.22,231.17,50
2026-06-15 10:29:00+00:00,170.2,170.22,170.0,170.05,352.12,76
2026-06-15 10:30:00+00:00,170.04,170.26,170.03,170.19,526.52,79
2026-06-15 10:31:00+00:00,170.18,170.27,170.0,170.11,920.85,103
2026-06-15 10:32:00+00:00,170.11,170.11,169.98,170.0,1694.45,94
2026-06-15 10:33:00+00:00,170.0,170.25,169.97,170.21,1500.8,113
2026-06-15 10:34:00+00:00,170.15,170.78,170.15,170.75,1521.67,124
2026-06-15 10:35:00+00:00,170.74,170.9,170.61,170.77,370.19,68
2026-06-15 10:36:00+00:00,170.8,170.9,170.57,170.6,224.85,47
2026-06-15 10:37:00+00:00,170.65,170.76,170.5,170.66,843.63,80
2026-06-15 10:38:00+00:00,170.66,170.72,170.54,170.65,548.93,75
2026-06-15 10:39:00+00:00,170.67,170.67,170.24,170.47,393.96,72
2026-06-15 10:40:00+00:00,170.49,170.54,170.36,170.38,236.85,46
2026-06-15 10:41:00+00:00,170.38,170.43,170.2,170.2,49.99,33
2026-06-15 10:42:00+00:00,170.26,170.37,170.19,170.26,279.57,35
2026-06-15 10:43:00+00:00,170.24,170.24,170.08,170.2,508.28,72
2026-06-15 10:44:00+00:00,170.19,170.2,170.1,170.2,339.32,57
2026-06-15 10:45:00+00:00,170.11,170.17,169.93,169.94,161.21,50
2026-06-15 10:46:00+00:00,169.93,170.24,169.78,170.07,440.91,73
2026-06-15 10:47:00+00:00,170.06,170.08,169.93,170.06,194.0,43
2026-06-15 10:48:00+00:00,170.06,170.17,169.93,169.93,100.86,34
2026-06-15 10:49:00+00:00,169.96,170.13,169.96,170.13,596.38,75
2026-06-15 10:50:00+00:00,170.13,170.19,170.02,170.12,1167.43,76
2026-06-15 10:51:00+00:00,170.13,170.13,170.04,170.09,832.97,61
2026-06-15 10:52:00+00:00,170.07,170.07,169.18,169.21,932.91,89
2026-06-15 10:53:00+00:00,169.21,169.26,169.03,169.2,1893.49,131
2026-06-15 10:54:00+00:00,169.2,169.26,169.17,169.23,206.93,54
2026-06-15 10:55:00+00:00,169.22,169.3,169.1,169.11,267.53,47
2026-06-15 10:56:00+00:00,169.13,169.21,168.69,168.8,1487.22,174
2026-06-15 10:57:00+00:00,168.85,169.08,168.84,168.91,658.99,99
2026-06-15 10:58:00+00:00,168.87,168.87,168.65,168.79,421.51,74
2026-06-15 10:59:00+00:00,168.79,168.87,168.71,168.75,751.83,60
2026-06-15 11:00:00+00:00,168.79,169.68,168.77,169.39,2021.98,248
2026-06-15 11:01:00+00:00,169.37,169.61,169.13,169.61,811.2,73
2026-06-15 11:02:00+00:00,169.62,169.62,169.2,169.47,1004.84,109
2026-06-15 11:03:00+00:00,169.44,169.54,169.27,169.46,1067.67,95
2026-06-15 11:04:00+00:00,169.46,169.5,169.31,169.48,942.44,55
2026-06-15 11:05:00+00:00,169.49,169.6,169.37,169.45,2260.67,107
2026-06-15 11:06:00+00:00,169.51,169.62,169.44,169.55,2509.6,95
2026-06-15 11:07:00+00:00,169.55,169.81,169.55,169.8,206.31,52
2026-06-15 11:08:00+00:00,169.79,170.1,169.79,170.1,991.26,93
2026-06-15 11:09:00+00:00,170.11,170.13,170.1,170.12,1539.87,120
2026-06-15 11:10:00+00:00,170.12,170.28,170.12,170.26,1385.14,107
2026-06-15 11:11:00+00:00,170.23,170.26,169.94,169.95,2057.77,173
2026-06-15 11:12:00+00:00,169.96,169.96,169.77,169.8,3935.4,143
2026-06-15 11:13:00+00:00,169.81,170.02,169.81,169.89,632.27,86
2026-06-15 11:14:00+00:00,169.88,169.91,169.74,169.88,856.97,117
2026-06-15 11:15:00+00:00,169.91,169.98,169.88,169.89,396.83,59
2026-06-15 11:16:00+00:00,169.93,169.94,169.89,169.93,103.41,32
2026-06-15 11:17:00+00:00,169.95,169.99,169.88,169.9,259.18,41
2026-06-15 11:18:00+00:00,169.89,169.92,169.69,169.73,192.26,39
2026-06-15 11:19:00+00:00,169.69,169.69,169.32,169.35,580.84,80
2026-06-15 11:20:00+00:00,169.35,169.45,169.35,169.4,601.4,59
2026-06-15 11:21:00+00:00,169.42,169.51,169.16,169.27,1170.67,122
2026-06-15 11:22:00+00:00,169.28,169.28,169.0,169.05,1176.07,107
2026-06-15 11:23:00+00:00,169.05,169.16,168.97,169.1,2694.93,106
2026-06-15 11:24:00+00:00,169.1,169.38,169.1,169.33,818.22,61
2026-06-15 11:25:00+00:00,169.36,169.53,169.31,169.49,1471.93,70
2026-06-15 11:26:00+00:00,169.49,169.66,169.48,169.58,2514.78,84
2026-06-15 11:27:00+00:00,169.62,169.62,169.32,169.32,360.57,59
2026-06-15 11:28:00+00:00,169.37,169.53,169.32,169.34,738.1,67
2026-06-15 11:29:00+00:00,169.35,169.35,169.26,169.27,209.95,33
2026-06-15 11:30:00+00:00,169.27,169.53,169.09,169.1,450.26,79
2026-06-15 11:31:00+00:00,169.12,169.22,168.65,168.7,984.91,136
2026-06-15 11:32:00+00:00,168.73,168.87,168.49,168.49,6641.56,293
2026-06-15 11:33:00+00:00,168.52,168.52,167.71,167.98,23615.71,781
2026-06-15 11:34:00+00:00,167.98,168.16,167.9,167.9,1153.18,146
2026-06-15 11:35:00+00:00,167.89,167.93,167.5,167.84,1391.03,233
2026-06-15 11:36:00+00:00,167.86,168.0,167.5,167.5,932.76,144
2026-06-15 11:37:00+00:00,167.59,168.21,167.33,168.16,3491.22,345
2026-06-15 11:38:00+00:00,168.16,168.47,168.16,168.46,1528.55,203
2026-06-15 11:39:00+00:00,168.47,168.51,168.2,168.33,987.37,88
2026-06-15 11:40:00+00:00,168.34,168.4,167.99,168.19,658.9,83
2026-06-15 11:41:00+00:00,168.18,168.73,168.18,168.71,763.76,82
2026-06-15 11:42:00+00:00,168.7,168.9,168.69,168.88,1809.66,88
2026-06-15 11:43:00+00:00,168.88,169.1,168.75,169.1,1861.85,141
2026-06-15 11:44:00+00:00,169.1,169.23,168.65,168.93,941.5,125
2026-06-15 11:45:00+00:00,168.98,169.37,168.97,169.37,363.08,63
2026-06-15 11:46:00+00:00,169.36,169.55,169.24,169.54,2693.87,135
2026-06-15 11:47:00+00:00,169.49,169.63,169.24,169.6,2663.95,188
2026-06-15 11:48:00+00:00,169.58,169.61,169.3,169.5,1482.69,148
2026-06-15 11:49:00+00:00,169.45,169.48,169.22,169.39,709.11,99
2026-06-15 11:50:00+00:00,169.38,169.79,169.38,169.79,902.8,58
2026-06-15 11:51:00+00:00,169.79,170.01,169.79,170.01,624.91,123
2026-06-15 11:52:00+00:00,170.0,170.11,169.92,170.02,1489.82,137
2026-06-15 11:53:00+00:00,170.03,170.07,169.69,170.07,778.87,114
2026-06-15 11:54:00+00:00,170.02,170.1,169.88,170.05,956.35,113
2026-06-15 11:55:00+00:00,170.0,170.38,169.91,170.0,1719.3,145
2026-06-15 11:56:00+00:00,170.0,170.06,169.62,169.62,6420.55,258
2026-06-15 11:57:00+00:00,169.66,169.97,169.54,169.54,9674.96,337
2026-06-15 11:58:00+00:00,169.62,169.7,169.37,169.37,193.37,25
2026-06-15 11:59:00+00:00,169.34,169.53,169.3,169.32,1302.85,78
2026-06-15 12:00:00+00:00,169.35,169.71,169.34,169.52,2506.47,141
2026-06-15 12:01:00+00:00,169.53,169.65,169.34,169.55,742.75,89
2026-06-15 12:02:00+00:00,169.54,169.7,169.47,169.62,763.59,93
2026-06-15 12:03:00+00:00,169.63,170.0,169.57,170.0,369.93,104
2026-06-15 12:04:00+00:00,170.0,170.18,169.93,170.17,1692.32,99
2026-06-15 12:05:00+00:00,170.15,170.63,170.0,170.63,1740.43,110
2026-06-15 12:06:00+00:00,170.61,170.74,170.61,170.7,3923.58,340
2026-06-15 12:07:00+00:00,170.69,170.88,170.69,170.74,569.94,74
2026-06-15 12:08:00+00:00,170.75,170.84,170.63,170.71,744.2,88
2026-06-15 12:09:00+00:00,170.7,170.74,170.4,170.45,815.69,93
2026-06-15 12:10:00+00:00,170.5,170.55,170.29,170.4,535.35,84
2026-06-15 12:11:00+00:00,170.4,170.52,170.37,170.51,270.48,56
2026-06-15 12:12:00+00:00,170.5,170.74,170.33,170.64,226.56,48
2026-06-15 12:13:00+00:00,170.65,170.86,170.56,170.58,1431.21,81
2026-06-15 12:14:00+00:00,170.61,170.64,170.5,170.62,254.47,49
2026-06-15 12:15:00+00:00,170.62,170.73,170.56,170.6,511.11,59
2026-06-15 12:16:00+00:00,170.58,170.61,170.25,170.25,185.54,33
2026-06-15 12:17:00+00:00,170.25,170.26,169.56,169.7,305.82,66
2026-06-15 12:18:00+00:00,169.71,170.0,169.66,170.0,696.94,69
2026-06-15 12:19:00+00:00,169.99,170.09,169.98,170.07,287.94,39
2026-06-15 12:20:00+00:00,170.06,170.09,170.03,170.06,378.85,44
2026-06-15 12:21:00+00:00,170.05,170.07,169.98,170.02,247.76,30
2026-06-15 12:22:00+00:00,170.01,170.11,170.01,170.04,487.44,59
2026-06-15 12:23:00+00:00,170.04,170.05,170.03,170.03,298.88,40
2026-06-15 12:24:00+00:00,170.0,170.04,169.55,169.64,92.33,37
2026-06-15 12:25:00+00:00,169.66,169.74,169.39,169.39,344.52,53
2026-06-15 12:26:00+00:00,169.42,169.97,169.38,169.92,544.74,80
2026-06-15 12:27:00+00:00,169.96,170.05,169.87,170.05,18522.23,502
2026-06-15 12:28:00+00:00,170.05,170.07,169.19,169.6,3894.52,264
2026-06-15 12:29:00+00:00,169.51,169.87,169.42,169.85,1992.68,137
2026-06-15 12:30:00+00:00,169.88,170.1,169.73,170.1,3113.24,125
2026-06-15 12:31:00+00:00,170.11,170.45,170.1,170.1,896.18,95
2026-06-15 12:32:00+00:00,170.1,170.23,170.03,170.05,329.74,56
2026-06-15 12:33:00+00:00,170.06,170.18,170.0,170.08,95.72,37
2026-06-15 12:34:00+00:00,170.11,170.46,170.1,170.44,292.53,29
2026-06-15 12:35:00+00:00,170.42,170.45,170.29,170.33,487.83,43
2026-06-15 12:36:00+00:00,170.32,170.46,170.31,170.44,281.72,46
2026-06-15 12:37:00+00:00,170.42,170.59,170.39,170.48,550.18,60
2026-06-15 12:38:00+00:00,170.48,170.57,170.44,170.56,8561.85,251
2026-06-15 12:39:00+00:00,170.57,171.08,170.56,170.82,1138.25,122
2026-06-15 12:40:00+00:00,170.68,170.99,170.57,170.99,424.03,55
2026-06-15 12:41:00+00:00,171.01,171.4,170.98,171.4,724.7,87
2026-06-15 12:42:00+00:00,171.4,171.47,171.15,171.32,1281.98,120
2026-06-15 12:43:00+00:00,171.32,171.4,170.47,170.91,5485.39,399
2026-06-15 12:44:00+00:00,170.9,171.24,170.06,170.54,7284.84,440
2026-06-15 12:45:00+00:00,170.51,170.51,170.09,170.38,770.25,167
2026-06-15 12:46:00+00:00,170.45,170.71,170.38,170.63,744.31,89
2026-06-15 12:47:00+00:00,170.68,170.76,170.6,170.71,456.06,65
2026-06-15 12:48:00+00:00,170.71,171.13,170.7,171.05,187.92,61
2026-06-15 12:49:00+00:00,171.03,171.04,171.0,171.02,149.03,41
2026-06-15 12:50:00+00:00,171.04,171.11,170.92,171.1,468.86,72
2026-06-15 12:51:00+00:00,171.09,171.12,170.75,170.94,140.13,40
2026-06-15 12:52:00+00:00,170.94,171.09,170.94,171.09,339.17,44
2026-06-15 12:53:00+00:00,171.08,171.12,171.04,171.04,150.14,26
2026-06-15 12:54:00+00:00,171.07,171.09,170.93,171.01,249.35,42
2026-06-15 12:55:00+00:00,171.03,171.08,170.96,171.08,182.78,37
2026-06-15 12:56:00+00:00,171.05,171.15,171.0,171.1,343.38,48
2026-06-15 12:57:00+00:00,171.06,171.07,170.9,170.91,168.14,35
2026-06-15 12:58:00+00:00,170.86,171.09,170.37,170.57,2597.31,201
2026-06-15 12:59:00+00:00,170.54,170.9,170.42,170.44,929.66,98
2026-06-15 13:00:00+00:00,170.41,170.43,170.03,170.13,568.34,106
2026-06-15 13:01:00+00:00,170.02,170.15,169.49,170.02,3663.96,306
2026-06-15 13:02:00+00:00,170.01,170.03,169.69,169.8,562.25,81
2026-06-15 13:03:00+00:00,169.82,169.96,169.79,169.96,2154.74,196
2026-06-15 13:04:00+00:00,169.95,170.01,169.4,169.63,245.31,57
2026-06-15 13:05:00+00:00,169.52,170.1,169.52,170.1,1396.94,103
2026-06-15 13:06:00+00:00,170.1,170.1,169.78,169.78,1315.59,149
2026-06-15 13:07:00+00:00,169.79,170.07,169.7,170.07,242.0,59
2026-06-15 13:08:00+00:00,170.08,170.14,169.8,170.08,188.17,70
2026-06-15 13:09:00+00:00,170.05,170.05,169.16,169.55,5396.58,392
2026-06-15 13:10:00+00:00,169.56,169.8,169.55,169.67,585.01,97
2026-06-15 13:11:00+00:00,169.7,169.86,169.69,169.76,396.43,67
2026-06-15 13:12:00+00:00,169.74,169.98,169.73,169.94,150.7,54
2026-06-15 13:13:00+00:00,169.97,170.05,169.9,170.03,232.88,57
2026-06-15 13:14:00+00:00,170.04,170.09,169.95,170.05,1268.5,74
2026-06-15 13:15:00+00:00,170.04,170.05,169.8,169.9,1923.0,99
2026-06-15 13:16:00+00:00,169.92,170.06,169.92,169.98,842.05,69
2026-06-15 13:17:00+00:00,169.98,170.05,169.93,170.01,224.4,44
2026-06-15 13:18:00+00:00,170.02,170.07,169.97,169.99,55.16,32
2026-06-15 13:19:00+00:00,170.01,170.01,169.82,169.88,255.68,71
2026-06-15 13:20:00+00:00,169.87,169.9,169.45,169.58,432.16,84
2026-06-15 13:21:00+00:00,169.56,169.59,169.32,169.55,227.35,41
2026-06-15 13:22:00+00:00,169.52,169.88,169.52,169.84,610.84,82
2026-06-15 13:23:00+00:00,169.84,170.19,169.66,169.78,424.6,119
2026-06-15 13:24:00+00:00,169.77,170.12,169.71,169.82,578.4,89
2026-06-15 13:25:00+00:00,169.78,171.8,169.71,171.41,15553.44,632
2026-06-15 13:26:00+00:00,171.39,171.39,169.86,170.33,3950.24,368
2026-06-15 13:27:00+00:00,170.32,170.81,170.32,170.53,2817.98,212
2026-06-15 13:28:00+00:00,170.43,171.53,170.43,171.43,4281.95,339
2026-06-15 13:29:00+00:00,171.46,171.96,171.46,171.75,6351.29,332
2026-06-15 13:30:00+00:00,171.75,174.47,170.89,174.09,60673.45,2708
2026-06-15 13:31:00+00:00,174.09,174.48,173.47,173.78,16362.14,958
2026-06-15 13:32:00+00:00,173.83,173.91,173.15,173.48,9012.06,511
2026-06-15 13:33:00+00:00,173.48,173.74,170.99,171.04,17467.91,1237
2026-06-15 13:34:00+00:00,170.88,171.67,170.18,170.7,10799.09,578
2026-06-15 13:35:00+00:00,170.62,171.04,169.43,169.86,7667.5,619
2026-06-15 13:36:00+00:00,169.74,169.98,168.53,168.88,6785.78,573
2026-06-15 13:37:00+00:00,168.86,169.96,168.59,169.76,8937.46,533
2026-06-15 13:38:00+00:00,169.74,170.78,169.42,170.51,8857.8,400
2026-06-15 13:39:00+00:00,170.49,170.96,170.18,170.28,7980.5,295
2026-06-15 13:40:00+00:00,170.21,170.49,169.85,169.97,3563.82,175
2026-06-15 13:41:00+00:00,169.97,170.12,169.51,169.99,3217.82,198
2026-06-15 13:42:00+00:00,169.97,170.85,169.81,170.73,3695.62,200
2026-06-15 13:43:00+00:00,170.74,170.98,170.01,170.64,3328.76,209
2026-06-15 13:44:00+00:00,170.64,172.0,170.37,171.93,4770.4,236
2026-06-15 13:45:00+00:00,171.9,172.93,171.9,172.9,8759.33,666
2026-06-15 13:46:00+00:00,172.9,173.0,172.34,172.67,5381.41,413
2026-06-15 13:47:00+00:00,172.73,173.09,172.23,172.57,3260.67,355
2026-06-15 13:48:00+00:00,172.75,172.98,172.37,172.89,2829.96,329
2026-06-15 13:49:00+00:00,172.9,173.85,172.76,173.77,8280.38,681
2026-06-15 13:50:00+00:00,173.76,174.36,173.3,173.81,11316.7,658
2026-06-15 13:51:00+00:00,173.88,173.88,173.31,173.61,4642.59,301
2026-06-15 13:52:00+00:00,173.61,173.72,172.79,173.2,5439.43,393
2026-06-15 13:53:00+00:00,173.16,174.23,173.07,174.1,6099.89,402
2026-06-15 13:54:00+00:00,174.04,174.11,173.24,173.4,2974.37,268
2026-06-15 13:55:00+00:00,173.51,174.59,173.43,174.52,19748.36,662
2026-06-15 13:56:00+00:00,174.52,174.88,174.34,174.84,8667.62,426
2026-06-15 13:57:00+00:00,174.87,174.92,174.25,174.29,14106.31,578
2026-06-15 13:58:00+00:00,174.32,174.6,174.01,174.22,10622.27,679
2026-06-15 13:59:00+00:00,174.21,174.4,173.52,173.6,9492.21,581
2026-06-15 14:00:00+00:00,173.6,173.63,172.95,173.24,11808.92,499
2026-06-15 14:01:00+00:00,173.19,173.5,173.0,173.5,16828.07,633
2026-06-15 14:02:00+00:00,173.5,173.5,173.02,173.08,12512.11,472
2026-06-15 14:03:00+00:00,173.08,174.29,172.76,174.24,6282.59,395
2026-06-15 14:04:00+00:00,174.2,174.28,173.88,174.11,3198.12,187
2026-06-15 14:05:00+00:00,174.05,174.15,173.4,173.5,1434.78,191
2026-06-15 14:06:00+00:00,173.5,173.51,172.99,173.13,21148.51,525
2026-06-15 14:07:00+00:00,173.16,173.36,172.76,172.78,3290.41,195
2026-06-15 14:08:00+00:00,172.8,173.12,172.76,172.87,3765.72,268
2026-06-15 14:09:00+00:00,172.84,172.9,172.17,172.29,4546.83,309
2026-06-15 14:10:00+00:00,172.26,173.39,172.26,173.39,1321.75,147
2026-06-15 14:11:00+00:00,173.42,174.42,173.42,174.4,9325.32,504
2026-06-15 14:12:00+00:00,174.36,174.36,172.8,173.04,6139.96,292
2026-06-15 14:13:00+00:00,172.92,173.62,172.27,173.61,3954.76,222
2026-06-15 14:14:00+00:00,173.62,174.2,173.47,174.14,6154.28,236
2026-06-15 14:15:00+00:00,174.21,174.35,173.96,174.28,2778.56,157
2026-06-15 14:16:00+00:00,174.27,174.61,173.94,173.99,3290.31,365
2026-06-15 14:17:00+00:00,173.99,174.25,173.86,173.9,2762.11,134
2026-06-15 14:18:00+00:00,173.93,175.0,173.33,173.52,13603.36,801
2026-06-15 14:19:00+00:00,173.49,173.87,172.83,173.08,6952.12,515
2026-06-15 14:20:00+00:00,173.13,173.39,172.93,173.13,1217.04,119
2026-06-15 14:21:00+00:00,173.1,173.51,172.97,173.29,618.1,94
2026-06-15 14:22:00+00:00,173.28,173.31,172.57,172.68,2758.61,170
2026-06-15 14:23:00+00:00,172.67,172.83,171.55,171.76,4073.59,261
2026-06-15 14:24:00+00:00,171.77,171.81,170.74,171.42,13257.33,586
2026-06-15 14:25:00+00:00,171.37,171.41,170.75,171.0,1885.1,229
2026-06-15 14:26:00+00:00,171.12,171.5,170.67,171.32,2316.19,260
2026-06-15 14:27:00+00:00,171.34,171.9,171.24,171.42,2697.2,184
2026-06-15 14:28:00+00:00,171.47,171.69,171.13,171.17,657.68,96
2026-06-15 14:29:00+00:00,171.16,171.41,170.68,170.82,2120.38,148
2026-06-15 14:30:00+00:00,170.77,171.22,170.72,171.02,606.08,91
2026-06-15 14:31:00+00:00,171.02,171.09,170.72,170.96,1240.35,106
2026-06-15 14:32:00+00:00,170.8,170.97,170.34,170.53,2014.88,168
2026-06-15 14:33:00+00:00,170.51,170.52,169.58,170.0,6804.74,429
2026-06-15 14:34:00+00:00,170.06,170.43,169.4,170.08,2793.49,274
2026-06-15 14:35:00+00:00,170.08,170.55,169.78,170.45,2890.21,212
2026-06-15 14:36:00+00:00,170.45,171.11,170.38,171.03,1392.63,172
2026-06-15 14:37:00+00:00,171.07,171.57,171.07,171.57,975.78,120
2026-06-15 14:38:00+00:00,171.54,171.63,170.98,171.07,3080.58,147
2026-06-15 14:39:00+00:00,171.08,171.35,170.96,171.33,2526.82,150
2026-06-15 14:40:00+00:00,171.29,171.76,171.27,171.76,1175.49,127
2026-06-15 14:41:00+00:00,171.77,172.32,171.77,171.98,3541.47,273
2026-06-15 14:42:00+00:00,171.95,172.55,171.93,172.43,2441.86,235
2026-06-15 14:43:00+00:00,172.45,172.68,172.21,172.42,2228.33,345
2026-06-15 14:44:00+00:00,172.4,172.82,172.4,172.64,4235.91,398
2026-06-15 14:45:00+00:00,172.67,172.75,172.34,172.37,2378.21,285
2026-06-15 14:46:00+00:00,172.36,172.54,172.19,172.44,3758.82,246
2026-06-15 14:47:00+00:00,172.42,172.56,172.11,172.56,3992.68,225
2026-06-15 14:48:00+00:00,172.56,172.56,172.1,172.12,1576.16,162
2026-06-15 14:49:00+00:00,172.1,172.42,171.86,172.33,2366.23,142
2026-06-15 14:50:00+00:00,172.37,173.02,172.26,172.93,4155.55,227
2026-06-15 14:51:00+00:00,172.98,173.12,172.5,172.66,1995.99,178
2026-06-15 14:52:00+00:00,172.62,172.8,172.42,172.79,1454.24,122
2026-06-15 14:53:00+00:00,172.76,172.97,172.58,172.63,1072.54,103
2026-06-15 14:54:00+00:00,172.58,173.0,172.44,173.0,776.99,96
2026-06-15 14:55:00+00:00,172.99,173.2,172.68,173.17,2914.56,225
2026-06-15 14:56:00+00:00,173.19,173.33,172.98,173.07,1953.22,261
2026-06-15 14:57:00+00:00,173.11,173.48,172.99,173.05,2448.76,323
2026-06-15 14:58:00+00:00,173.05,173.28,172.96,173.16,1307.1,167
2026-06-15 14:59:00+00:00,173.14,173.5,173.14,173.32,996.04,113
2026-06-15 15:00:00+00:00,173.34,173.56,173.16,173.35,752.6,187
2026-06-15 15:01:00+00:00,173.39,173.66,173.34,173.55,830.94,172
2026-06-15 15:02:00+00:00,173.53,173.68,173.32,173.4,1550.86,165
2026-06-15 15:03:00+00:00,173.5,173.8,173.49,173.7,2287.92,183
2026-06-15 15:04:00+00:00,173.71,173.79,173.36,173.78,2165.59,94
2026-06-15 15:05:00+00:00,173.77,173.78,173.44,173.56,3601.97,177
2026-06-15 15:06:00+00:00,173.6,173.62,173.21,173.46,3037.93,230
2026-06-15 15:07:00+00:00,173.47,173.48,173.02,173.09,4701.68,284
2026-06-15 15:08:00+00:00,173.09,173.64,173.04,173.64,1390.04,137
2026-06-15 15:09:00+00:00,173.64,173.69,173.39,173.59,872.41,106
2026-06-15 15:10:00+00:00,173.58,173.75,173.52,173.69,687.02,93
2026-06-15 15:11:00+00:00,173.71,173.87,173.35,173.35,1553.5,162
2026-06-15 15:12:00+00:00,173.29,173.53,173.18,173.31,816.11,101
2026-06-15 15:13:00+00:00,173.36,173.73,173.36,173.73,771.83,93
2026-06-15 15:14:00+00:00,173.73,173.87,173.65,173.74,312.92,74
2026-06-15 15:15:00+00:00,173.8,173.84,173.65,173.7,632.46,106
2026-06-15 15:16:00+00:00,173.7,173.81,173.41,173.77,828.93,106
2026-06-15 15:17:00+00:00,173.78,173.86,173.71,173.71,864.18,83
2026-06-15 15:18:00+00:00,173.8,173.85,173.25,173.32,841.48,93
2026-06-15 15:19:00+00:00,173.38,173.48,173.12,173.23,3849.87,217
2026-06-15 15:20:00+00:00,173.26,173.53,173.23,173.4,876.09,92
2026-06-15 15:21:00+00:00,173.41,173.41,172.64,172.75,3815.19,260
2026-06-15 15:22:00+00:00,172.65,173.0,172.61,172.93,882.39,100
2026-06-15 15:23:00+00:00,172.93,173.29,172.84,173.26,1483.82,138
2026-06-15 15:24:00+00:00,173.26,173.62,173.19,173.62,951.46,111
2026-06-15 15:25:00+00:00,173.62,173.62,173.2,173.41,708.44,74
2026-06-15 15:26:00+00:00,173.35,173.43,173.13,173.41,558.0,74
2026-06-15 15:27:00+00:00,173.44,173.57,173.39,173.57,597.17,62
2026-06-15 15:28:00+00:00,173.6,173.76,173.59,173.76,1508.49,103
2026-06-15 15:29:00+00:00,173.77,173.9,173.47,173.64,4232.29,216
2026-06-15 15:30:00+00:00,173.66,173.66,173.34,173.5,1352.19,124
2026-06-15 15:31:00+00:00,173.59,173.98,173.59,173.88,1218.55,118
2026-06-15 15:32:00+00:00,173.94,174.0,173.88,173.99,4049.51,185
2026-06-15 15:33:00+00:00,173.97,173.97,173.65,173.66,1252.75,82
2026-06-15 15:34:00+00:00,173.66,173.94,173.66,173.92,1340.68,54
2026-06-15 15:35:00+00:00,173.92,173.98,173.8,173.87,2043.61,140
2026-06-15 15:36:00+00:00,173.87,173.99,173.79,173.94,1461.9,101
2026-06-15 15:37:00+00:00,173.92,173.99,173.85,173.88,1459.06,97
2026-06-15 15:38:00+00:00,173.88,173.88,173.6,173.68,3370.33,196
2026-06-15 15:39:00+00:00,173.79,173.89,173.5,173.89,1985.18,181
2026-06-15 15:40:00+00:00,173.86,174.32,173.62,174.23,6466.92,388
2026-06-15 15:41:00+00:00,174.23,174.48,174.11,174.45,5485.32,370
2026-06-15 15:42:00+00:00,174.44,174.49,174.19,174.32,4353.24,188
2026-06-15 15:43:00+00:00,174.32,174.42,174.1,174.42,1064.73,94
2026-06-15 15:44:00+00:00,174.45,174.53,174.27,174.47,2537.93,173
2026-06-15 15:45:00+00:00,174.46,174.47,174.27,174.45,829.27,96
2026-06-15 15:46:00+00:00,174.41,174.45,174.28,174.35,1052.06,91
2026-06-15 15:47:00+00:00,174.34,174.8,174.24,174.74,1140.37,172
2026-06-15 15:48:00+00:00,174.74,175.22,174.61,175.2,3523.92,331
2026-06-15 15:49:00+00:00,175.19,175.5,175.14,175.5,3305.51,277
2026-06-15 15:50:00+00:00,175.5,175.58,175.08,175.2,6654.8,328
2026-06-15 15:51:00+00:00,175.22,175.72,175.22,175.67,4104.87,389
2026-06-15 15:52:00+00:00,175.67,177.33,175.52,177.32,21683.98,1148
2026-06-15 15:53:00+00:00,177.32,177.32,176.78,176.94,5843.83,354
2026-06-15 15:54:00+00:00,176.94,177.97,176.94,177.87,9427.1,571
2026-06-15 15:55:00+00:00,177.87,178.0,177.02,177.36,6045.15,437
2026-06-15 15:56:00+00:00,177.38,177.66,176.41,176.41,6326.55,467
2026-06-15 15:57:00+00:00,176.46,176.76,175.5,175.66,4230.75,367
2026-06-15 15:58:00+00:00,175.66,176.17,175.27,175.28,7535.6,445
2026-06-15 15:59:00+00:00,175.35,175.94,175.3,175.8,5055.74,344
2026-06-15 16:00:00+00:00,175.79,175.85,173.81,174.53,12018.03,622
2026-06-15 16:01:00+00:00,174.46,174.95,174.09,174.92,2059.47,315
2026-06-15 16:02:00+00:00,174.92,174.97,174.6,174.73,2165.88,264
2026-06-15 16:03:00+00:00,174.64,175.16,174.42,175.04,1904.17,334
2026-06-15 16:04:00+00:00,175.03,175.4,174.79,175.17,3261.51,249
2026-06-15 16:05:00+00:00,175.22,175.61,174.95,174.95,677.95,125
2026-06-15 16:06:00+00:00,174.88,175.52,174.79,175.51,1011.2,127
2026-06-15 16:07:00+00:00,175.52,176.25,175.4,175.86,2274.99,226
2026-06-15 16:08:00+00:00,175.93,176.04,175.52,176.04,1797.31,174
2026-06-15 16:09:00+00:00,176.08,176.43,176.03,176.3,1383.04,153
2026-06-15 16:10:00+00:00,176.42,177.09,176.42,177.0,4660.72,301
2026-06-15 16:11:00+00:00,176.95,177.1,176.79,176.96,3048.55,235
2026-06-15 16:12:00+00:00,176.96,176.96,176.06,176.06,4799.53,318
2026-06-15 16:13:00+00:00,176.02,176.86,175.64,176.86,3545.63,284
2026-06-15 16:14:00+00:00,176.81,177.0,176.55,176.98,2254.79,155
2026-06-15 16:15:00+00:00,176.98,177.47,176.88,177.43,2245.39,192
2026-06-15 16:16:00+00:00,177.51,177.61,176.63,176.68,4140.14,290
2026-06-15 16:17:00+00:00,176.69,176.69,176.07,176.35,1055.32,133
2026-06-15 16:18:00+00:00,176.34,177.4,176.34,177.27,2052.33,232
2026-06-15 16:19:00+00:00,177.32,177.51,177.16,177.43,3326.4,210
2026-06-15 16:20:00+00:00,177.37,177.4,176.28,176.35,2961.04,216
2026-06-15 16:21:00+00:00,176.41,177.46,176.4,177.45,2857.67,197
2026-06-15 16:22:00+00:00,177.45,177.45,177.19,177.29,1207.64,170
2026-06-15 16:23:00+00:00,177.26,177.52,177.23,177.48,1065.36,185
2026-06-15 16:24:00+00:00,177.5,177.6,177.36,177.44,341.56,66
